Date,DBC,EEM,EFA,GLD,IWM,LQD,QQQ,SPY,TLT,VNQ
2007-01-03,19.330032348632812,25.6926212310791,41.08805465698242,62.279998779296875,60.121055603027344,48.67644119262695,37.00032424926758,98.62456512451172,47.85564422607422,34.003273010253906
2007-01-04,18.826475143432617,25.337831497192383,40.97066116333008,61.650001525878906,60.282569885253906,49.04229736328125,37.70199203491211,98.8338851928711,48.14582443237305,34.04736328125
2007-01-05,18.76150131225586,24.597000122070312,40.35581970214844,60.16999816894531,59.02107620239258,49.01026153564453,37.52229690551758,98.04553985595703,47.93621826171875,33.416847229003906
2007-01-08,18.858963012695312,24.775508880615234,40.411720275878906,60.47999954223633,58.79030990600586,48.996559143066406,37.5479736328125,98.49901580810547,48.022193908691406,33.46535110473633
2007-01-09,18.69652557373047,24.22211265563965,40.450843811035156,60.849998474121094,59.344139099121094,49.00571060180664,37.736228942871094,98.4153060913086,48.022193908691406,33.88862609863281
2007-01-10,18.420385360717773,24.16632080078125,40.143428802490234,60.59000015258789,59.80564498901367,48.941654205322266,38.18117904663086,98.74317932128906,47.8072395324707,34.32512664794922
2007-01-11,18.396015167236328,24.472034454345703,40.40053176879883,60.630001068115234,60.17490768432617,48.790767669677734,38.574806213378906,99.17572021484375,47.5278434753418,34.77045440673828
2007-01-12,18.826475143432617,24.969640731811523,40.85887908935547,62.16999816894531,60.75181579589844,48.74047088623047,38.7716064453125,99.92915344238281,47.30752944946289,34.88069534301758
2007-01-16,18.396015167236328,25.058895111083984,40.808563232421875,61.970001220703125,60.3441162109375,48.79533767700195,38.74592971801758,99.73384094238281,47.4096565246582,35.3745002746582
2007-01-17,18.558454513549805,24.954029083251953,40.8309326171875,62.63999938964844,60.08259582519531,48.72676467895508,38.4293327331543,99.77569580078125,47.26457214355469,35.36127471923828
2007-01-18,18.3635311126709,24.69071388244629,40.69118881225586,62.2599983215332,59.582584381103516,48.86853790283203,37.71912384033203,99.44084930419922,47.4096565246582,35.317195892333984
2007-01-19,18.639673233032227,25.13475799560547,41.188655853271484,63.0,59.8133544921875,48.84108352661133,37.79612350463867,99.63611602783203,47.28068161010742,35.6699333190918
2007-01-22,18.655916213989258,25.105756759643555,40.98184585571289,62.720001220703125,59.37493133544922,48.87309646606445,37.38539505004883,99.32921600341797,47.39347457885742,35.3701057434082
2007-01-23,19.24881362915039,25.677000045776367,41.34515380859375,64.2300033569336,59.936405181884766,48.74047088623047,37.2912712097168,99.62218475341797,47.081878662109375,35.53763961791992
2007-01-24,19.086374282836914,25.900148391723633,41.61344909667969,64.33000183105469,60.59022903442383,48.7633171081543,37.90736389160156,100.4244613647461,47.07648468017578,36.00061798095703
2007-01-25,18.915817260742188,25.103538513183594,40.9371223449707,64.05999755859375,59.828758239746094,48.60786056518555,37.41961669921875,99.24544525146484,46.73796081542969,36.221065521240234
2007-01-26,19.151351928710938,25.257495880126953,41.01537322998047,64.16999816894531,60.05183410644531,48.57585906982422,37.28269577026367,99.15479278564453,46.70037841796875,36.34009552001953
2007-01-29,18.76150131225586,24.922780990600586,41.060089111328125,63.77000045776367,60.574886322021484,48.55299758911133,37.31694793701172,99.09901428222656,46.59828186035156,36.45916748046875
2007-01-30,19.281299591064453,25.308818817138672,41.33955764770508,64.22000122070312,60.905635833740234,48.621612548828125,37.33403396606445,99.61522674560547,46.651981353759766,36.63994216918945
2007-01-31,19.48434829711914,25.505178451538086,41.49607849121094,64.83000183105469,61.036407470703125,48.827354431152344,37.710548400878906,100.28499603271484,47.044254302978516,36.93095016479492
2007-02-01,19.411252975463867,25.817584991455078,41.84260559082031,65.22000122070312,61.690223693847656,48.80760955810547,37.65066146850586,100.88490295410156,46.98762130737305,37.07643127441406
2007-02-02,19.663026809692383,25.739486694335938,41.75876998901367,64.27999877929688,61.728675842285156,48.85353469848633,37.787574768066406,101.02446746826172,47.04695510864258,37.142578125
2007-02-05,19.598052978515625,25.7640323638916,41.6246337890625,64.30999755859375,61.72099685668945,48.917816162109375,37.75333786010742,101.05236053466797,47.11170959472656,37.142578125
2007-02-06,19.50058937072754,26.018415451049805,41.94881057739258,64.79000091552734,61.87482833862305,49.04643249511719,37.70199203491211,101.08027648925781,47.370662689208984,37.689300537109375
2007-02-07,19.265056610107422,25.918001174926758,42.06618881225586,64.62999725341797,62.44405746459961,49.11529541015625,38.04426956176758,101.30349731445312,47.51089096069336,38.478538513183594
2007-02-08,19.711759567260742,25.779651641845703,41.89850616455078,65.5199966430664,62.34406280517578,49.170413970947266,38.035728454589844,101.17097473144531,47.54867935180664,38.18313217163086
2007-02-09,19.833587646484375,25.471715927124023,41.71965026855469,66.12000274658203,61.77482986450195,48.96376419067383,37.5479736328125,100.41755676269531,47.27893829345703,37.74223327636719
2007-02-12,19.459978103637695,25.29766273498535,41.557552337646484,65.66999816894531,61.6055908203125,48.97293472290039,37.40250015258789,100.07564544677734,47.171051025390625,37.058807373046875
2007-02-13,19.817340850830078,25.699325561523438,42.08855056762695,65.83999633789062,62.059452056884766,48.94074249267578,37.53085708618164,100.9197998046875,47.068546295166016,37.77749252319336
2007-02-14,19.5493221282959,26.252714157104492,42.6586799621582,66.37000274658203,62.15176010131836,49.220924377441406,38.16405487060547,101.58257293701172,47.51630401611328,37.50853729248047
2007-02-15,19.5493221282959,26.268335342407227,42.70897674560547,66.41000366210938,62.1978874206543,49.31276321411133,38.386558532714844,101.7151107788086,47.6566047668457,37.78632736206055
2007-02-16,19.890438079833984,26.32858657836914,42.692203521728516,66.36000061035156,62.436336517333984,49.363285064697266,38.25821304321289,101.66624450683594,47.823875427246094,37.689300537109375
2007-02-20,19.6711483001709,26.397756576538086,42.753700256347656,65.30999755859375,63.03632354736328,49.44136047363281,38.54912185668945,101.8825454711914,47.9317626953125,37.980308532714844
2007-02-21,20.093486785888672,26.475849151611328,42.53569412231445,67.3499984741211,63.15171813964844,49.4091796875,38.66893005371094,101.8406982421875,47.850830078125,37.85683822631836
2007-02-22,20.369630813598633,26.408905029296875,42.72574996948242,67.1500015258789,63.37478256225586,49.340328216552734,38.86574935913086,101.76395416259766,47.59189987182617,37.6540412902832
2007-02-23,20.49957847595215,26.2192440032959,42.859893798828125,67.72000122070312,63.03632354736328,49.50105285644531,38.72882843017578,101.36627197265625,47.9317626953125,36.99707794189453
2007-02-26,20.556434631347656,26.208080291748047,42.88224792480469,68.0999984741211,62.99015426635742,49.7031135559082,38.540592193603516,101.275634765625,48.25009536743164,36.8118896484375
2007-02-27,20.166584014892578,24.077072143554688,41.15511703491211,65.41000366210938,60.036441802978516,49.89597702026367,36.95754623413086,97.32003021240234,48.859798431396484,35.6699333190918
2007-02-28,20.4752140045166,24.679553985595703,41.44576644897461,66.4800033569336,60.636409759521484,49.80414962768555,37.07734298706055,98.3176040649414,48.6385383605957,35.93448257446289
2007-03-01,20.32901954650879,24.324764251708984,41.02096939086914,65.81999969482422,60.32106399536133,49.8138427734375,36.90620803833008,98.02462768554688,48.60771179199219,35.57291793823242
2007-03-02,20.1422176361084,24.099390029907227,40.46759796142578,63.709999084472656,59.12108612060547,49.95219421386719,36.34999465942383,96.74098205566406,48.851409912109375,35.008567810058594
2007-03-05,19.841707229614258,23.481281280517578,39.62920379638672,62.93000030517578,57.82111358642578,49.878387451171875,36.067626953125,95.82012176513672,48.93262481689453,33.64613342285156
2007-03-06,20.028512954711914,24.51219940185547,40.85887908935547,64.1500015258789,59.39799880981445,49.68933868408203,36.66660690307617,97.45954895019531,48.78642654418945,34.88069534301758
2007-03-07,20.304655075073242,24.36269187927246,40.87004470825195,64.30000305175781,59.205692291259766,49.735408782958984,36.52113723754883,97.36190032958984,48.97597122192383,34.391273498535156
2007-03-08,20.337142944335938,24.99195671081543,41.350738525390625,64.4800033569336,59.65183639526367,49.799983978271484,36.7692756652832,98.18507385253906,48.93262481689453,34.94242477416992
2007-03-09,20.069120407104492,25.036588668823242,41.41780090332031,64.25,60.13643264770508,49.6708984375,36.735069274902344,98.21296691894531,48.418113708496094,35.40538787841797
2007-03-12,19.8823184967041,25.159313201904297,41.68611145019531,64.37000274658203,60.3056755065918,49.77692413330078,36.974639892578125,98.35950469970703,48.60771179199219,35.58175277709961
2007-03-13,19.728002548217773,24.427413940429688,40.69118881225586,63.720001220703125,58.75957489013672,49.80464553833008,36.25586700439453,96.44795989990234,48.90013122558594,34.74400329589844
2007-03-14,19.76861000061035,24.628232955932617,40.70795822143555,63.939998626708984,59.382598876953125,49.75849914550781,36.78640365600586,97.16653442382812,48.6781005859375,34.911556243896484
2007-03-15,19.646785736083984,24.829065322875977,40.89241027832031,63.97999954223633,59.84413146972656,49.7676887512207,36.70081329345703,97.29907989501953,48.672691345214844,35.224613189697266
2007-03-16,19.69551658630371,24.61707305908203,40.94270706176758,64.62000274658203,59.436439514160156,49.57401657104492,36.672576904296875,97.02665710449219,48.66184997558594,34.832183837890625
2007-03-19,19.792978286743164,25.157079696655273,41.57432174682617,64.73999786376953,60.17490768432617,49.48183059692383,37.04932403564453,98.1962890625,48.55897903442383,35.18050765991211
2007-03-20,19.817340850830078,25.322206497192383,41.92646408081055,65.2699966430664,60.65180587768555,49.615535736083984,37.314762115478516,98.735595703125,48.58597183227539,35.32160568237305
2007-03-21,19.84983253479004,26.080894470214844,42.820762634277344,65.81999969482422,61.74406433105469,49.76310348510742,38.03399658203125,100.36052703857422,48.60771179199219,35.749290466308594
2007-03-22,20.174707412719727,25.96932601928711,42.6586799621582,65.76000213623047,61.74406433105469,49.6247673034668,37.89698791503906,100.28350067138672,48.22317123413086,35.784568786621094
2007-03-23,20.18282699584961,26.089815139770508,42.759281158447266,65.1500015258789,61.83964157104492,49.495628356933594,37.77712631225586,100.43054962158203,48.087764739990234,35.806617736816406
2007-03-26,20.272167205810547,26.074201583862305,42.77605438232422,65.83999633789062,61.7086067199707,49.5878791809082,37.931243896484375,100.2974853515625,48.14733123779297,35.23320770263672
2007-03-27,20.32901954650879,25.95816993713379,42.58600997924805,65.69999694824219,61.423465728759766,49.57865905761719,37.66581344604492,100.05939483642578,48.066070556640625,34.86513900756836
2007-03-28,20.523944854736328,25.4940242767334,42.211517333984375,66.05000305175781,60.99956512451172,49.5463752746582,37.26337814331055,99.33097076416016,47.96860885620117,34.634544372558594
2007-03-29,20.921916961669922,26.000558853149414,42.580413818359375,65.6500015258789,61.07664108276367,49.486446380615234,37.306182861328125,99.43601989746094,47.903602600097656,34.69218826293945
2007-03-30,20.6132869720459,25.996095657348633,42.64750671386719,65.73999786376953,61.230804443359375,49.467987060546875,37.271949768066406,99.45706939697266,47.81153869628906,35.188880920410156
2007-04-02,20.41023826599121,26.17461585998535,42.759281158447266,65.8499984741211,61.384910583496094,49.49672317504883,37.32331848144531,99.56908416748047,47.890907287597656,35.410587310791016
2007-04-03,20.32901954650879,26.603055953979492,43.11701202392578,65.83000183105469,62.04002380371094,49.468910217285156,37.811370849609375,100.64073944091797,47.83110046386719,35.72101593017578
2007-04-04,20.556434631347656,26.770397186279297,43.29587173461914,66.80999755859375,62.03231430053711,49.5106086730957,37.96548843383789,100.7527847290039,47.880043029785156,35.54365158081055
2007-04-05,20.597042083740234,26.79494857788086,43.452388763427734,66.86000061035156,61.99375915527344,49.408668518066406,38.15385437011719,101.02589416503906,47.70065689086914,35.50815963745117
2007-04-09,20.38587188720703,26.948915481567383,43.41883850097656,66.52999877929688,62.078529357910156,49.24652099609375,38.059688568115234,101.16606903076172,47.385345458984375,35.57469177246094
2007-04-10,20.670141220092773,27.07610511779785,43.74302673339844,67.16000366210938,62.2712287902832,49.34846115112305,38.2566032409668,101.28504180908203,47.52672576904297,35.72101593017578
2007-04-11,20.637649536132812,26.826189041137695,43.5306396484375,67.08000183105469,61.88588333129883,49.255802154541016,37.85417938232422,100.871826171875,47.49407958984375,35.188880920410156
2007-04-12,20.759477615356445,27.274696350097656,43.82127380371094,66.98999786376953,62.30203628540039,49.32991409301758,38.15385437011719,101.32008361816406,47.50495147705078,34.94938278198242
2007-04-13,20.873184204101562,27.408586502075195,43.96660614013672,67.83999633789062,62.70277404785156,49.24652099609375,38.23092269897461,101.78234100341797,47.35823440551758,35.34408950805664
2007-04-16,20.710750579833984,27.7343807220459,44.43052673339844,68.4000015258789,63.565956115722656,49.288230895996094,38.58198165893555,102.7489013671875,47.61912536621094,35.388427734375
2007-04-17,20.49957847595215,27.58486557006836,44.43612289428711,68.0,63.37331771850586,49.556915283203125,38.667598724365234,103.02206420898438,47.88547134399414,35.84962463378906
2007-04-18,20.507701873779297,27.37958526611328,44.41935729980469,68.37999725341797,63.00333023071289,49.57081985473633,38.539146423339844,103.14814758300781,48.124664306640625,35.627891540527344
2007-04-19,20.450849533081055,27.158668518066406,44.25167465209961,67.52999877929688,62.70277404785156,49.603267669677734,38.6590461730957,103.12010192871094,48.04310607910156,35.388427734375
2007-04-20,20.7351131439209,27.482223510742188,44.76030349731445,68.69999694824219,63.43491744995117,49.58932113647461,38.873085021972656,104.09370422363281,47.91810607910156,35.65449905395508
2007-04-23,20.873184204101562,27.37288475036621,44.3243408203125,68.26000213623047,63.36557388305664,49.73295211791992,38.93304443359375,103.70146942138672,48.09204864501953,36.053611755371094
2007-04-24,20.58892059326172,27.368419647216797,44.29638671875,67.7300033569336,63.33475875854492,49.85808181762695,39.12997817993164,103.74349212646484,48.271453857421875,35.809715270996094
2007-04-25,20.99501609802246,27.707599639892578,44.71000289916992,67.88999938964844,63.51203155517578,49.78855514526367,39.652278900146484,104.69602966308594,48.10293197631836,35.78752899169922
2007-04-26,20.848819732666016,27.633962631225586,44.50319290161133,66.87000274658203,63.866546630859375,49.682010650634766,39.857765197753906,104.81507873535156,47.75502395629883,35.809715270996094
2007-04-27,20.95440101623535,27.49561309814453,44.408164978027344,67.55999755859375,63.5967903137207,49.6680908203125,39.87489700317383,104.73100280761719,47.7441520690918,35.72101593017578
2007-04-30,20.767601013183594,26.964534759521484,44.24607467651367,67.08999633789062,62.224979400634766,49.909053802490234,39.35261535644531,103.86256408691406,48.244239807128906,35.14451217651367
2007-05-01,20.80821418762207,27.071651458740234,44.20135498046875,66.69000244140625,62.479331970214844,49.88107681274414,39.318359375,104.12871551513672,48.2791862487793,34.83853530883789
2007-05-02,20.645771026611328,27.609418869018555,44.53671646118164,66.66000366210938,63.31161880493164,49.867130279541016,39.746437072753906,104.73805236816406,48.25187683105469,35.113487243652344
2007-05-03,20.743234634399414,27.84149169921875,44.59821319580078,67.48999786376953,63.42726135253906,49.797298431396484,39.89201736450195,105.30541229248047,48.14278030395508,35.20661926269531
2007-05-04,20.702627182006836,27.83255958557129,45.01742935180664,68.19000244140625,63.8280143737793,49.91831970214844,39.92626190185547,105.70459747314453,48.33918380737305,34.90061950683594
2007-05-07,20.605165481567383,28.013307571411133,45.08449935913086,68.25,63.64304733276367,49.97879409790039,39.92626190185547,105.72561645507812,48.47013473510742,34.99817657470703
2007-05-08,20.4752140045166,27.64958953857422,44.715576171875,67.87999725341797,63.419525146484375,49.950904846191406,40.011898040771484,105.5855484008789,48.361026763916016,34.767578125
2007-05-09,20.369630813598633,28.095863342285156,44.961524963378906,67.44999694824219,63.67386245727539,49.87180709838867,40.09751892089844,105.87269592285156,48.17005920410156,35.14451217651367
2007-05-10,20.28841209411621,27.408586502075195,44.07281494140625,66.0,62.88776397705078,49.895057678222656,39.549522399902344,104.76605224609375,48.284629821777344,34.67444610595703
2007-05-11,20.58892059326172,28.104793548583984,44.81618881225586,66.44999694824219,63.45808792114258,49.84387969970703,40.054710388183594,105.66255950927734,48.115509033203125,35.14451217651367
2007-05-14,20.515825271606445,27.82587432861328,44.64852523803711,66.27999877929688,62.903175354003906,49.792694091796875,39.78071975708008,105.43144226074219,47.99003601074219,34.94496154785156
2007-05-15,20.718868255615234,27.859338760375977,44.72676086425781,66.54000091552734,62.40223693847656,49.68101119995117,39.47247314453125,105.45947265625,47.97366714477539,34.412811279296875
2007-05-16,20.515825271606445,28.263227462768555,44.79384994506836,65.5999984741211,62.74135208129883,49.797298431396484,39.857765197753906,106.180908203125,47.940914154052734,33.98707962036133
2007-05-17,20.68638038635254,28.16057777404785,44.56468200683594,65.05999755859375,62.2558479309082,49.64839172363281,39.66939926147461,105.97078704833984,47.74449157714844,33.39727020263672
2007-05-18,20.653898239135742,28.305622100830078,44.905643463134766,65.5199966430664,62.987953186035156,49.50885009765625,39.99477767944336,106.8952407836914,47.428062438964844,33.060245513916016
2007-05-21,20.85694122314453,28.3569393157959,44.698829650878906,65.66999816894531,63.78175735473633,49.57396697998047,40.25165939331055,106.8392105102539,47.56991195678711,33.19327926635742
2007-05-22,20.556434631347656,28.361406326293945,44.73794174194336,65.19999694824219,64.17478942871094,49.41573715209961,40.285888671875,106.75521087646484,47.324371337890625,33.685516357421875
2007-05-23,20.653898239135742,28.316774368286133,44.96710968017578,65.54000091552734,64.0052719116211,49.36921691894531,40.09751892089844,106.76924896240234,47.18800354003906,33.428314208984375
2007-05-24,20.54018783569336,27.636192321777344,44.53671646118164,64.75,63.165218353271484,49.4296989440918,39.52383804321289,105.80264282226562,47.23165512084961,32.86955642700195
2007-05-25,20.791967391967773,28.06016731262207,44.821800231933594,64.94000244140625,63.573646545410156,49.39714050292969,39.77214813232422,106.24388122558594,47.122528076171875,33.0557861328125
2007-05-29,20.337142944335938,27.964210510253906,44.87769317626953,65.06999969482422,64.15936279296875,49.299415588378906,40.08039855957031,106.62916564941406,47.117034912109375,34.23541259765625
2007-05-30,20.53207015991211,28.249835968017578,45.06773376464844,64.72000122070312,64.59091186523438,49.33665466308594,40.40576171875,107.49761199951172,47.21528625488281,35.15338134765625
2007-05-31,20.718868255615234,28.330169677734375,45.29130172729492,65.54000091552734,64.94548034667969,49.29473876953125,40.59413528442383,107.38552856445312,47.127952575683594,35.0114631652832
2007-06-01,20.873184204101562,29.03753089904785,45.58754348754883,66.44000244140625,65.27689361572266,49.10586929321289,40.61983871459961,107.91789245605469,46.88041687011719,35.06026077270508
2007-06-04,21.059988021850586,28.908105850219727,45.71051025390625,66.54000091552734,65.34622955322266,49.18535232543945,40.73969268798828,107.93192291259766,47.0940055847168,35.20216369628906
2007-06-05,20.97876739501953,28.807695388793945,45.475746154785156,66.37000274658203,65.08422088623047,49.02634811401367,40.73969268798828,107.50463104248047,46.79825210571289,34.64339828491211
2007-06-06,20.97064781188965,28.082483291625977,44.821800231933594,66.41000366210938,64.3597412109375,49.06846618652344,40.30301284790039,106.34898376464844,46.776329040527344,34.408363342285156
2007-06-07,21.07623291015625,27.64958953857422,44.0560417175293,65.26000213623047,63.026458740234375,48.54478454589844,39.677955627441406,104.42987060546875,45.938323974609375,33.32632064819336
2007-06-08,20.702627182006836,28.138267517089844,44.53671646118164,64.22000122070312,63.851131439208984,48.56819152832031,40.16600799560547,105.78865051269531,45.89995574951172,33.72542190551758
2007-06-11,21.10059928894043,28.379253387451172,44.687644958496094,64.69999694824219,63.866546630859375,48.418575286865234,40.08895492553711,105.97078704833984,45.76850891113281,33.21986770629883
2007-06-12,21.043745040893555,27.886117935180664,43.89393997192383,64.0999984741211,62.810672760009766,48.15676498413086,39.84919738769531,104.81507873535156,45.10574722290039,32.64338684082031
2007-06-13,21.311765670776367,28.443971633911133,44.464073181152344,64.52999877929688,63.65074920654297,48.36716842651367,40.285888671875,106.38401794433594,45.64252471923828,33.36622619628906
2007-06-14,21.514812469482422,28.8902587890625,44.79384994506836,64.5999984741211,64.22874450683594,48.35309600830078,40.551334381103516,107.06338500976562,45.52750778198242,33.007015228271484
2007-06-15,21.644763946533203,29.548532485961914,45.15715408325195,64.8499984741211,64.99174499511719,48.54478454589844,40.925785064697266,107.67256927490234,45.839717864990234,33.370670318603516
2007-06-18,21.644763946533203,29.57530403137207,45.4086799621582,64.94999694824219,64.86841583251953,48.5401496887207,40.93435287475586,107.54595947265625,45.74660110473633,32.85624313354492
2007-06-19,21.433597564697266,29.608779907226562,45.45341491699219,65.4800033569336,65.0379638671875,48.8533821105957,40.925785064697266,107.8132095336914,46.1738395690918,32.918338775634766
2007-06-20,21.45796012878418,29.35662269592285,44.916812896728516,64.70999908447266,63.91276550292969,48.61962127685547,40.54017639160156,106.31495666503906,45.80139923095703,31.929393768310547
2007-06-21,21.360498428344727,29.72258186340332,45.3248291015625,64.55999755859375,64.41370391845703,48.49336624145508,40.90865707397461,106.90579986572266,45.58229064941406,32.1068000793457
2007-06-22,21.311765670776367,29.32984161376953,44.698829650878906,64.77999877929688,63.90504837036133,48.62431716918945,40.52305603027344,105.89991760253906,45.878074645996094,31.987051010131836
2007-06-25,21.230545043945312,29.10670280456543,44.687644958496094,64.43000030517578,63.573646545410156,48.68041229248047,40.35166549682617,105.39346313476562,46.130001068115234,31.462600708007812
2007-06-26,20.986892700195312,28.852317810058594,44.464073181152344,63.619998931884766,63.10354232788086,48.67101287841797,40.12030029296875,104.31021881103516,46.140960693359375,31.341373443603516
2007-06-27,20.95440101623535,29.26290512084961,44.782676696777344,63.66999816894531,64.42139434814453,48.67101287841797,40.73727035522461,105.79444122314453,46.18478012084961,32.14512252807617
2007-06-28,20.88943099975586,29.26959991455078,44.81618881225586,64.26000213623047,64.41295623779297,48.61962127685547,40.72013854980469,105.78034210205078,46.1738395690918,31.978986740112305
2007-06-29,20.873184204101562,29.372243881225586,45.1459846496582,64.2699966430664,64.01140594482422,48.895484924316406,40.788673400878906,105.8155288696289,46.65037536621094,31.857738494873047
2007-07-02,21.003135681152344,29.96803855895996,45.7999382019043,65.0199966430664,64.83761596679688,48.77424621582031,41.15713882446289,106.77217864990234,46.89561080932617,32.594139099121094
2007-07-03,21.02750015258789,30.206804275512695,46.01793670654297,64.73999786376953,65.14647674560547,48.78369903564453,41.397098541259766,107.15901184082031,46.60965347290039,32.50432205200195
2007-07-05,21.222423553466797,30.340681076049805,45.78877639770508,64.41999816894531,65.25457763671875,48.469024658203125,41.69700622558594,107.04654693603516,46.087318420410156,32.993770599365234
2007-07-06,21.401105880737305,30.86060333251953,46.1185417175293,64.95999908447266,65.47848510742188,48.37507629394531,41.86838912963867,107.6092300415039,45.90040588378906,32.95334243774414
2007-07-09,21.35237693786621,31.159618377685547,46.23033142089844,65.37999725341797,65.41669464111328,48.47370147705078,41.89409255981445,107.69367980957031,46.06532287597656,32.93089294433594
2007-07-10,21.506689071655273,30.545978546142578,45.66579818725586,65.61000061035156,64.34342956542969,48.80714797973633,41.54275131225586,106.1601791381836,46.846092224121094,32.0957145690918
2007-07-11,21.555421829223633,30.798126220703125,46.096168518066406,65.44000244140625,64.72953033447266,48.58644485473633,41.825531005859375,106.91285705566406,46.36223602294922,32.03284454345703
2007-07-12,21.612274169921875,31.47425079345703,46.73897171020508,66.0199966430664,65.49394226074219,48.39389419555664,42.468223571777344,108.60105895996094,46.20278549194336,32.44594955444336
2007-07-13,21.644763946533203,31.86474609375,46.7054443359375,66.02999877929688,65.55571746826172,48.605194091796875,42.75957489013672,108.92466735839844,46.329254150390625,32.75575256347656
2007-07-16,21.263032913208008,31.552345275878906,46.5992431640625,65.81999969482422,65.23139953613281,48.731990814208984,42.71671676635742,108.91057586669922,46.77458953857422,32.48187255859375
2007-07-17,21.13308334350586,31.52780532836914,46.442726135253906,65.75,65.2777328491211,48.62871170043945,43.04234313964844,108.85430908203125,46.67561721801758,32.3651123046875
2007-07-18,21.376741409301758,31.141756057739258,46.28064727783203,66.62000274658203,65.06925201416016,48.76962661743164,42.99092102050781,108.65735626220703,46.85159683227539,32.29327392578125
2007-07-19,21.44983673095703,31.451932907104492,46.543331146240234,67.01000213623047,65.25457763671875,48.66627502441406,43.11945724487305,109.07939147949219,46.84063720703125,32.41450500488281
2007-07-20,21.441713333129883,31.235483169555664,46.06264877319336,67.58000183105469,64.28164672851562,48.80242919921875,42.88811111450195,107.97502899169922,47.26397705078125,31.848751068115234
2007-07-23,21.344253540039062,32.13920211791992,46.34211730957031,67.47000122070312,64.04225158691406,48.74609375,42.90522003173828,108.3056411743164,47.18697738647461,31.29646110534668
2007-07-24,21.18181610107422,31.039108276367188,45.643436431884766,67.47000122070312,62.5443115234375,48.685062408447266,42.271141052246094,106.42752075195312,47.36298751831055,30.663345336914062
2007-07-25,21.368616104125977,31.217628479003906,45.520484924316406,66.9000015258789,62.31268310546875,48.722652435302734,42.33110809326172,106.64553833007812,47.45641326904297,30.33108139038086
2007-07-26,21.141210556030273,29.626625061035156,44.005733489990234,65.6500015258789,60.64482879638672,48.61931228637695,41.971214294433594,104.12027740478516,47.85228729248047,29.77429962158203
2007-07-27,21.344253540039062,29.242826461791992,43.3964729309082,65.41000366210938,59.1700325012207,48.440860748291016,41.122867584228516,102.07330322265625,47.98975372314453,28.786468505859375
2007-07-30,21.10059928894043,30.20010757446289,44.167823791503906,65.7699966430664,60.19697952270508,48.515987396240234,41.602752685546875,103.67005920410156,47.85228729248047,29.34324836730957
2007-07-31,21.27115821838379,29.581995010375977,44.1119270324707,65.79000091552734,59.53292465209961,48.492523193359375,40.72869110107422,102.50238800048828,48.19869613647461,29.22649574279785
2007-08-01,21.23866844177246,29.46596908569336,44.184593200683594,65.93000030517578,59.857200622558594,48.64918518066406,41.045753479003906,103.00186157226562,48.094356536865234,29.612648010253906
2007-08-02,21.27115821838379,29.79176902770996,44.318748474121094,65.88999938964844,60.3282470703125,48.583106994628906,41.42280578613281,103.82479858398438,48.21582794189453,30.102075576782227
2007-08-03,21.035621643066406,28.50644874572754,43.51945114135742,66.69000244140625,58.18165969848633,48.82377243041992,40.63443374633789,101.15184020996094,48.53596115112305,28.939132690429688
2007-08-06,20.743234634399414,29.015214920043945,43.99454116821289,66.5199966430664,58.706729888916016,48.653934478759766,41.105735778808594,102.84710693359375,48.182701110839844,29.949420928955078
2007-08-07,20.85694122314453,29.23166275024414,44.14548110961914,66.4800033569336,59.610130310058594,48.78604507446289,41.397098541259766,103.94441986083984,48.14406967163086,30.115550994873047
2007-08-08,20.824453353881836,30.21349334716797,44.86092758178711,66.7699966430664,61.40151596069336,48.837928771972656,41.851234436035156,105.39346313476562,47.5589714050293,31.305442810058594
2007-08-09,20.662017822265625,28.963891983032227,43.580936431884766,65.45999908447266,59.988502502441406,48.79549789428711,40.88294982910156,102.270263671875,47.625179290771484,30.95969581604004
2007-08-10,20.7351131439209,28.461814880371094,42.831939697265625,66.56999969482422,60.27418899536133,48.578369140625,40.51448440551758,101.79194641113281,47.514808654785156,30.0257511138916
2007-08-13,20.58892059326172,28.742984771728516,42.91579055786133,66.26000213623047,59.949867248535156,48.748294830322266,40.788673400878906,102.15773010253906,47.652801513671875,29.88206672668457
2007-08-14,20.653898239135742,27.99991798400879,42.50217056274414,66.29000091552734,58.92292785644531,49.05500030517578,40.0945930480957,100.59611511230469,47.77971267700195,29.024436950683594
2007-08-15,20.80821418762207,26.899818420410156,41.50725555419922,66.12999725341797,58.065826416015625,48.92289352416992,39.331966400146484,99.21041107177734,47.608642578125,28.535022735595703
2007-08-16,20.450849533081055,26.4423770904541,41.32838821411133,64.68000030517578,59.35531997680664,48.446231842041016,38.94634246826172,99.95603942871094,48.099884033203125,29.67999839782715
2007-08-17,20.43460464477539,27.27916717529297,41.708465576171875,65.01000213623047,60.5444450378418,48.53118896484375,39.683284759521484,101.79194641113281,47.90670394897461,30.3535213470459
2007-08-20,20.491456985473633,27.334959030151367,41.84260559082031,65.12000274658203,60.59075927734375,48.88045120239258,39.871795654296875,101.74272155761719,47.93429946899414,30.910314559936523
2007-08-21,20.458972930908203,27.234535217285156,41.81466293334961,65.06999969482422,60.760643005371094,48.979488372802734,40.29170227050781,101.94673919677734,48.16612243652344,31.05398178100586
2007-08-22,20.507701873779297,28.406036376953125,42.80400085449219,65.4000015258789,61.4864616394043,49.07861328125,40.840110778808594,103.1565933227539,48.0888557434082,31.431169509887695
2007-08-23,20.572677612304688,28.55107307434082,42.994049072265625,65.30999755859375,60.69886779785156,49.102230072021484,40.72869110107422,103.06513214111328,48.25448989868164,30.892343521118164
2007-08-24,20.81633186340332,29.23166275024414,43.74302673339844,66.11000061035156,61.4864616394043,49.21074676513672,41.302833557128906,104.33832550048828,48.491798400878906,31.05847930908203
2007-08-27,20.8406982421875,29.365558624267578,43.27910232543945,65.9800033569336,60.637081146240234,49.07861328125,41.02861022949219,103.36760711669922,48.745704650878906,30.384967803955078
2007-08-28,20.62140655517578,28.171741485595703,42.40714645385742,65.58999633789062,59.10824203491211,49.498619079589844,40.0517463684082,101.09557342529297,48.82849884033203,29.45549201965332
2007-08-29,20.81633186340332,29.287446975708008,43.37971115112305,66.06999969482422,60.66025924682617,49.272132873535156,41.19999313354492,103.0792236328125,48.69603729248047,30.53313636779785
2007-08-30,20.85694122314453,29.1379451751709,43.077880859375,65.80000305175781,60.25106430053711,49.41838073730469,41.41422653198242,102.80488586425781,49.02173614501953,30.690288543701172
2007-08-31,20.86506462097168,29.88993263244629,43.83247375488281,66.5199966430664,60.79927062988281,49.649600982666016,41.87696838378906,103.81780242919922,49.06033706665039,31.197689056396484
2007-09-04,21.10059928894043,30.394237518310547,44.23491287231445,67.44000244140625,61.579124450683594,49.53965377807617,42.571041107177734,104.86590576171875,49.083614349365234,31.610774993896484
2007-09-05,21.141210556030273,29.934558868408203,43.59210968017578,67.55999755859375,61.00773239135742,49.73402786254883,42.14260482788086,103.95849609375,49.47709655761719,30.851926803588867
2007-09-06,21.059988021850586,30.168872833251953,43.75419998168945,68.86000061035156,61.02315139770508,49.6202392578125,42.108306884765625,104.19770050048828,49.34965133666992,31.125843048095703
2007-09-07,21.198060989379883,29.48827362060547,43.22319793701172,69.38999938964844,60.019386291503906,49.89045715332031,41.32853317260742,102.74862670898438,50.04796600341797,30.375991821289062
2007-09-10,21.344253540039062,29.510597229003906,43.044349670410156,69.62000274658203,59.185462951660156,50.03746795654297,41.302833557128906,102.55162811279297,50.435935974121094,30.06167221069336
2007-09-11,21.39298439025879,30.10637664794922,43.7877311706543,70.5199966430664,60.220130920410156,49.748226165771484,41.92835998535156,103.74748229980469,50.39719009399414,30.685813903808594
2007-09-12,21.62039566040039,30.21349334716797,43.83247375488281,70.45999908447266,59.84175491333008,49.544395446777344,41.93693923950195,104.0147705078125,50.20870590209961,30.50619125366211
2007-09-13,21.45796012878418,30.548206329345703,44.01691436767578,70.08000183105469,59.988502502441406,49.47327423095703,42.14260482788086,104.74632263183594,49.75980758666992,31.193185806274414
2007-09-14,21.47420310974121,30.60845184326172,43.75980758666992,69.98999786376953,60.29734420776367,49.61074447631836,42.176883697509766,104.73930358886719,49.83183670043945,31.395254135131836
2007-09-17,21.72597885131836,30.414321899414062,43.144962310791016,70.97000122070312,59.633323669433594,49.5918083190918,41.825531005859375,104.17658233642578,50.070186614990234,31.1662654876709
2007-09-18,21.80719757080078,31.88705825805664,44.54791259765625,71.69999694824219,62.173683166503906,49.71031188964844,42.8795280456543,107.2434310913086,49.69328689575195,32.27532196044922
2007-09-19,21.994003295898438,32.03209686279297,44.950340270996094,71.43000030517578,63.00761795043945,49.43531799316406,42.99092102050781,107.87654876708984,49.233238220214844,32.881492614746094
2007-09-20,22.335121154785156,31.93168830871582,44.91121292114258,72.72000122070312,62.38215255737305,49.34526443481445,42.87095260620117,107.1168441772461,48.30215072631836,32.02836608886719
2007-09-21,22.48943519592285,32.355655670166016,45.10685729980469,72.33999633789062,62.513458251953125,49.577552795410156,43.17617416381836,107.40591430664062,48.71230697631836,32.257362365722656
2007-09-24,22.448823928833008,32.75731658935547,45.20746612548828,72.27999877929688,62.03470993041992,49.8240852355957,43.37335205078125,107.20801544189453,48.85084533691406,32.8689079284668
2007-09-25,22.286392211914062,32.634578704833984,45.263362884521484,72.33000183105469,61.78315734863281,49.79562759399414,43.784912109375,106.99600219726562,48.679054260253906,32.05229949951172
2007-09-26,22.318876266479492,33.06971740722656,45.486934661865234,72.0,62.324954986572266,49.91892623901367,43.99922561645508,107.5614013671875,48.72333526611328,32.51957702636719
2007-09-27,22.90365219116211,33.56062698364258,46.0905876159668,72.69999694824219,62.69648742675781,50.04691696166992,44.2221565246582,108.19747924804688,49.06142807006836,32.76911544799805
2007-09-28,22.830556869506836,33.34864044189453,46.163265228271484,73.51000213623047,61.95340347290039,50.013771057128906,44.076393127441406,107.83706665039062,49.17228698730469,32.419776916503906
2007-10-01,22.59501838684082,34.39741134643555,46.755741119384766,73.9000015258789,63.493743896484375,49.69130325317383,44.582237243652344,109.05265808105469,49.45327377319336,33.209171295166016
2007-10-02,22.140193939208984,34.6317138671875,46.63835144042969,72.3499984741211,63.90397644042969,49.64366912841797,44.5908088684082,108.90423583984375,49.60908889770508,33.81257629394531
2007-10-03,22.164560317993164,33.58294677734375,46.425960540771484,71.9000015258789,63.72594451904297,49.86753463745117,44.28215789794922,108.68516540527344,49.46442794799805,33.649234771728516
2007-10-04,22.473194122314453,33.91765594482422,46.58806228637695,72.87000274658203,63.82657241821289,50.262855529785156,44.385040283203125,108.85477447509766,49.65362548828125,33.99403381347656
2007-10-05,22.538166046142578,35.04898452758789,47.06315612792969,73.4000015258789,65.11921691894531,50.058040618896484,45.2852668762207,110.14816284179688,49.11941146850586,34.79249572753906
2007-10-08,22.067100524902344,34.67633819580078,46.62718200683594,72.52999877929688,64.63157653808594,50.234249114990234,45.56818771362305,109.5615234375,49.080509185791016,34.13468933105469
2007-10-09,22.22141456604004,35.21635055541992,47.146995544433594,73.08999633789062,65.15792846679688,50.01518249511719,45.76539611816406,110.59339904785156,49.019290924072266,34.515769958496094
2007-10-10,22.481313705444336,35.263206481933594,47.05757522583008,73.36000061035156,65.10372924804688,50.191402435302734,45.8768310546875,110.4096450805664,49.04707336425781,34.27531814575195
2007-10-11,22.733089447021484,34.95303726196289,47.27556610107422,73.91000366210938,64.36839294433594,50.296207427978516,45.14809036254883,109.8795394897461,48.99702072143555,34.13920974731445
2007-10-12,22.838674545288086,35.59122848510742,47.48236083984375,74.58999633789062,64.8792724609375,50.01995849609375,45.893985748291016,110.4874038696289,48.75778579711914,33.81711196899414
2007-10-15,23.22852325439453,35.15609359741211,47.09669876098633,75.13999938964844,64.12845611572266,50.177101135253906,45.54246139526367,109.55442810058594,48.768890380859375,33.181941986083984
2007-10-16,23.25288963317871,34.50452423095703,46.370079040527344,75.12000274658203,63.39316177368164,50.262855529785156,45.32813262939453,108.68516540527344,48.7856330871582,32.77817916870117
2007-10-17,23.131061553955078,35.30113983154297,46.8619384765625,74.5,63.640804290771484,50.50101852416992,45.91114044189453,109.01728820800781,49.31975173950195,32.72827911376953
2007-10-18,23.545276641845703,35.47964859008789,46.973724365234375,76.0,63.48600769042969,50.5057258605957,46.10831832885742,108.62149810791016,49.5924072265625,32.73735046386719
2007-10-19,23.480300903320312,33.962284088134766,45.939674377441406,75.69999694824219,61.21806335449219,50.83441162109375,44.959468841552734,105.78035736083984,50.33238983154297,31.344562530517578
2007-10-22,23.41533088684082,34.207725524902344,45.88378143310547,74.5999984741211,62.510738372802734,50.83441162109375,45.499603271484375,106.395263671875,50.337989807128906,32.16572570800781
2007-10-23,23.25288963317871,35.15609359741211,46.53216552734375,75.2300033569336,62.990631103515625,50.534324645996094,46.45127487182617,107.25747680664062,50.271217346191406,32.505977630615234
2007-10-24,23.334108352661133,34.92625045776367,46.431541442871094,75.5199966430664,62.58811950683594,50.84392166137695,46.0997428894043,107.0595932006836,50.64399337768555,31.961565017700195
2007-10-25,23.87827491760254,35.37030792236328,46.64396286010742,76.02999877929688,62.433319091796875,50.72486114501953,45.482444763183594,107.31403350830078,50.47149658203125,32.029624938964844
2007-10-26,24.243759155273438,36.372222900390625,47.48795700073242,77.69000244140625,63.478294372558594,50.64389419555664,46.23691940307617,108.5720443725586,50.35466003417969,32.51504135131836
2007-10-29,24.6417293548584,37.20901107788086,47.83451843261719,78.12000274658203,63.40858840942383,50.762969970703125,46.425540924072266,108.93248748779297,50.54943084716797,31.9842472076416
2007-10-30,24.08944320678711,36.506107330322266,47.45441436767578,77.3499984741211,62.905487060546875,50.758155822753906,46.51984405517578,108.1762924194336,50.52156448364258,32.42431640625
2007-10-31,24.771678924560547,37.30718231201172,48.12517547607422,78.62000274658203,63.718238830566406,50.49622344970703,47.18000411987305,109.3000259399414,50.065372467041016,33.10029220581055
2007-11-01,24.454925537109375,35.80097579956055,47.113460540771484,77.93000030517578,61.256805419921875,50.8818244934082,46.29694366455078,106.7415771484375,50.7158317565918,31.553258895874023
2007-11-02,24.98284912109375,36.00404357910156,47.37615966796875,79.83000183105469,61.558658599853516,50.566097259521484,46.657020568847656,106.86175537109375,50.877872467041016,31.104108810424805
2007-11-05,24.820409774780273,34.7522087097168,46.621578216552734,79.75,60.74593734741211,50.69049835205078,46.35696029663086,106.04893493652344,50.85554504394531,30.654977798461914
2007-11-06,25.470157623291016,36.07097244262695,47.325870513916016,81.43000030517578,61.89149856567383,50.37950134277344,46.87993240356445,107.47664642333984,50.609649658203125,31.040603637695312
2007-11-07,25.340211868286133,34.921791076660156,46.50421142578125,82.23999786376953,59.9719123840332,50.345977783203125,45.73965072631836,104.5364761352539,50.69904708862305,30.07427215576172
2007-11-08,25.275232315063477,35.10032272338867,46.58806228637695,82.2300033569336,60.149932861328125,50.427330017089844,44.350765228271484,104.00640869140625,50.609649658203125,30.164997100830078
2007-11-09,25.267112731933594,34.27468490600586,45.68257522583008,82.18000030517578,59.4842643737793,50.652198791503906,42.86751174926758,102.57875061035156,51.03998947143555,29.92001724243164
2007-11-12,24.714828491210938,32.37797927856445,44.933570861816406,78.30000305175781,58.91147994995117,50.63303756713867,41.77870559692383,101.56103515625,51.224395751953125,30.264812469482422
2007-11-13,24.243759155273438,34.66517639160156,46.14091110229492,79.12000274658203,60.76140213012695,50.37950134277344,43.50196838378906,104.65665435791016,51.03440475463867,31.26743507385254
2007-11-14,24.787919998168945,34.69865036010742,46.06824493408203,80.27999877929688,60.41309356689453,50.164207458496094,42.94469451904297,104.36685943603516,51.090274810791016,30.63228416442871
2007-11-15,24.544265747070312,33.89979553222656,45.30807876586914,77.94999694824219,59.553924560546875,50.355533599853516,42.71323013305664,102.86144256591797,51.570884704589844,30.577852249145508
2007-11-16,24.6254825592041,34.31931686401367,45.45341491699219,77.75,59.050811767578125,50.36035919189453,43.10759353637695,103.03816223144531,51.643516540527344,30.006214141845703
2007-11-19,24.812288284301758,32.73723602294922,44.25167465209961,77.23999786376953,57.77367401123047,50.747867584228516,42.61030960083008,101.6034164428711,51.97881317138672,29.352914810180664
2007-11-20,25.429548263549805,33.63650131225586,45.24098205566406,79.47000122070312,58.10649490356445,50.427330017089844,42.781803131103516,102.22537231445312,51.92295837402344,28.78582763671875
2007-11-21,25.462038040161133,31.942852020263672,44.2181282043457,79.36000061035156,56.89126968383789,50.7813720703125,42.27596664428711,100.13337707519531,52.224761962890625,28.586198806762695
2007-11-23,25.69757080078125,32.88674545288086,45.33042526245117,81.25,58.098731994628906,50.527793884277344,42.730350494384766,101.86495971679688,52.3812255859375,29.148757934570312
2007-11-26,25.380817413330078,31.581348419189453,44.62057113647461,81.30000305175781,56.58165740966797,51.36506652832031,41.99302673339844,99.6174087524414,53.415138244628906,27.751432418823242
2007-11-27,25.177772521972656,32.79079055786133,45.2242317199707,80.0999984741211,57.23958206176758,50.92491912841797,42.833229064941406,100.76240539550781,52.90652084350586,28.400196075439453
2007-11-28,24.869142532348633,34.587093353271484,46.50981521606445,79.56999969482422,59.49974060058594,50.57086181640625,44.136417388916016,103.98519897460938,52.54887771606445,29.647808074951172
2007-11-29,24.925994873046875,34.163108825683594,46.129722595214844,78.27999877929688,58.98887252807617,50.76224136352539,44.32503890991211,104.02055358886719,53.00160217285156,29.171457290649414
2007-11-30,24.61736297607422,34.45319747924805,46.381248474121094,77.31999969482422,59.32946014404297,51.01101303100586,43.990684509277344,105.06656646728516,52.74448013305664,29.965375900268555
2007-12-03,24.79604721069336,34.154178619384766,46.207977294921875,78.27999877929688,58.63282012939453,51.02882766723633,43.621986389160156,104.37389373779297,53.163055419921875,29.643274307250977
2007-12-04,24.909751892089844,34.06493377685547,45.91732406616211,79.4000015258789,58.01360321044922,51.052791595458984,43.441959381103516,103.44100189208984,53.15746307373047,28.844806671142578
2007-12-05,24.722946166992188,35.57782745361328,46.448326110839844,78.62999725341797,59.166908264160156,50.86061477661133,44.2221565246582,105.17256164550781,52.52341842651367,29.815664291381836
2007-12-06,25.169649124145508,36.1379280090332,46.889892578125,79.37000274658203,60.56789779663086,50.48585891723633,44.856590270996094,106.67796325683594,52.06329345703125,30.76385498046875
2007-12-07,25.088430404663086,35.70948791503906,46.7054443359375,78.5999984741211,60.753662109375,50.05339813232422,44.865169525146484,106.65674591064453,51.479759216308594,30.654977798461914
2007-12-10,25.072187423706055,35.72064208984375,47.18613052368164,80.0,61.233604431152344,50.0870475769043,45.045204162597656,107.48365020751953,51.171142578125,31.312808990478516
2007-12-11,25.291479110717773,34.207725524902344,45.956451416015625,78.83999633789062,59.09724807739258,50.57231140136719,43.99922561645508,104.5364761352539,52.175533294677734,29.66140365600586
2007-12-12,25.98183822631836,35.234195709228516,46.878719329833984,80.48999786376953,59.53072738647461,50.413761138916016,44.39361572265625,105.56831359863281,51.636924743652344,29.56161880493164
2007-12-13,25.7056941986084,34.26576232910156,45.92292022705078,78.5,59.205604553222656,50.12548828125,44.15355682373047,105.34922790527344,51.0757942199707,29.22588539123535
2007-12-14,25.527013778686523,33.44906234741211,44.68205261230469,78.5199966430664,58.05229568481445,49.558475494384766,43.69918441772461,104.013427734375,50.84013366699219,28.49094009399414
2007-12-17,25.402164459228516,32.0231819152832,43.73184585571289,78.12999725341797,57.16217803955078,50.038997650146484,42.636043548583984,102.52925109863281,51.29462814331055,27.610803604125977
2007-12-18,25.293964385986328,32.90236282348633,44.279598236083984,79.25,58.183876037597656,50.1927375793457,42.77321243286133,103.10179901123047,51.62565231323242,28.037250518798828
2007-12-19,25.535335540771484,33.11656951904297,43.91631317138672,79.23999786376953,58.5941047668457,50.58674240112305,42.764644622802734,103.10179901123047,52.310203552246094,28.32306480407715
2007-12-20,25.427133560180664,33.29732131958008,44.22930145263672,78.66999816894531,59.47653579711914,50.34169006347656,43.63914108276367,103.7519760131836,52.19796371459961,28.20501136779785
2007-12-21,25.726768493652344,34.30145263671875,44.86092758178711,80.0999984741211,60.838829040527344,50.28882598876953,44.49994659423828,105.24762725830078,51.43489456176758,28.75841522216797
2007-12-24,25.91819953918457,34.8816032409668,45.044349670410156,80.13999938964844,61.279998779296875,50.03418731689453,44.83469009399414,106.02911376953125,51.19363021850586,29.689970016479492
2007-12-26,26.226154327392578,35.06241226196289,45.17045593261719,81.5199966430664,61.56639099121094,50.048606872558594,45.05781555175781,106.25651550292969,50.74476623535156,29.196521759033203
2007-12-27,26.31770896911621,34.253318786621094,44.89531326293945,81.55999755859375,60.104007720947266,50.34541320800781,44.51713180541992,104.92076110839844,51.29798126220703,28.61546516418457
2007-12-28,26.234477996826172,34.382144927978516,45.27936935424805,83.0,59.45940399169922,50.504695892333984,44.47421646118164,104.65788269042969,52.097923278808594,28.11277198791504
2007-12-31,26.26776885986328,33.96855926513672,44.99847412109375,82.45999908447266,58.946807861328125,50.60125732421875,43.95927047729492,103.88343048095703,52.413360595703125,28.34335708618164
2008-01-02,26.991884231567383,33.40806579589844,44.83799362182617,84.86000061035156,58.37212371826172,51.19971466064453,43.264102935791016,102.97398376464844,53.16828155517578,28.25574493408203
2008-01-03,27.19995880126953,33.70865249633789,44.91250991821289,85.56999969482422,57.72749710083008,51.0307731628418,43.44432067871094,102.92424774169922,53.09499740600586,27.37491226196289
2008-01-04,27.04182243347168,32.69614791870117,43.89216232299805,85.12999725341797,55.987815856933594,51.450687408447266,41.539024353027344,100.40193939208984,53.106266021728516,26.263500213623047
2008-01-07,26.55075454711914,32.93572235107422,43.938011169433594,84.7699966430664,56.11206817626953,51.3879280090332,41.34162902832031,100.31665802001953,53.33720016479492,26.507905960083008
2008-01-08,26.792123794555664,32.680328369140625,43.6915283203125,86.77999877929688,54.38016891479492,51.291412353515625,40.26881790161133,98.69673919677734,53.27525329589844,25.5902042388916
2008-01-09,26.525789260864258,33.751590728759766,44.006805419921875,86.55000305175781,54.93159866333008,51.18523406982422,41.1270751953125,99.73406982421875,53.376686096191406,26.042131423950195
2008-01-10,26.40093994140625,34.14936828613281,43.96095657348633,88.25,55.6849250793457,51.035606384277344,41.187137603759766,100.3876953125,52.65561294555664,26.4433536529541
2008-01-11,26.642311096191406,33.1888313293457,43.08391189575195,88.58000183105469,54.5355110168457,51.407222747802734,40.38039779663086,99.57767486572266,53.06686782836914,26.44797134399414
2008-01-14,26.975236892700195,33.677001953125,43.771785736083984,89.54000091552734,54.985958099365234,51.19485855102539,41.08416748046875,100.38064575195312,53.2640266418457,26.337289810180664
2008-01-15,26.642311096191406,32.15372848510742,42.35017776489258,87.98999786376953,53.976318359375,51.46999740600586,39.95127868652344,98.1709213256836,53.86114501953125,25.802335739135742
2008-01-16,26.392616271972656,30.81578254699707,41.496070861816406,86.69999694824219,54.03069305419922,51.39275360107422,39.52214431762695,97.32542419433594,53.47248458862305,26.09748077392578
2008-01-17,26.051366806030273,29.918540954589844,40.87123489379883,86.5,52.718170166015625,51.63409423828125,38.97286605834961,94.80314636230469,54.165367126464844,25.74237632751465
2008-01-18,26.151247024536133,30.601083755493164,41.10626220703125,87.41999816894531,52.20559310913086,51.547183990478516,38.92138671875,93.8297119140625,53.79353713989258,25.401113510131836
2008-01-22,26.059690475463867,29.83266258239746,39.959815979003906,88.16999816894531,51.83280944824219,51.658203125,37.91722106933594,92.87763977050781,54.36818313598633,26.00985336303711
2008-01-23,25.568628311157227,30.022502899169922,39.724788665771484,87.88999938964844,53.603546142578125,51.7258186340332,37.77134704589844,95.10862731933594,54.24424743652344,28.477108001708984
2008-01-24,26.20118522644043,30.60559844970703,41.117733001708984,90.08000183105469,53.56471252441406,51.28657150268555,38.54374694824219,95.91149139404297,53.156982421875,27.808406829833984
2008-01-25,26.783803939819336,30.140026092529297,40.521575927734375,90.30000305175781,53.17637252807617,51.841617584228516,37.75416946411133,94.52599334716797,54.05268478393555,27.647001266479492
2008-01-28,26.908653259277344,30.885845184326172,40.97444152832031,91.75,54.302520751953125,51.82716369628906,38.04597473144531,96.08914947509766,53.84991455078125,28.58317756652832
2008-01-29,27.133373260498047,30.734424591064453,41.220916748046875,91.1500015258789,54.44231414794922,51.74027633666992,38.1146354675293,96.56517028808594,53.483699798583984,28.324920654296875
2008-01-30,26.900325775146484,30.32988166809082,41.0317497253418,92.05999755859375,53.758880615234375,51.73060989379883,38.08030319213867,95.85469055175781,53.134456634521484,27.568603515625
2008-01-31,27.033498764038086,30.93783950805664,41.4674072265625,91.4000015258789,55.09467697143555,51.899574279785156,38.73255920410156,97.6025390625,53.51185989379883,28.12200164794922
2008-02-01,26.5590763092041,31.5548152923584,42.161006927490234,89.3499984741211,56.391666412353516,52.11970901489258,39.12735366821289,99.17271423339844,53.833553314208984,29.29798126220703
2008-02-04,27.02517318725586,31.65200424194336,41.73108673095703,89.0999984741211,55.75484085083008,51.979087829589844,38.578086853027344,97.9222640991211,53.27953338623047,28.99361801147461
2008-02-05,26.800451278686523,29.947925567626953,39.81650161743164,87.68000030517578,54.325809478759766,52.15849304199219,37.47953796386719,95.30052185058594,53.686580657958984,27.969816207885742
2008-02-06,26.675601959228516,29.45749855041504,39.78211975097656,88.94999694824219,53.603546142578125,51.877227783203125,36.74143981933594,94.53312683105469,53.5225944519043,27.513261795043945
2008-02-07,27.000202178955078,29.956968307495117,39.58149719238281,89.8499984741211,54.450077056884766,51.280845642089844,36.99890899658203,95.15840148925781,52.369441986083984,28.163501739501953
2008-02-08,27.807546615600586,29.90045166015625,39.17448425292969,91.0,54.10835647583008,51.47480010986328,37.419456481933594,94.54735565185547,52.96865463256836,27.264223098754883
2008-02-11,27.99065589904785,30.271099090576172,39.38084411621094,91.33000183105469,54.13166046142578,51.629947662353516,37.82283020019531,95.0304946899414,53.189144134521484,26.710830688476562
2008-02-12,27.424686431884766,30.7592830657959,40.22922897338867,89.33000183105469,54.55881881713867,51.5572395324707,37.6082763671875,95.91149139404297,52.87252426147461,27.471757888793945
2008-02-13,27.6494083404541,31.450855255126953,40.50437927246094,89.44000244140625,55.793670654296875,51.03839874267578,38.43217849731445,96.89201354980469,52.3128776550293,27.688499450683594
2008-02-14,28.207054138183594,31.046314239501953,40.32094192504883,89.70999908447266,54.504451751708984,50.9268798828125,37.737003326416016,96.03944396972656,51.544071197509766,27.1719970703125
2008-02-15,28.073884963989258,31.267803192138672,40.4699821472168,89.1500015258789,54.2636833190918,51.09172821044922,37.6082763671875,96.01811218261719,51.93977737426758,27.393360137939453
2008-02-19,28.98943519592285,31.676862716674805,40.865509033203125,91.58000183105469,54.93159866333008,50.587459564208984,37.53962326049805,96.28810119628906,51.41404724121094,27.32418441772461
2008-02-20,29.139245986938477,31.941295623779297,40.65340042114258,93.23999786376953,54.96266174316406,50.69898223876953,37.71126937866211,96.57231140136719,51.77022171020508,27.494821548461914
2008-02-21,28.981107711791992,31.493810653686523,40.57891082763672,93.25,53.91417694091797,51.04808807373047,37.35076904296875,95.76941680908203,52.31850814819336,26.74771499633789
2008-02-22,29.380615234375,31.91642951965332,41.09479522705078,93.38999938964844,53.91417694091797,50.849334716796875,37.48811721801758,96.35909271240234,52.018959045410156,27.5040340423584
2008-02-25,29.663602828979492,32.510826110839844,41.74828338623047,92.73999786376953,54.96266174316406,50.5244140625,37.67693328857422,97.57411193847656,51.48755645751953,28.34335708618164
2008-02-26,30.296159744262695,32.94023513793945,42.36736297607422,93.70999908447266,55.475242614746094,50.888092041015625,37.82283020019531,98.30596160888672,51.50450897216797,28.3387451171875
2008-02-27,30.254541397094727,33.21821594238281,42.504947662353516,94.77999877929688,55.45194625854492,50.8395881652832,38.01165008544922,98.20647430419922,51.549739837646484,28.20501136779785
2008-02-28,30.545852661132812,32.86113739013672,42.09795379638672,95.98999786376953,54.61317443847656,51.20808792114258,37.86572265625,97.24726104736328,52.46550750732422,27.623945236206055
2008-02-29,30.046463012695312,31.5548152923584,41.043212890625,96.18000030517578,53.47929000854492,51.53301239013672,36.86160659790039,95.08023834228516,53.26827621459961,27.22735023498535
2008-03-03,30.487590789794922,31.726581573486328,41.1635856628418,97.23999786376953,52.9666862487793,51.53205490112305,36.62129211425781,94.85285186767578,53.13092041015625,27.416414260864258
2008-03-04,30.379390716552734,30.98980712890625,40.53876876831055,95.18000030517578,52.65605545043945,51.23011779785156,36.827266693115234,94.49054718017578,52.61460494995117,27.15818214416504
2008-03-05,31.04524040222168,31.640697479248047,41.02602005004883,97.72000122070312,53.160858154296875,50.86975860595703,37.007484436035156,95.08732604980469,51.98479080200195,27.531709671020508
2008-03-06,31.278291702270508,30.55588722229004,40.44131088256836,96.5,51.3901252746582,50.80159378051758,36.19218063354492,93.11922454833984,52.26285934448242,26.27733039855957
2008-03-07,30.96200942993164,30.133251190185547,39.96553039550781,96.08999633789062,51.2270393371582,50.69445037841797,36.106346130371094,92.1600112915039,52.33088684082031,26.706226348876953
2008-03-10,31.54463005065918,29.604393005371094,39.76491165161133,95.87000274658203,50.09314727783203,50.68478775024414,35.411155700683594,90.9450454711914,53.10258102416992,26.32805824279785
2008-03-11,32.03569412231445,31.595495223999023,41.02027893066406,95.98999786376953,52.267730712890625,50.10527038574219,36.75860595703125,94.21339416503906,52.64866638183594,28.038997650146484
2008-03-12,32.38526916503906,31.01015853881836,41.02027893066406,97.01000213623047,51.66193389892578,50.70914077758789,36.65562438964844,93.3323745727539,53.664276123046875,27.448694229125977
2008-03-13,32.418556213378906,30.72764015197754,41.08906936645508,98.33999633789062,52.69486618041992,50.15882873535156,36.93882751464844,93.5384292602539,53.24440383911133,27.771512985229492
2008-03-14,32.37693786621094,29.638296127319336,40.097389221191406,98.70999908447266,51.3668327331543,50.1296272277832,36.26082229614258,92.08895111083984,53.90258026123047,27.208894729614258
2008-03-17,31.078535079956055,28.906036376953125,39.489749908447266,99.16999816894531,50.52804946899414,50.53866195678711,35.59998321533203,91.1582260131836,54.316795349121094,27.37491226196289
2008-03-18,31.769351959228516,30.408985137939453,40.69926834106445,96.5,52.85020065307617,50.44612121582031,37.1877326965332,94.94522094726562,54.10686492919922,28.578554153442383
2008-03-19,30.396038055419922,28.582855224609375,39.226070404052734,93.04000091552734,51.52992248535156,50.665287017822266,36.2694206237793,92.59347534179688,55.00335693359375,28.3618106842041
2008-03-20,29.172534942626953,29.064247131347656,39.81650161743164,89.91000366210938,52.40752029418945,50.933074951171875,37.010650634765625,94.30852508544922,55.13949203491211,29.307205200195312
2008-03-24,29.705217361450195,30.178447723388672,40.54450225830078,90.0999984741211,54.445648193359375,50.835716247558594,38.29043960571289,96.19356536865234,54.07281494140625,29.966690063476562
2008-03-25,30.004850387573242,30.64175033569336,41.134925842285156,92.7300033569336,54.62455368041992,51.064598083496094,38.50516891479492,96.28640747070312,54.29975891113281,30.04334831237793
2008-03-26,30.90375328063965,30.39315414428711,41.134925842285156,93.80000305175781,54.173362731933594,51.12785720825195,38.39350509643555,95.10824584960938,54.07281494140625,29.467103958129883
2008-03-27,31.2449951171875,30.246257781982422,41.100528717041016,93.45999908447266,53.67550277709961,50.816226959228516,37.54318618774414,94.80836486816406,53.692665100097656,29.2254581451416
2008-03-28,30.504234313964844,30.192014694213867,41.06614685058594,91.87999725341797,53.04539489746094,51.088924407958984,37.354209899902344,93.9015121459961,54.214664459228516,28.881580352783203
2008-03-31,29.771806716918945,30.370561599731445,41.215187072753906,90.41000366210938,53.12321853637695,51.22526168823242,37.551761627197266,94.22999572753906,54.407569885253906,28.99310302734375
2008-04-01,29.6053409576416,31.53672981262207,42.51641845703125,86.86000061035156,55.06795883178711,51.1435432434082,39.157928466796875,97.54306030273438,53.5220947265625,30.642818450927734
2008-04-02,30.487590789794922,31.559337615966797,42.608131408691406,89.2699966430664,55.2001953125,51.23162841796875,39.072025299072266,97.60730743408203,53.636085510253906,30.494108200073242
2008-04-03,30.6540584564209,31.943557739257812,42.73423385620117,89.41999816894531,55.371360778808594,51.25606918334961,39.157928466796875,97.85011291503906,53.75570297241211,31.19118309020996
2008-04-04,30.87045669555664,31.814727783203125,42.87754440307617,90.25,55.355770111083984,51.87751007080078,39.38985061645508,97.74300384521484,54.245723724365234,30.69859504699707
2008-04-07,31.203380584716797,32.23735046386719,43.14122772216797,91.16999816894531,55.26243591308594,51.93619918823242,39.30392837524414,97.79297637939453,53.96086120605469,30.41511344909668
2008-04-08,31.32822608947754,32.061073303222656,42.688385009765625,90.3499984741211,55.208003997802734,51.750301361083984,39.003334045410156,97.69300079345703,53.772804260253906,30.373294830322266
2008-04-09,31.852582931518555,31.56161117553711,42.338706970214844,92.29000091552734,54.305606842041016,51.598628997802734,38.565303802490234,96.98616027832031,54.33123016357422,29.611175537109375
2008-04-10,31.71108627319336,32.01359939575195,42.20686721801758,91.7699966430664,54.88124465942383,51.64754867553711,39.114994049072266,97.1218032836914,54.148887634277344,29.8992919921875
2008-04-11,31.586244583129883,31.49153709411621,41.63936996459961,91.30000305175781,53.4732551574707,51.69643783569336,38.03276062011719,95.23676300048828,54.513553619384766,29.53216552734375
2008-04-14,31.802642822265625,31.416954040527344,41.73108673095703,91.11000061035156,53.309871673583984,51.37839126586914,37.860965728759766,94.91545867919922,54.194461822509766,29.360239028930664
2008-04-15,32.18550491333008,31.785350799560547,42.0234375,91.66000366210938,53.65217590332031,51.27073669433594,37.912513732910156,95.13683319091797,53.5220947265625,29.65764045715332
2008-04-16,32.493465423583984,32.725528717041016,43.347599029541016,93.2699966430664,55.38689041137695,50.9771728515625,38.96896743774414,97.71443939208984,52.99787902832031,30.86124038696289
2008-04-17,32.34364700317383,32.48822784423828,42.8660888671875,92.55999755859375,55.16908645629883,51.109283447265625,38.88307571411133,97.85724639892578,52.90667724609375,30.972763061523438
2008-04-18,32.360294342041016,32.97864532470703,43.16989517211914,90.62000274658203,55.75252151489258,51.334373474121094,40.11992263793945,98.87831115722656,52.86111068725586,30.79617691040039
2008-04-21,32.401912689208984,33.14589309692383,43.508087158203125,90.25,55.760311126708984,51.16801071166992,40.40336227416992,98.92827606201172,53.07194519042969,30.568466186523438
2008-04-22,32.60166549682617,32.83852005004883,43.055240631103516,90.2699966430664,54.74126434326172,51.05546188354492,39.802120208740234,98.49273681640625,53.25429153442383,30.494108200073242
2008-04-23,32.29370880126953,33.310882568359375,43.278812408447266,89.22000122070312,54.88124465942383,51.2120361328125,40.240169525146484,98.33562469482422,53.077632904052734,30.87517738342285
2008-04-24,31.75270652770996,32.88373565673828,42.997928619384766,87.22000122070312,55.41022491455078,51.1435432434082,40.600914001464844,98.7640609741211,52.627540588378906,31.488595962524414
2008-04-25,32.33531951904297,33.12556076049805,43.35333251953125,87.2699966430664,55.93144989013672,51.16801071166992,40.49785232543945,99.67799377441406,52.31980895996094,31.66518783569336
2008-04-28,32.41023254394531,33.06227111816406,43.605533599853516,87.69000244140625,56.30482864379883,51.412654876708984,40.57514190673828,99.69942474365234,52.479312896728516,31.62336540222168
2008-04-29,31.627857208251953,32.47692108154297,43.22148132324219,85.80999755859375,55.80696105957031,51.57413101196289,40.88434600830078,99.30672454833984,52.678749084472656,31.27946662902832
2008-04-30,31.569599151611328,33.14589309692383,43.45650100708008,86.6500015258789,55.54248809814453,51.86283874511719,40.54938888549805,98.72119140625,53.05483627319336,30.842636108398438
2008-05-01,30.8371639251709,33.498477935791016,43.72018051147461,83.98999786376953,56.49931335449219,52.169036865234375,41.82915115356445,100.76334381103516,53.058265686035156,31.507186889648438
2008-05-02,31.619535446166992,33.81938934326172,43.840576171875,84.58000183105469,56.437076568603516,51.86429214477539,41.88930892944336,101.04179382324219,52.38920211791992,31.479290008544922
2008-05-05,32.277061462402344,33.794532775878906,43.91509246826172,86.2699966430664,56.21924591064453,51.93805694580078,41.76904296875,100.55624389648438,52.38920211791992,31.391006469726562
2008-05-06,32.701541900634766,34.17195510864258,44.2418327331543,86.62999725341797,56.67821502685547,51.60380554199219,42.02672576904297,101.4273910522461,52.01173782348633,31.609413146972656
2008-05-07,32.759803771972656,33.154937744140625,43.46796798706055,85.81999969482422,55.66695022583008,51.7414436340332,41.262298583984375,99.6208724975586,52.2347412109375,30.749704360961914
2008-05-08,33.29248809814453,33.49620819091797,43.84629821777344,87.23999786376953,55.783634185791016,51.97240447998047,41.57148742675781,99.36380767822266,52.70370101928711,30.563827514648438
2008-05-09,33.80852127075195,33.222747802734375,43.496639251708984,87.41999816894531,55.620269775390625,51.97240447998047,41.40828323364258,99.17821502685547,52.89815139770508,30.39652442932129
2008-05-12,33.234222412109375,33.6498908996582,43.932289123535156,86.98999786376953,56.841590881347656,51.92327117919922,42.164146423339844,100.29212188720703,52.818119049072266,31.126115798950195
2008-05-13,33.41733169555664,33.81035232543945,43.783241271972656,85.38999938964844,57.168296813964844,51.62835693359375,42.27581787109375,100.30633544921875,52.240516662597656,31.251583099365234
2008-05-14,32.87632369995117,33.891719818115234,43.783241271972656,85.19999694824219,57.09830093383789,51.65787887573242,42.181312561035156,100.51338958740234,52.26335906982422,31.446773529052734
2008-05-15,33.25086975097656,34.6126708984375,44.5284423828125,87.0,57.214969635009766,52.00188064575195,42.919979095458984,101.7701416015625,52.738006591796875,31.827808380126953
2008-05-16,33.733604431152344,35.053382873535156,45.00996017456055,89.0999984741211,57.52614212036133,51.9330940246582,42.954341888427734,101.86295318603516,52.520729064941406,31.660526275634766
2008-05-19,33.78355026245117,35.060150146484375,44.82652282714844,89.38999938964844,57.541709899902344,51.94293212890625,42.6451301574707,102.14141082763672,52.5893669128418,31.71165657043457
2008-05-20,34.2496452331543,34.45221710205078,44.41379928588867,90.9000015258789,57.3316535949707,51.9626350402832,42.318748474121094,101.3131103515625,52.86384963989258,31.284101486206055
2008-05-21,35.248416900634766,34.10189437866211,43.909366607666016,91.95999908447266,56.51485824584961,51.73655700683594,41.382530212402344,99.59944915771484,52.875308990478516,30.531301498413086
2008-05-22,34.74070739746094,34.20133590698242,44.41953659057617,90.9800033569336,56.91938400268555,51.16641616821289,41.52853775024414,99.61373138427734,52.251956939697266,30.27106285095215
2008-05-23,34.807289123535156,33.60469055175781,43.91509246826172,91.2300033569336,56.17259979248047,51.40236282348633,41.39968490600586,98.27851104736328,52.48068618774414,30.12699317932129
2008-05-27,34.2496452331543,33.550445556640625,43.829105377197266,89.36000061035156,57.03606033325195,51.09272766113281,42.1297721862793,99.00682067871094,52.12615203857422,30.540597915649414
2008-05-28,34.466041564941406,34.00245666503906,43.82337188720703,89.13999938964844,57.3005485534668,50.763404846191406,42.301570892333984,99.46379089355469,51.66292190551758,30.59170913696289
2008-05-29,33.52553176879883,34.0770378112793,43.72593307495117,86.51000213623047,57.88397979736328,50.51770782470703,42.67947769165039,99.96360778808594,51.29121780395508,30.92163848876953
2008-05-30,33.75025939941406,34.19456481933594,43.97241973876953,87.44999694824219,58.08622360229492,50.719200134277344,42.954341888427734,100.21356964111328,51.62858963012695,30.777585983276367
2008-06-02,34.199703216552734,33.787750244140625,43.513851165771484,87.95999908447266,57.5572509765625,50.89349365234375,42.43040084838867,99.17821502685547,51.82773971557617,30.261768341064453
2008-06-03,33.392356872558594,33.17753601074219,43.42211151123047,86.87999725341797,57.44057083129883,51.09100341796875,42.19849395751953,98.59982299804688,52.20083999633789,30.461576461791992
2008-06-04,32.89297103881836,32.88825225830078,43.16989517211914,86.6500015258789,57.79840850830078,50.93296813964844,42.73959732055664,98.54985046386719,51.73591613769531,30.619596481323242
2008-06-05,34.141441345214844,33.93465805053711,43.88642883300781,86.44999694824219,59.276432037353516,50.661434173583984,43.41816711425781,100.5205307006836,51.4260139465332,31.32129669189453
2008-06-06,35.0153694152832,32.7051887512207,42.62532424926758,89.05999755859375,57.5028190612793,50.91325759887695,42.11261749267578,97.31455993652344,52.091796875,30.010818481445312
2008-06-09,35.373268127441406,32.62156677246094,42.56800842285156,87.98999786376953,57.316097259521484,50.86882400512695,41.88930892944336,97.55023956298828,52.091796875,29.416000366210938
2008-06-10,35.231773376464844,31.868961334228516,41.84572982788086,85.55000305175781,56.896026611328125,50.57748031616211,41.691741943359375,97.0646743774414,51.75318145751953,29.42993927001953
2008-06-11,36.530174255371094,31.39208984375,41.31263732910156,87.0199966430664,55.908111572265625,50.5577392578125,40.68680191040039,95.63664245605469,51.63261795043945,28.98381805419922
2008-06-12,36.521854400634766,31.575157165527344,41.1693229675293,85.5999984741211,56.0247802734375,50.12816619873047,40.7297477722168,96.0007553100586,51.116065979003906,29.28122901916504
2008-06-13,36.28880310058594,31.91642951965332,41.54766082763672,85.83000183105469,57.03606033325195,49.86649703979492,41.545711517333984,97.21459197998047,51.00700378417969,29.7691707611084
2008-06-16,36.255523681640625,32.02492141723633,41.75975799560547,87.01000213623047,57.39388656616211,50.04429244995117,41.91505813598633,97.27174377441406,51.018497467041016,30.1641788482666
2008-06-17,36.621734619140625,32.16051483154297,41.88585662841797,87.25,57.34722137451172,50.2071533203125,41.691741943359375,96.80046844482422,51.121795654296875,29.30910873413086
2008-06-18,37.12112045288086,32.00456619262695,41.54191589355469,88.27999877929688,56.888240814208984,50.45899963378906,41.24509811401367,95.85798645019531,51.55223846435547,28.876924514770508
2008-06-19,36.255523681640625,32.054298400878906,41.46167755126953,88.41999816894531,57.36276626586914,50.19732666015625,41.88930892944336,95.97937774658203,51.24805450439453,29.54611587524414
2008-06-20,36.50521469116211,31.00789451599121,40.55596923828125,88.94999694824219,56.452632904052734,50.226966857910156,40.75815963745117,94.42145538330078,51.546566009521484,28.881580352783203
2008-06-23,36.763221740722656,31.098302841186523,40.550235748291016,87.08999633789062,55.92365264892578,50.2071533203125,40.44013977050781,94.32816314697266,51.65559005737305,28.165935516357422
2008-06-24,36.771549224853516,30.9604434967041,40.3668098449707,87.47000122070312,54.9979362487793,50.177581787109375,40.23386764526367,94.14157104492188,51.99994659423828,28.183828353881836
2008-06-25,36.63005447387695,31.580371856689453,40.79785919189453,87.41999816894531,55.620269775390625,50.217037200927734,40.887088775634766,94.58650970458984,52.0229606628418,28.645320892333984
2008-06-26,37.845237731933594,30.49683952331543,39.7640380859375,90.61000061035156,54.18891906738281,50.25657272338867,39.23682403564453,92.0174789428711,52.373023986816406,27.689376831054688
2008-06-27,37.94511032104492,30.79172134399414,39.869163513183594,91.47000122070312,54.243370056152344,50.2071533203125,39.23682403564453,91.51519775390625,52.98710632324219,27.472768783569336
2008-06-30,37.270938873291016,31.024890899658203,40.108646392822266,91.4000015258789,53.71440887451172,50.06399917602539,38.82426834106445,91.83808898925781,52.99859619140625,27.51043128967285
2008-07-01,37.928462982177734,30.471681594848633,39.67642593383789,92.66000366210938,53.753318786621094,50.04121780395508,39.37434768676758,92.1251449584961,52.8730354309082,27.48687744140625
2008-07-02,38.65257263183594,29.6030330657959,39.045623779296875,93.16999816894531,52.228370666503906,50.00654220581055,38.42886734008789,90.54644012451172,53.14952087402344,27.1478214263916
2008-07-03,38.63592529296875,29.518447875976562,39.29677963256836,92.05999755859375,51.94728469848633,49.9420051574707,38.360107421875,90.63968658447266,53.034305572509766,26.86998748779297
2008-07-07,38.111568450927734,29.41329002380371,38.958003997802734,91.2300033569336,51.291385650634766,50.17509460449219,38.59219741821289,89.71401977539062,53.27622604370117,26.26723289489746
2008-07-08,36.72993087768555,29.774478912353516,39.162437438964844,90.86000061035156,53.14973449707031,50.44778060913086,39.511871337890625,91.30706787109375,53.62186050415039,28.2261962890625
2008-07-09,36.704959869384766,29.173280715942383,38.6542854309082,91.5,51.728668212890625,50.48250961303711,38.4632453918457,89.5489730834961,53.858089447021484,26.30019187927246
2008-07-10,37.7037353515625,29.70132827758789,38.987213134765625,93.52999877929688,52.23617935180664,50.194908142089844,38.9188117980957,89.9149169921875,53.852298736572266,26.80877113342285
2008-07-11,38.22809600830078,29.502458572387695,38.373924255371094,95.16000366210938,52.525089263916016,49.808170318603516,38.299964904785156,88.86725616455078,53.08616638183594,26.67691993713379
2008-07-14,38.2447395324707,29.46588706970215,38.29215621948242,95.91000366210938,51.658390045166016,49.832923889160156,38.01631164550781,88.06353759765625,53.552772521972656,25.749231338500977
2008-07-15,37.02956771850586,28.974393844604492,37.67888259887695,96.16999816894531,51.43976974487305,49.823036193847656,38.0249137878418,86.82207489013672,53.53550720214844,25.4996395111084
2008-07-16,36.463592529296875,29.811050415039062,38.373924255371094,94.44000244140625,53.329315185546875,49.431297302246094,38.970394134521484,88.95332336425781,52.567771911621094,27.359731674194336
2008-07-17,35.60630798339844,29.95049285888672,38.958003997802734,94.22000122070312,53.40740203857422,49.26271057128906,39.22823715209961,89.84317779541016,52.297035217285156,27.689376831054688
2008-07-18,34.99872589111328,29.692180633544922,39.209163665771484,94.16999816894531,53.78218078613281,49.17344665527344,38.32575607299805,90.40290832519531,52.1011848449707,27.736461639404297
2008-07-21,35.42320251464844,30.060226440429688,39.436954498291016,95.12000274658203,54.43806076049805,49.22804641723633,38.489051818847656,90.45313262939453,52.302799224853516,27.94367027282715
2008-07-22,34.64915466308594,30.078510284423828,39.571285247802734,93.05999755859375,55.80449295043945,49.54536056518555,38.489051818847656,91.4792709350586,52.04356384277344,28.69240379333496
2008-07-23,33.86677932739258,30.121946334838867,39.717308044433594,90.56999969482422,56.16366195678711,49.371795654296875,38.99615478515625,91.9744644165039,51.93992614746094,29.502363204956055
2008-07-24,33.89175033569336,29.00868797302246,38.99305725097656,91.33000183105469,54.74258041381836,49.808170318603516,38.411685943603516,90.06560516357422,52.446800231933594,27.548107147216797
2008-07-25,33.46726989746094,29.207563400268555,39.074825286865234,91.69000244140625,55.18764114379883,49.54536056518555,38.910213470458984,90.04409790039062,51.9226188659668,28.000165939331055
2008-07-28,33.63373565673828,28.713794708251953,38.420654296875,91.7300033569336,54.25067138671875,49.832923889160156,38.17961883544922,88.72372436523438,52.446800231933594,27.54338836669922
2008-07-29,33.25086975097656,30.304813385009766,38.800296783447266,90.58999633789062,55.578067779541016,49.708953857421875,38.970394134521484,90.61817169189453,52.233673095703125,28.824264526367188
2008-07-30,33.90839767456055,29.98936653137207,39.162437438964844,89.5199966430664,55.913795471191406,49.94697189331055,39.168067932128906,92.23277282714844,52.28550720214844,28.725364685058594
2008-07-31,33.625404357910156,29.317283630371094,38.776939392089844,90.08000183105469,55.68735122680664,50.25936508178711,39.07351303100586,91.01286315917969,52.803955078125,28.36748504638672
2008-08-01,33.25086975097656,29.11841583251953,38.19870376586914,89.56999969482422,55.75764083862305,50.078060150146484,38.57500076293945,90.53205108642578,52.920711517333984,28.391023635864258
2008-08-04,32.152217864990234,28.226892471313477,37.83656692504883,88.13999938964844,55.24229431152344,50.08304214477539,38.18821716308594,89.6924819946289,52.79930114746094,27.97661781311035
2008-08-05,31.927492141723633,28.59035301208496,38.79446029663086,86.08000183105469,56.187068939208984,49.863868713378906,39.47749328613281,92.11080169677734,52.40616226196289,29.23394775390625
2008-08-06,31.586244583129883,29.159557342529297,38.80614471435547,86.63999938964844,56.46818542480469,49.938541412353516,40.079158782958984,92.51982116699219,52.19230651855469,29.09267807006836
2008-08-07,31.761030197143555,28.158313751220703,38.02932357788086,86.08999633789062,55.62490463256836,50.35205078125,39.76972579956055,91.14200592041016,53.04212951660156,28.325096130371094
2008-08-08,30.87045669555664,28.226892471313477,38.18701934814453,84.43000030517578,57.09281921386719,50.40182113647461,40.67222213745117,92.8355484008789,53.18662643432617,29.149185180664062
2008-08-11,30.8371639251709,27.9320068359375,38.151973724365234,81.12999725341797,58.45924377441406,50.17266082763672,41.04180908203125,93.79715728759766,52.6778678894043,30.090999603271484
2008-08-12,30.570823669433594,27.698833465576172,37.87745666503906,80.5199966430664,58.02199172973633,50.476600646972656,41.08478927612305,92.82122039794922,53.169281005859375,29.41759490966797
2008-08-13,31.594562530517578,27.691980361938477,37.28169631958008,81.55999755859375,58.232791900634766,50.21257019042969,40.998836517333984,92.261474609375,52.98427963256836,28.989072799682617
2008-08-14,31.319904327392578,28.055444717407227,37.13568115234375,79.3499984741211,58.79500198364258,50.35699462890625,41.471553802490234,92.95755767822266,53.32537078857422,29.455276489257812
2008-08-15,30.895423889160156,27.61654281616211,36.89036560058594,77.62999725341797,58.63880157470703,50.471622467041016,41.39421081542969,93.4096450805664,53.787906646728516,29.41289520263672
2008-08-18,31.070209503173828,27.150205612182617,36.70346450805664,78.80000305175781,57.881439208984375,50.49153137207031,40.91285705566406,92.1323013305664,54.00175094604492,29.007898330688477
2008-08-19,31.552947998046875,26.92389678955078,36.288761138916016,80.43000030517578,56.921077728271484,50.41178894042969,40.40575408935547,91.1277084350586,53.793678283691406,28.292137145996094
2008-08-20,31.802642822265625,27.60968780517578,36.50486755371094,80.05999755859375,56.99913024902344,50.4167594909668,40.47450637817383,91.5510482788086,53.94397735595703,28.334522247314453
2008-08-21,33.16763687133789,27.56854248046875,36.65089797973633,82.30000305175781,56.343238830566406,50.11789321899414,40.285423278808594,91.70891571044922,53.84571838378906,27.830642700195312
2008-08-22,32.04402160644531,27.54796600341797,36.82027816772461,81.08000183105469,57.53006362915039,50.1378173828125,40.818336486816406,93.03649139404297,53.811038970947266,28.777170181274414
2008-08-25,31.860904693603516,26.978759765625,36.24203872680664,80.93000030517578,56.265167236328125,50.46164321899414,39.95882034301758,91.14920043945312,54.348628997802734,27.905996322631836
2008-08-26,31.877552032470703,27.026771545410156,36.42310333251953,81.2300033569336,56.35105895996094,50.52138900756836,39.9072380065918,91.41471099853516,54.39488983154297,28.235628128051758
2008-08-27,32.177188873291016,27.60282325744629,36.76770782470703,81.36000061035156,57.02254867553711,50.44173812866211,40.16511535644531,92.30455017089844,54.48741912841797,28.518163681030273
2008-08-28,31.54463005065918,27.794845581054688,37.240814208984375,82.18000030517578,58.17818832397461,50.431785583496094,40.4917106628418,93.42400360107422,54.49321365356445,29.24336814880371
2008-08-29,31.4281063079834,27.46566390991211,37.129844665527344,81.70999908447266,57.67842483520508,50.332115173339844,39.64078140258789,92.41932678222656,54.250404357910156,29.040868759155273
2008-09-02,30.612438201904297,26.635866165161133,36.55744552612305,79.19999694824219,57.66279220581055,50.5307502746582,39.1508674621582,91.84529113769531,54.75514602661133,29.229238510131836
2008-09-03,30.43765640258789,26.19696807861328,36.405582427978516,78.88999938964844,57.897037506103516,50.630828857421875,38.78129196166992,91.76638793945312,54.98723220825195,29.69072151184082
2008-09-04,30.004850387573242,24.989978790283203,34.846099853515625,78.38999938964844,56.0777587890625,50.64583206176758,37.52638626098633,89.00360107421875,55.42818069458008,28.85721778869629
2008-09-05,29.705217361450195,25.34659767150879,34.71759796142578,78.9800033569336,55.93724060058594,50.59580612182617,37.34590530395508,89.283447265625,55.39920425415039,28.86192512512207
2008-09-08,29.63863754272461,25.66205406188965,35.49443054199219,78.86000061035156,56.59310531616211,50.68087387084961,37.277137756347656,91.1277084350586,55.63130187988281,30.109834671020508
2008-09-09,28.55662727355957,24.22191047668457,34.34379577636719,76.48999786376953,55.28915023803711,50.85602569580078,36.48637771606445,88.42232513427734,56.1824836730957,28.984363555908203
2008-09-10,28.598241806030273,24.612808227539062,34.67670440673828,74.22000122070312,55.80449295043945,50.83600616455078,36.7872200012207,88.7811279296875,55.834354400634766,29.036169052124023
2008-09-11,28.356870651245117,24.249343872070312,34.600791931152344,73.08000183105469,56.155860900878906,50.440696716308594,37.47481918334961,90.06560516357422,55.80537414550781,29.478822708129883
2008-09-12,28.54830551147461,25.058565139770508,35.2783203125,75.55000305175781,56.413509368896484,50.05540084838867,37.328697204589844,90.48182678222656,55.08589172363281,29.384641647338867
2008-09-15,27.424686431884766,23.090362548828125,33.77723693847656,77.55999755859375,53.8836784362793,49.68505859375,36.168357849121094,86.17626190185547,56.87296676635742,27.689376831054688
2008-09-16,26.867034912109375,23.289243698120117,33.526084899902344,76.79000091552734,55.437503814697266,46.53254699707031,36.45199966430664,87.61863708496094,56.861385345458984,29.055007934570312
2008-09-17,27.67437744140625,21.636499404907227,32.246944427490234,85.45999908447266,52.93891525268555,44.40083312988281,34.56106185913086,83.67902374267578,57.14568328857422,27.383275985717773
2008-09-18,27.724319458007812,23.4606876373291,33.712982177734375,82.80000305175781,56.06215286254883,45.00630569458008,35.730003356933594,86.1618881225586,56.310142517089844,29.70956802368164
2008-09-19,28.639860153198242,26.38213539123535,36.101863861083984,85.9800033569336,58.56075668334961,46.41242218017578,36.89801788330078,89.58370971679688,54.52309036254883,30.594863891601562
2008-09-22,29.630308151245117,24.660808563232422,34.86945724487305,89.18000030517578,56.17926788330078,46.687644958496094,35.16062927246094,87.55561828613281,54.51730728149414,28.023717880249023
2008-09-23,29.339000701904297,23.89273452758789,34.37883758544922,88.31999969482422,55.429710388183594,46.20730209350586,34.893985748291016,85.56359100341797,54.308406829833984,28.212066650390625
2008-09-24,29.097631454467773,24.167049407958984,34.47812271118164,86.70999908447266,54.7254524230957,46.087162017822266,35.134822845458984,85.83782196044922,54.54627227783203,28.017444610595703
2008-09-25,29.6053409576416,25.408309936523438,35.27248001098633,86.44999694824219,55.0071907043457,46.28733825683594,35.693878173828125,87.18031311035156,54.436073303222656,28.365684509277344
2008-09-26,29.255769729614258,24.544233322143555,34.89866256713867,86.63999938964844,55.265380859375,45.03636932373047,35.3326416015625,87.22360229492188,54.83061981201172,29.243467330932617
2008-09-29,27.44133186340332,21.67765235900879,31.00286102294922,89.56999969482422,50.899227142333984,40.93303298950195,32.52873229980469,80.38861083984375,56.42622375488281,27.058557510375977
2008-09-30,28.207054138183594,23.43325424194336,32.88359069824219,85.06999969482422,53.20750427246094,44.93126678466797,33.46624755859375,83.71588897705078,55.051090240478516,29.004945755004883
2008-10-01,27.549531936645508,23.714431762695312,32.638275146484375,85.97000122070312,52.44068908691406,45.345943450927734,33.113609313964844,83.76641082763672,55.7436408996582,28.303678512573242
2008-10-02,26.02640151977539,21.636499404907227,31.213138580322266,82.33000183105469,49.74901580810547,44.68743133544922,31.608428955078125,80.72785186767578,56.19179153442383,26.47654914855957
2008-10-03,25.418811798095703,21.067298889160156,31.090476989746094,82.58999633789062,49.06044006347656,44.667381286621094,31.11817741394043,79.63802337646484,56.68654251098633,25.331619262695312
2008-10-06,24.336803436279297,19.483137130737305,29.332401275634766,84.27999877929688,46.72871398925781,44.149600982666016,29.982866287231445,75.58174896240234,57.71664047241211,24.57309913635254
2008-10-07,24.636438369750977,17.967554092407227,27.959814071655273,87.2699966430664,43.661441802978516,44.97397994995117,28.08206558227539,72.19673919677734,57.54206848144531,22.464521408081055
2008-10-08,24.99433135986328,17.967554092407227,27.334854125976562,89.41999816894531,42.61294937133789,44.652286529541016,27.858434677124023,70.37794494628906,56.71559524536133,22.154438018798828
2008-10-09,23.82909393310547,16.643993377685547,25.699438095092773,89.9000015258789,39.11533737182617,43.46095657348633,27.110149383544922,65.46282958984375,56.238338470458984,20.39887237548828
2008-10-10,22.772058486938477,16.836009979248047,24.741546630859375,83.22000122070312,41.04021072387695,41.068206787109375,26.938140869140625,63.87495040893555,55.84255599975586,22.35002899169922
2008-10-13,24.037172317504883,20.669538497924805,28.672393798828125,81.98999786376953,44.58475112915039,43.330257415771484,30.215087890625,73.14944458007812,55.12673568725586,23.77165412902832
2008-10-14,23.59604835510254,19.6408634185791,28.08247947692871,82.19999694824219,43.33283233642578,42.65164566040039,28.907751083374023,72.06682586669922,54.77170181274414,22.154438018798828
2008-10-15,22.522363662719727,16.465686798095703,25.08615493774414,83.30999755859375,39.4439811706543,42.65164566040039,26.318864822387695,64.97200012207031,55.29551696777344,19.311185836791992
2008-10-16,22.097885131835938,17.27491569519043,26.563871383666992,79.29000091552734,42.02610778808594,43.0990104675293,27.746620178222656,67.67860412597656,55.01034164428711,20.432266235351562
2008-10-17,22.347579956054688,16.73314094543457,25.99730682373047,77.20999908447266,40.844573974609375,42.732078552246094,27.781024932861328,67.27438354492188,54.632057189941406,20.21281623840332
2008-10-20,22.797027587890625,17.905832290649414,27.65609359741211,78.5,42.79290771484375,44.03398132324219,28.55510711669922,71.31621551513672,55.06855392456055,20.360713958740234
2008-10-21,21.98136329650879,16.479406356811523,26.096614837646484,76.02999877929688,41.61139678955078,44.47129821777344,27.07575225830078,69.18706512451172,55.35954666137695,19.664209365844727
2008-10-22,20.940969467163086,14.744364738464355,24.1925106048584,71.70999908447266,39.50656509399414,43.958614349365234,26.327463150024414,65.41951751708984,56.48280715942383,18.275976181030273
2008-10-23,21.02420425415039,15.155834197998047,24.72402000427246,70.6500015258789,38.3328742980957,44.23505401611328,26.224254608154297,66.17736053466797,56.9018440246582,17.79892349243164
2008-10-24,20.183568954467773,13.592245101928711,23.123647689819336,72.20999908447266,36.90879440307617,44.4110107421875,25.381364822387695,62.82119369506836,56.29656982421875,16.787565231323242
2008-10-27,20.033750534057617,13.235641479492188,21.908761978149414,72.18000030517578,35.101314544677734,44.12449264526367,24.67608642578125,60.59099578857422,56.337318420410156,15.833456039428711
2008-10-28,20.583078384399414,16.006210327148438,24.928443908691406,73.79000091552734,37.91033172607422,43.8328857421875,27.402572631835938,67.67139434814453,55.51665496826172,18.309370040893555
2008-10-29,21.798254013061523,15.49872875213623,24.986860275268555,74.0,38.10596466064453,44.57183837890625,27.333776473999023,67.1805648803711,55.23729705810547,17.66057586669922
2008-10-30,20.899356842041016,17.590373992919922,25.862979888916016,72.70999908447266,40.24209213256836,44.24006652832031,28.245479583740234,69.50460052490234,54.73685073852539,18.60514259338379
2008-10-31,21.132402420043945,17.439498901367188,26.0323486328125,71.33999633789062,42.057403564453125,44.05915069580078,28.288475036621094,69.88713073730469,54.02677536010742,19.802553176879883
2008-11-03,20.899356842041016,17.281768798828125,26.137489318847656,71.0999984741211,42.112178802490234,44.42031478881836,28.22826385498047,70.08921813964844,54.17280197143555,19.15375518798828
2008-11-04,21.84819221496582,18.859079360961914,27.930614471435547,75.4800033569336,42.5972900390625,44.72342300415039,29.028156280517578,72.47102355957031,55.1895751953125,20.227128982543945
2008-11-05,21.2822208404541,16.458829879760742,26.41200828552246,72.80000305175781,40.36725997924805,45.59231948852539,27.514385223388672,69.42520141601562,55.844017028808594,18.237808227539062
2008-11-06,20.350032806396484,15.629034042358398,24.70650291442871,72.22000122070312,38.80234146118164,45.90555953979492,26.284460067749023,65.5782699584961,55.44083786010742,17.38388442993164
2008-11-07,20.375,16.897729873657227,26.102447509765625,72.5,39.60829544067383,45.58222961425781,26.826318740844727,67.7435302734375,55.078575134277344,18.485876083374023
2008-11-10,20.508169174194336,17.055461883544922,25.71111488342285,73.58000183105469,38.69281005859375,45.6024169921875,26.465084075927734,66.85579681396484,55.347347259521484,16.830501556396484
2008-11-11,20.116985321044922,15.9924898147583,24.864206314086914,72.05000305175781,37.8555793762207,45.748966217041016,25.88882064819336,64.79158020019531,55.51096725463867,16.596744537353516
2008-11-12,19.526039123535156,14.806084632873535,23.52666473388672,70.0,35.64902877807617,45.73883819580078,24.693283081054688,61.94068908691406,55.86737823486328,15.408872604370117
2008-11-13,19.89225959777832,16.856586456298828,25.530052185058594,72.1500015258789,38.58326721191406,45.42563247680664,26.198442459106445,65.8020248413086,54.529296875,17.10242462158203
2008-11-14,19.767412185668945,15.238130569458008,24.06402015686035,73.30000305175781,35.711639404296875,45.41550827026367,24.925518035888672,62.51805877685547,55.61027145385742,15.175125122070312
2008-11-17,19.317962646484375,14.984390258789062,23.625961303710938,72.6500015258789,35.406463623046875,45.743900299072266,24.400850296020508,61.68806838989258,55.85570526123047,14.626507759094238
2008-11-18,19.026655197143555,14.764942169189453,23.666841506958008,72.51000213623047,35.23432540893555,45.7994499206543,24.375051498413086,62.850067138671875,56.574405670166016,14.488164901733398
2008-11-19,18.81025505065918,13.4893798828125,22.08399200439453,72.26000213623047,32.36268615722656,45.870147705078125,23.102108001708984,58.82269287109375,58.02354431152344,12.541778564453125
2008-11-20,17.85309600830078,12.522427558898926,20.86911392211914,73.44999694824219,30.148317337036133,45.37001419067383,21.98398780822754,54.45610427856445,61.02113342285156,11.549497604370117
2008-11-21,18.161048889160156,14.326040267944336,22.352664947509766,78.8499984741211,31.799312591552734,45.89543914794922,22.938697814941406,57.39362335205078,60.138797760009766,12.398658752441406
2008-11-24,19.409515380859375,15.19698715209961,23.690208435058594,80.91000366210938,34.03715896606445,45.69334030151367,24.34065818786621,61.37047576904297,59.198020935058594,14.507245063781738
2008-11-25,18.760316848754883,14.908955574035645,24.122426986694336,80.87000274658203,34.60054397583008,45.91059112548828,24.22884750366211,61.82518768310547,60.93930435180664,14.736230850219727
2008-11-26,19.35957908630371,16.0473575592041,24.385257720947266,80.37999725341797,36.6740608215332,45.668128967285156,25.24375343322754,64.21416473388672,61.02113342285156,15.53291130065918
2008-11-28,18.518943786621094,15.738754272460938,24.373586654663086,80.30999755859375,37.04182815551758,45.53673553466797,25.04592514038086,65.02255249023438,61.77492904663086,15.303922653198242
2008-12-01,17.94464874267578,14.22317123413086,22.38187599182129,75.6500015258789,32.87910461425781,46.24860382080078,23.162317276000977,59.262977600097656,64.14064025878906,12.317564010620117
2008-12-02,17.952970504760742,15.12154769897461,23.59674835205078,76.94999694824219,34.608341217041016,46.59892272949219,23.93640899658203,61.543704986572266,64.38689422607422,13.953866958618164
2008-12-03,17.74489402770996,15.244987487792969,23.912155151367188,76.18000030517578,35.656856536865234,46.92388153076172,24.61587905883789,63.02325439453125,64.56861114501953,14.736230850219727
2008-12-04,16.812702178955078,14.593496322631836,23.176225662231445,75.5,34.4753303527832,46.969566345214844,23.91920280456543,61.56536102294922,65.84088897705078,14.330731391906738
2008-12-05,16.39655303955078,15.457585334777832,23.4682559967041,74.5199966430664,36.071556091308594,46.64972686767578,24.891109466552734,63.46352005004883,64.7738265991211,15.847768783569336
2008-12-08,17.153953552246094,16.44511604309082,24.583847045898438,76.19999694824219,37.66777420043945,47.13204574584961,25.871612548828125,65.67932891845703,64.63314056396484,17.32663917541504
2008-12-09,16.77941131591797,16.21880531311035,24.35605812072754,76.33000183105469,36.501922607421875,47.451881408691406,25.811416625976562,64.59668731689453,65.9112319946289,15.823906898498535
2008-12-10,17.287120819091797,17.18576431274414,24.99853515625,79.75,37.362613677978516,47.5635871887207,25.72539710998535,65.0369644165039,65.75294494628906,17.18352508544922
2008-12-11,17.836448669433594,16.746858596801758,24.8875675201416,80.6500015258789,35.46906280517578,47.72608184814453,25.020118713378906,63.47075653076172,65.88189697265625,14.73145866394043
2008-12-12,18.22763442993164,16.98002815246582,25.13287353515625,80.80999755859375,36.689697265625,47.98501205444336,25.52757453918457,64.2286148071289,65.88189697265625,16.2723445892334
2008-12-15,17.711917877197266,16.753719329833984,25.197128295898438,82.5999984741211,35.50818634033203,47.96980285644531,25.08032989501953,63.33366012573242,66.63236236572266,15.704658508300781
2008-12-16,17.965551376342773,18.09099006652832,26.645641326904297,84.45999908447266,37.81644821166992,48.95475387573242,26.284460067749023,66.314453125,68.27983093261719,17.62718391418457
2008-12-17,17.72037124633789,17.77553367614746,26.51130485534668,85.43000030517578,38.160743713378906,49.680850982666016,25.966217041015625,65.6720962524414,70.132568359375,17.951581954956055
2008-12-18,17.449831008911133,17.3846378326416,25.699438095092773,83.87000274658203,37.918182373046875,50.88410949707031,25.5103759765625,64.44512939453125,71.6041488647461,16.458393096923828
2008-12-19,17.331470489501953,17.446359634399414,25.32562255859375,82.62999725341797,38.10596466064453,50.12759780883789,25.719680786132812,64.16790771484375,71.68038177490234,17.612871170043945
2008-12-22,16.84111785888672,16.79486083984375,25.150394439697266,83.45999908447266,37.370452880859375,50.731842041015625,25.15981101989746,63.34571075439453,71.12922668457031,16.949764251708984
2008-12-23,16.908754348754883,16.65577507019043,24.961711883544922,82.62999725341797,36.827213287353516,50.89933395385742,25.03060531616211,62.69086456298828,71.0354232788086,16.854347229003906
2008-12-24,16.64666748046875,16.77399444580078,25.292953491210938,83.45999908447266,36.96125411987305,51.02627182006836,25.099515914916992,63.054656982421875,70.88298797607422,17.05281639099121
2008-12-26,16.908754348754883,16.718360900878906,25.4112606048584,85.5999984741211,37.48951721191406,51.1227912902832,25.090898513793945,63.418460845947266,71.11756134033203,17.29782485961914
2008-12-29,17.094749450683594,16.690547943115234,25.41718101501465,86.3499984741211,36.9139518737793,51.28180694580078,24.88417625427246,63.2365837097168,71.03221130371094,16.303075790405273
2008-12-30,17.196199417114258,17.13562774658203,26.180217742919922,85.9000015258789,37.938899993896484,51.73046875,25.400981903076172,64.73545837402344,71.70874786376953,16.954801559448242
2008-12-31,17.914823532104492,17.36511993408203,26.535123825073242,86.5199966430664,38.821922302246094,51.8274040222168,25.616313934326172,65.65950775146484,70.20863342285156,17.86135482788086
2009-01-02,18.540449142456055,18.192699432373047,26.878196716308594,86.2300033569336,39.594581604003906,51.297115325927734,26.727453231811523,67.63859558105469,68.44387817382812,17.292930603027344
2009-01-05,18.734895706176758,18.42914581298828,26.446401596069336,84.4800033569336,39.73651123046875,51.64894104003906,26.71883773803711,67.55858612060547,66.67916107177734,16.97441291809082
2009-01-06,19.225252151489258,18.846410751342773,26.73032569885254,85.12999725341797,40.40666580200195,51.73561096191406,26.985855102539062,68.00967407226562,66.00847625732422,17.822145462036133
2009-01-07,18.244543075561523,17.76152229309082,26.268938064575195,82.75,39.21614074707031,51.302207946777344,26.21926498413086,65.9723892211914,66.26730346679688,17.224319458007812
2009-01-08,18.312175750732422,17.685020446777344,26.659347534179688,84.45999908447266,39.40536880493164,51.669307708740234,26.494892120361328,66.24161529541016,66.21436309814453,17.096914291381836
2009-01-09,18.100818634033203,17.302532196044922,25.73658561706543,83.91999816894531,37.946773529052734,52.31173324584961,25.90056037902832,64.8227767944336,66.31439971923828,16.219768524169922
2009-01-12,17.280744552612305,16.572317123413086,25.115507125854492,80.76000213623047,36.8193473815918,52.041542053222656,25.42682647705078,63.26567840576172,67.00265502929688,15.269125938415527
2009-01-13,17.568193435668945,16.621002197265625,24.65412712097168,80.87999725341797,37.308170318603516,51.929378509521484,25.435440063476562,63.38210678100586,67.07322692871094,15.729744911193848
2009-01-14,17.323015213012695,15.814295768737793,23.64264678955078,79.79000091552734,35.66824722290039,51.699893951416016,24.660232543945312,61.388450622558594,68.17919921875,14.90650749206543
2009-01-15,17.306108474731445,15.995112419128418,23.855592727661133,80.38999938964844,36.24378967285156,51.80183792114258,25.065052032470703,61.410282135009766,68.2909164428711,15.396533966064453
2009-01-16,17.38219451904297,16.16896629333496,23.997549057006836,82.70999908447266,36.64588165283203,51.80183792114258,25.340686798095703,61.890464782714844,67.23792266845703,15.979658126831055
2009-01-20,16.84111785888672,14.965852737426758,22.24076271057129,84.5199966430664,34.162357330322266,51.037113189697266,24.083133697509766,58.623538970947266,67.2262191772461,14.191079139709473
2009-01-21,16.908754348754883,15.779520988464355,23.329139709472656,84.1500015258789,35.865360260009766,50.78217315673828,25.108125686645508,61.15561294555664,65.10258483886719,15.6758451461792
2009-01-22,16.68893814086914,15.257942199707031,22.784954071044922,84.58000183105469,34.82464599609375,50.59347915649414,24.772207260131836,60.209720611572266,63.84960174560547,14.81830883026123
2009-01-23,17.46674346923828,15.452662467956543,22.6252498626709,88.52999877929688,34.99808883666992,50.25699996948242,24.892780303955078,60.471675872802734,63.34957504272461,15.269125938415527
2009-01-26,17.500558853149414,15.633478164672852,23.06888198852539,88.94999694824219,35.392311096191406,49.808319091796875,25.073671340942383,60.88641357421875,62.796607971191406,15.180923461914062
2009-01-27,17.02711296081543,15.91165828704834,23.5184268951416,88.37999725341797,35.77861785888672,50.74647521972656,25.254554748535156,61.50486755371094,64.27310943603516,15.396533966064453
2009-01-28,17.43292236328125,16.718360900878906,24.210491180419922,87.41999816894531,37.25297164916992,51.14923858642578,26.141740798950195,63.585845947265625,62.667179107666016,16.729393005371094
2009-01-29,17.22156524658203,15.869930267333984,23.11028480529785,89.5,35.79438400268555,50.53739929199219,25.478511810302734,61.51943588256836,61.22596740722656,15.362227439880371
2009-01-30,17.1201114654541,15.751704216003418,22.891427993774414,91.30999755859375,35.06904602050781,50.89432144165039,25.03060531616211,60.267913818359375,61.03183364868164,14.730097770690918
2009-02-02,16.79039192199707,15.591751098632812,22.666650772094727,88.83999633789062,35.35286331176758,50.6489143371582,25.332077026367188,60.086036682128906,62.16732406616211,15.087820053100586
2009-02-03,16.59593963623047,16.057695388793945,23.31731414794922,88.47000122070312,35.605159759521484,50.47980880737305,25.728294372558594,60.93007278442383,60.6867561340332,14.935908317565918
2009-02-04,16.68893814086914,16.175926208496094,23.199012756347656,89.18000030517578,35.344993591308594,50.50032424926758,25.762752532958984,60.63175582885742,60.47441864013672,14.573297500610352
2009-02-05,17.060932159423828,16.51668357849121,23.530263900756836,90.12000274658203,35.754981994628906,50.059661865234375,26.331235885620117,61.533973693847656,60.527503967285156,14.264579772949219
2009-02-06,17.187746047973633,17.34425926208496,24.074445724487305,89.58999633789062,37.02432632446289,50.356834411621094,27.020307540893555,63.287506103515625,60.338741302490234,15.254426002502441
2009-02-09,17.094749450683594,17.253856658935547,24.068523406982422,88.31999969482422,36.858760833740234,50.44907760620117,27.13228416442871,63.37482452392578,60.53335189819336,15.479833602905273
2009-02-10,16.87493324279785,16.210695266723633,22.873682022094727,90.20999908447266,35.15576171875,50.69500732421875,26.13313102722168,60.471675872802734,61.84882354736328,14.102873802185059
2009-02-11,16.773481369018555,16.6975040435791,23.122116088867188,92.29000091552734,35.289794921875,50.869224548339844,26.01253318786621,60.828189849853516,62.65108871459961,14.37238597869873
2009-02-12,16.798847198486328,16.59318733215332,23.051130294799805,93.16999816894531,35.58940124511719,50.91023635864258,26.331235885620117,60.871856689453125,62.061119079589844,14.127379417419434
2009-02-13,16.49448585510254,16.676637649536133,22.80269432067871,92.55000305175781,35.218849182128906,50.52080154418945,26.210641860961914,60.21699905395508,60.40953063964844,13.260025024414062
2009-02-17,15.572957992553711,15.612614631652832,21.59010124206543,95.44999694824219,33.82333755493164,50.7974967956543,25.168424606323242,57.64127731323242,62.291202545166016,12.319182395935059
2009-02-18,15.479961395263672,15.501348495483398,21.572362899780273,96.91000366210938,33.3423957824707,50.54641342163086,25.185644149780273,57.503021240234375,61.760337829589844,12.49559497833252
2009-02-19,15.860410690307617,15.355304718017578,21.54278564453125,95.7699966430664,32.877227783203125,50.13140869140625,24.798046112060547,56.88456726074219,60.71034240722656,11.956573486328125
2009-02-20,15.682867050170898,14.965852737426758,21.22928810119629,97.80000305175781,32.435707092285156,49.921329498291016,24.866962432861328,56.3315544128418,61.30021667480469,12.711202621459961
2009-02-23,15.530689239501953,14.597270011901855,20.418914794921875,97.7300033569336,31.190006256103516,49.75222396850586,23.99700164794922,54.31607437133789,61.86648178100586,11.755659103393555
2009-02-24,15.826592445373535,15.397026062011719,21.270687103271484,94.7300033569336,32.34107971191406,49.572906494140625,24.78943634033203,56.37521743774414,61.80165100097656,12.750410079956055
2009-02-25,16.012590408325195,15.132767677307129,20.68509864807129,93.1500015258789,31.670940399169922,48.8965950012207,24.625764846801758,55.931373596191406,61.08788299560547,12.505395889282227
2009-02-26,16.35076332092285,15.00062370300293,20.513553619384766,93.05999755859375,31.079614639282227,48.58399963378906,23.936708450317383,55.021881103515625,60.44491195678711,11.863462448120117
2009-02-27,16.156312942504883,14.764177322387695,20.513553619384766,92.62999725341797,30.866758346557617,48.245845794677734,23.71276092529297,53.79220199584961,60.09688186645508,11.70665454864502
2009-03-02,15.344691276550293,13.8670654296875,19.33645248413086,90.93000030517578,29.12434196472168,48.25200271606445,22.9461669921875,51.369266510009766,61.091758728027344,10.976523399353027
2009-03-03,15.446146965026855,14.061788558959961,19.25955581665039,90.04000091552734,28.572444915771484,47.98937225341797,22.928936004638672,50.98362731933594,60.68368911743164,11.020622253417969
2009-03-04,15.987225532531738,15.049311637878418,20.11724281311035,88.98999786376953,29.16374969482422,47.97388458251953,23.540494918823242,52.19145584106445,60.405704498291016,11.197032928466797
2009-03-05,15.85195541381836,14.430368423461914,19.30687713623047,91.98999786376953,27.610563278198242,47.84516906738281,22.834190368652344,50.059566497802734,62.08551788330078,10.50610065460205
2009-03-06,16.232402801513672,14.673771858215332,19.271390914916992,92.29000091552734,27.75248146057129,47.94818115234375,22.653305053710938,50.14686965942383,61.671478271484375,10.36398983001709
2009-03-09,16.139406204223633,14.388647079467773,18.7508602142334,90.56999969482422,27.11386489868164,46.62971878051758,22.17095184326172,49.5575065612793,61.3106575012207,10.594303131103516
2009-03-10,16.09713363647461,15.556974411010742,20.010778427124023,88.13999938964844,28.879920959472656,47.30440139770508,23.540494918823242,52.51163101196289,60.133541107177734,12.069269180297852
2009-03-11,15.58987045288086,15.556974411010742,20.123159408569336,89.22000122070312,28.919357299804688,47.31984329223633,23.90224838256836,52.85356903076172,60.78418731689453,11.873268127441406
2009-03-12,16.316946029663086,16.155059814453125,20.578624725341797,91.0999984741211,30.716938018798828,47.27863311767578,24.694686889648438,54.93455123901367,61.074073791503906,12.84351634979248
2009-03-13,16.1732177734375,16.245464324951172,20.71466636657715,91.30000305175781,31.040212631225586,47.716407775878906,24.754987716674805,55.363853454589844,60.76649475097656,12.56909465789795
2009-03-16,16.528305053710938,16.25937271118164,20.939441680908203,90.80000305175781,30.48042869567871,47.78336715698242,24.341535568237305,55.19648361206055,59.80820846557617,11.579251289367676
2009-03-17,16.88338851928711,16.614049911499023,21.489551544189453,90.04000091552734,31.891695022583008,47.65457534790039,25.263166427612305,56.88456726074219,59.482879638671875,12.456393241882324
2009-03-18,17.094749450683594,16.961769104003906,22.104721069335938,93.08999633789062,32.99550247192383,48.66917419433594,25.581867218017578,58.157875061035156,61.736572265625,13.13752269744873
2009-03-19,17.449831008911133,16.850505828857422,22.092885971069336,94.3499984741211,32.64860534667969,48.772178649902344,25.56464195251465,57.437538146972656,61.813472747802734,12.33388614654541
2009-03-20,17.686555862426758,16.621002197265625,21.78531265258789,93.58999633789062,31.52114486694336,48.27775192260742,25.1755313873291,56.21444320678711,61.470394134521484,11.270536422729492
2009-03-23,18.058547973632812,18.157920837402344,23.352802276611328,92.08000183105469,34.2017707824707,48.4271240234375,26.65949058532715,60.252288818359375,60.93802261352539,13.093424797058105
2009-03-24,17.762643814086914,17.594621658325195,22.619333267211914,90.94999694824219,32.873695373535156,47.94818115234375,26.167715072631836,59.065101623535156,61.5177001953125,12.08397388458252
2009-03-25,17.492103576660156,17.858888626098633,22.96832275390625,91.9800033569336,33.79916000366211,47.716407775878906,26.288494110107422,59.68800354003906,60.68958282470703,12.282862663269043
2009-03-26,17.79646110534668,18.345691680908203,23.275909423828125,91.93000030517578,35.10430145263672,47.96357727050781,27.099504470825195,60.90450668334961,61.393470764160156,12.557701110839844
2009-03-27,17.46674346923828,17.80324935913086,22.530611038208008,90.69000244140625,33.925716400146484,48.11294174194336,26.590473175048828,59.80524444580078,61.84896469116211,11.998029708862305
2009-03-30,16.83266258239746,16.885269165039062,21.67291831970215,89.9800033569336,32.952789306640625,48.07693099975586,25.934764862060547,57.73869705200195,62.08551788330078,11.343406677246094
2009-03-31,16.908754348754883,17.253856658935547,22.234853744506836,90.27999877929688,33.26128387451172,48.47344970703125,26.159082412719727,58.27366256713867,62.52920913696289,12.132948875427246
2009-04-01,16.866479873657227,17.82411003112793,22.81452751159668,91.02999877929688,33.83869934082031,48.400455474853516,26.54732894897461,59.4022331237793,63.09983825683594,12.067984580993652
2009-04-02,17.517467498779297,18.790771484375,23.843753814697266,88.80000305175781,35.53143310546875,48.41598129272461,27.401472091674805,61.13902282714844,62.32869338989258,12.942475318908691
2009-04-03,17.788007736206055,19.0202693939209,23.979806900024414,87.58999633789062,36.093048095703125,48.115596771240234,27.910503387451172,61.747222900390625,61.05326461791992,14.056833267211914
2009-04-06,17.568193435668945,18.783823013305664,23.482934951782227,85.2699966430664,35.47605514526367,48.08973693847656,27.841480255126953,61.26356887817383,60.79225540161133,13.896926879882812
2009-04-07,17.255380630493164,18.35264778137207,22.991985321044922,86.73999786376953,34.2183837890625,48.06902313232422,27.108125686645508,59.834598541259766,60.946533203125,12.857523918151855
2009-04-08,17.38219451904297,18.623868942260742,23.222675323486328,86.61000061035156,34.8511848449707,48.55065155029297,27.565393447875977,60.47947311401367,61.486305236816406,13.047412872314453
2009-04-09,17.635828018188477,19.437532424926758,23.843753814697266,86.30999755859375,36.891944885253906,48.87690353393555,28.419530868530273,62.88309860229492,60.715110778808594,14.796401023864746
2009-04-13,17.711917877197266,19.555755615234375,24.08036231994629,87.87999725341797,36.90774917602539,49.348175048828125,28.376394271850586,62.897762298583984,61.27277374267578,14.841371536254883
2009-04-14,17.390649795532227,19.242807388305664,23.84967613220215,87.37000274658203,35.83992385864258,49.47761917114258,28.031293869018555,61.81320571899414,61.59304428100586,13.582099914550781
2009-04-15,17.280744552612305,19.52098846435547,24.163171768188477,87.5,36.385704040527344,49.86088562011719,27.953649520874023,62.47269821166992,61.486305236816406,14.761419296264648
2009-04-16,17.20465660095215,19.68789291381836,24.316965103149414,85.80999755859375,37.43773651123047,50.073177337646484,28.678369522094727,63.38872146606445,60.99985885620117,15.256129264831543
2009-04-17,17.077838897705078,19.548803329467773,24.234153747558594,85.22000122070312,37.769935607910156,50.011085510253906,28.73876190185547,63.81379699707031,60.329532623291016,15.530972480773926
2009-04-20,16.4353084564209,18.596052169799805,23.240419387817383,86.94999694824219,35.83201217651367,49.73655319213867,27.815597534179688,61.13902282714844,61.24313735961914,13.931901931762695
2009-04-21,16.49448585510254,18.992448806762695,23.77277183532715,86.88999938964844,37.07387161254883,49.89189147949219,28.203847885131836,62.33348083496094,60.638031005859375,15.16618537902832
2009-04-22,16.519851684570312,18.832504272460938,23.583494186401367,87.37999725341797,37.06597900390625,49.767635345458984,28.290122985839844,61.95241165161133,60.27025604248047,14.636496543884277
2009-04-23,16.739662170410156,19.124588012695312,24.175003051757812,88.80000305175781,36.97895050048828,49.72621154785156,28.566200256347656,62.56065368652344,60.264305114746094,15.296110153198242
2009-04-24,16.993297576904297,19.48621368408203,24.54764747619629,89.72000122070312,37.667118072509766,49.8349723815918,29.066608428955078,63.50602340698242,59.6591911315918,16.020681381225586
2009-04-27,16.57057762145996,18.832504272460938,24.257810592651367,89.01000213623047,37.263710021972656,49.77280044555664,29.101112365722656,62.90507888793945,59.914329528808594,15.061238288879395
2009-04-28,16.452213287353516,18.76991081237793,24.027124404907227,87.75,37.319087982177734,49.6122932434082,28.88543128967285,62.70719909667969,58.935550689697266,15.261130332946777
2009-04-29,16.83266258239746,19.757434844970703,24.64228630065918,88.33000183105469,38.734947204589844,49.85050964355469,29.28229331970215,64.04094696044922,58.41347122192383,15.925745964050293
2009-04-30,16.891843795776367,19.93825340270996,24.796085357666016,87.2699966430664,38.37900924682617,49.81942367553711,29.57563591003418,64.06292724609375,58.18217086791992,15.855778694152832
2009-05-01,17.399106979370117,20.23033332824707,25.085922241210938,86.94999694824219,38.61631393432617,49.943275451660156,29.65328598022461,64.4073486328125,57.78169631958008,15.336087226867676
2009-05-04,17.737281799316406,21.628164291381836,26.126983642578125,88.63999938964844,40.024288177490234,50.06297302246094,30.239967346191406,66.59844207763672,57.972015380859375,16.600351333618164
2009-05-05,17.4836483001709,21.43344497680664,25.86672019958496,88.25,39.82655334472656,50.22432327270508,30.214078903198242,66.37129974365234,57.90069580078125,15.980711936950684
2009-05-06,17.948638916015625,21.802026748657227,26.493724822998047,89.54000091552734,39.937259674072266,50.44804763793945,30.22270965576172,67.52184295654297,57.763858795166016,16.590356826782227
2009-05-07,17.982460021972656,21.259584426879883,26.050094604492188,89.44000244140625,38.9959831237793,49.96406555175781,29.515260696411133,66.58379364013672,56.353633880615234,15.640901565551758
2009-05-08,18.430538177490234,21.96893882751465,27.17987060546875,89.9800033569336,40.34857177734375,50.281517028808594,29.53250503540039,68.13739013671875,56.490501403808594,16.685302734375
2009-05-11,18.27836036682129,21.45430564880371,26.48780632019043,89.69000244140625,39.75535202026367,50.43246078491211,29.63603401184082,66.8622817993164,57.29375457763672,16.050670623779297
2009-05-12,18.46435546875,21.6073055267334,26.7717342376709,90.69999694824219,39.1937370300293,50.57295608520508,29.273666381835938,66.6644287109375,57.50203323364258,16.005701065063477
2009-05-13,18.25299835205078,20.81450080871582,25.860815048217773,91.08999633789062,37.39816665649414,50.479286193847656,28.488554000854492,64.98625946044922,58.12677764892578,14.956305503845215
2009-05-14,18.37135887145996,21.113548278808594,26.115158081054688,91.02999877929688,37.92024612426758,50.59382629394531,28.80778694152832,65.54324340820312,58.35289764404297,15.311095237731934
2009-05-15,17.906368255615234,20.918819427490234,25.87854766845703,91.55000305175781,37.777854919433594,50.58340072631836,28.790525436401367,65.0082778930664,58.33506393432617,14.796401023864746
2009-05-18,18.379812240600586,22.080211639404297,26.866371154785156,90.36000061035156,39.0434455871582,50.510528564453125,29.5411376953125,66.85494232177734,57.4306526184082,15.985711097717285
2009-05-19,18.379812240600586,22.3305606842041,27.108884811401367,90.95999908447266,39.05927658081055,50.71347427368164,29.679162979125977,66.77435302734375,57.12714385986328,15.680886268615723
2009-05-20,18.675718307495117,22.400104522705078,27.286348342895508,92.25,38.69540786743164,51.00492858886719,29.57563591003418,66.32732391357422,57.728118896484375,15.55595874786377
2009-05-21,18.52353858947754,21.982839584350586,27.079315185546875,93.8499984741211,38.19709396362305,50.48448944091797,29.032093048095703,65.37468719482422,56.27630615234375,15.600935935974121
2009-05-22,18.794076919555664,22.080211639404297,27.233112335205078,94.1500015258789,37.80158996582031,50.41682815551758,28.937210083007812,65.23543548583984,55.65155792236328,15.216154098510742
2009-05-26,18.836349487304688,22.34447479248047,27.777307510375977,93.76000213623047,39.60505676269531,50.395999908447266,30.015657424926758,66.9062728881836,54.81258010864258,16.120622634887695
2009-05-27,18.92089080810547,22.08715057373047,27.239023208618164,93.44999694824219,38.83778762817383,50.047359466552734,29.80859375,65.71176147460938,53.842689514160156,15.535972595214844
2009-05-28,19.26752471923828,22.76869010925293,27.517038345336914,94.23999786376953,38.885250091552734,50.234703063964844,30.1536922454834,66.62781524658203,54.622154235839844,15.750845909118652
2009-05-29,19.639516830444336,23.116403579711914,28.06713104248047,96.19999694824219,39.68415832519531,50.97367477416992,30.524690628051758,67.8076171875,56.03234100341797,16.270538330078125
2009-06-01,20.18059539794922,24.090023040771484,28.759193420410156,95.7300033569336,41.234493255615234,50.95693588256836,31.396072387695312,69.44913482666016,54.37583541870117,17.105056762695312
2009-06-02,20.265140533447266,23.74230194091797,29.007638931274414,96.36000061035156,41.7486572265625,51.33352279663086,31.439208984375,69.50774383544922,54.66831588745117,16.75026512145996
2009-06-03,19.588788986206055,22.90082359313965,28.144039154052734,94.41000366210938,41.471805572509766,51.59505081176758,31.34432601928711,68.62842559814453,55.18170928955078,16.720287322998047
2009-06-04,20.307411193847656,23.325037002563477,28.32148551940918,96.2300033569336,42.0650520324707,51.370113372802734,31.698041915893555,69.27327728271484,54.04154586791992,17.254966735839844
2009-06-05,20.1975040435791,23.37372398376465,27.972497940063477,93.70999908447266,42.080875396728516,51.098175048828125,31.732559204101562,69.28792572021484,53.629642486572266,17.209993362426758
2009-06-08,20.14677619934082,23.012094497680664,27.913341522216797,93.55999755859375,41.5825309753418,50.99355697631836,31.637659072875977,69.00213623046875,53.492366790771484,16.895177841186523
2009-06-09,20.341228485107422,23.05381965637207,28.256418228149414,93.83000183105469,41.77238082885742,51.380584716796875,31.879226684570312,69.35385131835938,53.486385345458984,16.895177841186523
2009-06-10,20.265140533447266,23.345897674560547,28.309646606445312,93.86000061035156,41.60627365112305,51.228912353515625,31.76708221435547,69.17802429199219,52.64466857910156,16.600351333618164
2009-06-11,20.45113754272461,23.846620559692383,28.794696807861328,93.69999694824219,41.62208557128906,51.406742095947266,31.76708221435547,69.48576354980469,53.22969436645508,16.26055145263672
2009-06-12,20.16368865966797,23.464128494262695,28.646814346313477,92.16999816894531,41.7486572265625,51.78852462768555,31.620391845703125,69.67632293701172,53.70729064941406,16.850210189819336
2009-06-15,19.774784088134766,22.62264060974121,27.617584228515625,91.0999984741211,40.625431060791016,51.80421829223633,30.97332191467285,68.07878875732422,54.19075012207031,16.050670623779297
2009-06-16,19.69869613647461,22.281885147094727,27.29817771911621,91.93000030517578,39.94518280029297,51.77283477783203,30.671354293823242,67.15541076660156,55.13391876220703,15.755844116210938
2009-06-17,19.75787925720215,22.031522750854492,27.375064849853516,92.3499984741211,40.15875244140625,51.8355712890625,30.964679718017578,67.08949279785156,54.82354736328125,15.45601749420166
2009-06-18,19.783239364624023,21.96893882751465,27.327747344970703,91.61000061035156,40.3406867980957,51.17662048339844,30.90431022644043,67.58045959472656,53.99374008178711,15.560954093933105
2009-06-19,19.614152908325195,22.080211639404297,27.759553909301758,91.9000015258789,40.58589172363281,51.56364440917969,31.236003875732422,67.82957458496094,54.73398971557617,15.715871810913086
2009-06-22,18.9547119140625,21.28045082092285,26.866371154785156,90.54000091552734,39.146270751953125,51.751914978027344,30.303081512451172,65.79554748535156,55.26532745361328,14.896340370178223
2009-06-23,19.284433364868164,21.418563842773438,27.219757080078125,90.91999816894531,38.82988739013672,52.170345306396484,30.23396873474121,65.84715270996094,55.91594314575195,15.006277084350586
2009-06-24,19.275976181030273,21.888301849365234,27.243919372558594,91.44999694824219,39.249107360839844,52.086673736572266,30.743640899658203,66.41461944580078,55.3548469543457,15.333883285522461
2009-06-25,19.445064544677734,22.540327072143555,27.817798614501953,92.30999755859375,40.38022994995117,52.49457550048828,31.348318099975586,67.85901641845703,56.36964797973633,15.537043571472168
2009-06-26,19.284433364868164,22.65951156616211,27.763429641723633,92.29000091552734,40.522605895996094,52.52070999145508,31.41741943359375,67.6821517944336,56.465145111083984,15.669100761413574
2009-06-29,19.470428466796875,22.82777976989746,27.999021530151367,92.04000091552734,40.522605895996094,52.463199615478516,31.48653221130371,68.31593322753906,56.54867172241211,15.658939361572266
2009-06-30,19.12380027770996,22.596406936645508,27.672819137573242,91.18000030517578,40.40397262573242,52.447513580322266,31.426055908203125,67.76326751708984,56.45320510864258,15.750371932983398
2009-07-01,19.047710418701172,23.010059356689453,28.131912231445312,92.38999938964844,41.02885437011719,52.37657928466797,31.443336486816406,68.04328155517578,56.34122848510742,16.024641036987305
2009-07-02,18.624990463256836,22.379070281982422,27.322450637817383,91.25,39.61674118041992,52.38186264038086,30.75226402282715,66.18616485595703,56.472965240478516,15.176426887512207
2009-07-06,18.06700325012207,22.329992294311523,27.35869789123535,90.76000213623047,39.267486572265625,52.50794982910156,30.588134765625,66.17874145507812,56.36515426635742,15.557360649108887
2009-07-07,17.779556274414062,21.804166793823242,26.694202423095703,90.70999908447266,38.418155670166016,52.29777908325195,29.827987670898438,64.89645385742188,56.7424201965332,14.952950477600098
2009-07-08,17.559738159179688,21.551773071289062,26.585474014282227,89.2699966430664,38.156211853027344,52.775848388671875,29.983461380004883,64.85221862792969,57.790470123291016,14.810735702514648
2009-07-09,17.669645309448242,21.937381744384766,26.911672592163086,89.51000213623047,37.997459411621094,52.79685592651367,30.035297393798828,64.97750854492188,57.10174560546875,14.531376838684082
2009-07-10,17.534374237060547,21.677976608276367,26.597558975219727,89.58000183105469,38.18002700805664,53.007049560546875,30.164871215820312,64.82276153564453,57.62873840332031,14.511062622070312
2009-07-13,17.627376556396484,21.832216262817383,27.062698364257812,90.19000244140625,39.10077667236328,52.97549057006836,30.743640899658203,66.39984893798828,57.30538558959961,15.059612274169922
2009-07-14,17.627376556396484,22.070589065551758,27.20768165588379,90.80999755859375,39.33098602294922,52.85993194580078,30.85592269897461,66.77570343017578,56.35321044921875,15.242456436157227
2009-07-15,18.092363357543945,23.255441665649414,28.137956619262695,92.23999786376953,40.84706497192383,52.37133026123047,31.892526626586914,68.72864532470703,54.903961181640625,15.806238174438477
2009-07-16,18.1346378326416,23.297502517700195,28.385631561279297,91.9800033569336,41.355072021484375,52.73384094238281,32.27260971069336,68.61808776855469,55.49679946899414,15.989090919494629
2009-07-17,18.405176162719727,23.5358829498291,28.28293800354004,91.93000030517578,41.19633483886719,52.57097244262695,32.44537353515625,69.36982727050781,54.640480041503906,15.562437057495117
2009-07-20,18.70953369140625,24.377201080322266,28.832645416259766,93.27999877929688,41.70433044433594,52.786376953125,32.756351470947266,70.10675811767578,54.92786407470703,16.110980987548828
2009-07-21,18.641897201538086,24.307086944580078,29.01386833190918,93.12999725341797,41.632904052734375,53.5323486328125,32.9809684753418,70.4310302734375,56.02381896972656,16.065271377563477
2009-07-22,18.743350982666016,24.251001358032227,29.08635902404785,93.44000244140625,41.95835494995117,53.390499114990234,33.25737380981445,70.41629028320312,55.52076721191406,16.085590362548828
2009-07-23,19.132251739501953,24.938072204589844,29.57566261291504,93.26000213623047,43.28392791748047,53.30120086669922,33.991634368896484,71.97125244140625,54.50271987915039,16.725563049316406
2009-07-24,19.14916229248047,24.818897247314453,29.756887435913086,93.41000366210938,43.50618362426758,53.448299407958984,33.73246383666992,72.26604461669922,54.76618576049805,16.842376708984375
2009-07-27,19.225252151489258,25.036239624023438,29.787094116210938,93.70999908447266,43.728431701660156,53.32746887207031,33.991634368896484,72.479736328125,54.13739013671875,17.086181640625
2009-07-28,19.013893127441406,24.924057006835938,29.66023063659668,92.11000061035156,43.75224685668945,53.5323486328125,33.758392333984375,72.1407470703125,54.61647033691406,17.07094383239746
2009-07-29,18.52353858947754,24.363176345825195,29.418601989746094,91.19999694824219,43.52999496459961,53.86857223510742,33.98300552368164,71.96389770507812,54.915950775146484,16.857614517211914
2009-07-30,19.09843635559082,24.966123580932617,29.992481231689453,91.62000274658203,44.2919921875,54.16276168823242,34.18167495727539,72.715576171875,55.694435119628906,17.462038040161133
2009-07-31,19.4788818359375,25.085308074951172,30.451580047607422,93.3499984741211,44.109432220458984,54.877235412597656,34.077999114990234,72.81876373291016,56.77836990356445,17.446796417236328
2009-08-03,20.02841567993164,26.024778366088867,31.15835189819336,93.87000274658203,44.8793830871582,54.36631774902344,34.58766555786133,74.01998138427734,55.91792297363281,17.76170539855957
2009-08-04,20.0368709564209,25.786405563354492,31.11001968383789,94.68000030517578,45.331851959228516,54.09184646606445,34.58766555786133,74.21161651611328,55.473289489746094,18.73181915283203
2009-08-05,20.248231887817383,25.569076538085938,30.983158111572266,94.77999877929688,44.8793830871582,54.10237503051758,34.319881439208984,73.99789428710938,54.644073486328125,19.447975158691406
2009-08-06,19.783239364624023,25.358736038208008,30.78986930847168,94.5999984741211,44.2523078918457,53.954551696777344,34.01754379272461,73.61466217041016,54.83033752441406,19.300678253173828
2009-08-07,19.690244674682617,25.611143112182617,30.759654998779297,93.75,45.31596755981445,53.94403839111328,34.44944763183594,74.58008575439453,54.373687744140625,20.37744903564453
2009-08-10,19.681787490844727,25.32368278503418,30.572391510009766,92.93000030517578,45.39534378051758,54.112953186035156,34.207584381103516,74.42534637451172,55.05263900756836,19.94064712524414
2009-08-11,19.385883331298828,24.8469295501709,30.3972110748291,92.79000091552734,44.66508483886719,54.3927001953125,33.913875579833984,73.49677276611328,55.68958282470703,19.361631393432617
2009-08-12,19.487335205078125,25.0712890625,30.741533279418945,92.94999694824219,45.33977127075195,53.91764831542969,34.44081115722656,74.28527069091797,55.09470748901367,19.503843307495117
2009-08-13,19.74942398071289,25.505971908569336,31.212717056274414,93.72000122070312,45.712833404541016,54.44021224975586,34.63085174560547,74.85275268554688,55.875858306884766,19.60542869567871
2009-08-14,19.191436767578125,25.043245315551758,30.946922302246094,93.0,44.776206970214844,54.42966079711914,34.2335090637207,74.27790832519531,56.09218215942383,19.442895889282227
2009-08-17,18.90398597717285,24.06170082092285,29.950191497802734,91.61000061035156,43.51411819458008,54.5193977355957,33.24007797241211,72.45027923583984,56.92134475708008,18.406757354736328
2009-08-18,19.275976181030273,24.587533950805664,30.469694137573242,92.05999755859375,44.093570709228516,54.382144927978516,33.715206146240234,73.02510833740234,56.59092712402344,18.589599609375
2009-08-19,19.411245346069336,24.650630950927734,30.729446411132812,92.52999877929688,44.63332748413086,54.556339263916016,33.94844055175781,73.666259765625,57.05959701538086,18.44230842590332
2009-08-20,19.250614166259766,25.07830047607422,30.946922302246094,92.2699966430664,45.117515563964844,54.81496047973633,34.345794677734375,74.42534637451172,57.52827835083008,19.17877769470215
2009-08-21,19.394338607788086,25.456897735595703,31.62348175048828,93.6500015258789,46.1573371887207,54.5669059753418,34.803627014160156,75.88450622558594,56.34455108642578,19.68160629272461
2009-08-24,19.42815589904785,25.569076538085938,31.617450714111328,92.33999633789062,46.141483306884766,54.84662628173828,34.76907730102539,75.87710571289062,57.36605453491211,19.61557960510254
2009-08-25,19.14916229248047,25.512983322143555,31.931564331054688,92.76000213623047,46.33991241455078,54.94164276123047,34.87273025512695,76.0245132446289,57.6905517578125,19.833988189697266
2009-08-26,19.09843635559082,25.435861587524414,31.798667907714844,92.79000091552734,46.44310760498047,55.30582809448242,34.8122673034668,76.0318603515625,57.95492172241211,19.89493751525879
2009-08-27,19.25906753540039,25.386783599853516,32.0402946472168,93.19000244140625,46.371673583984375,55.05247497558594,34.89863586425781,76.20138549804688,57.72660827636719,20.087936401367188
2009-08-28,19.216794967651367,25.253570556640625,32.05841827392578,93.87000274658203,46.077972412109375,55.32696533203125,34.933197021484375,76.18665313720703,57.990966796875,20.265714645385742
2009-08-31,18.692625045776367,24.755794525146484,31.822824478149414,93.4000015258789,45.40327072143555,55.59613800048828,34.57902908325195,75.50863647460938,58.045040130615234,19.945728302001953
2009-09-01,18.405176162719727,24.286056518554688,31.03148078918457,93.9000015258789,44.38726043701172,55.31719970703125,33.93115234375,73.8431167602539,57.90459442138672,18.87911605834961
2009-09-02,18.44744873046875,24.54546356201172,30.995254516601562,96.19000244140625,44.16501235961914,55.48159408569336,33.905250549316406,73.56310272216797,58.74852752685547,18.498172760009766
2009-09-03,18.354450225830078,25.036239624023438,31.23688316345215,97.45999908447266,44.657135009765625,55.57701873779297,34.129844665527344,74.17477416992188,58.38682556152344,18.86895179748535
2009-09-04,18.27836036682129,25.519989013671875,31.714099884033203,97.52999877929688,45.28421401977539,55.61414337158203,34.86409378051758,75.2138671875,57.39220428466797,19.08735466003418
2009-09-08,18.61653709411621,26.045820236206055,32.34233856201172,97.43000030517578,45.784297943115234,55.47100067138672,35.192359924316406,75.86238098144531,56.98834991455078,19.752717971801758
2009-09-09,18.692625045776367,26.186038970947266,32.741024017333984,97.08000183105469,46.57011032104492,55.45509719848633,35.49469757080078,76.44461822509766,56.922035217285156,20.13873291015625
2009-09-10,18.794076919555664,26.529573440551758,33.03099060058594,97.69999694824219,47.14955139160156,55.82099151611328,35.83159255981445,77.22576141357422,57.970909118652344,20.438404083251953
2009-09-11,18.548900604248047,26.543596267700195,32.98869323730469,98.77999877929688,47.165435791015625,56.32477569580078,35.866146087646484,77.21099853515625,58.29043197631836,20.40284538269043
2009-09-14,18.44744873046875,26.445451736450195,33.055152893066406,97.95999908447266,47.66549301147461,56.03841018676758,36.00434112548828,77.58685302734375,57.711708068847656,21.007266998291016
2009-09-15,18.878620147705078,26.760936737060547,33.06118392944336,98.9000015258789,48.05445098876953,56.00662612915039,36.116641998291016,77.9111099243164,57.41633605957031,21.342491149902344
2009-09-16,19.12380027770996,27.433988571166992,33.713600158691406,99.91000366210938,49.046653747558594,56.18162155151367,36.64356994628906,79.09027099609375,57.51880645751953,22.211009979248047
2009-09-17,19.132251739501953,27.286758422851562,33.496131896972656,99.33999633789062,48.94346618652344,56.457393646240234,36.634944915771484,78.97232818603516,58.24214172363281,22.11451530456543
2009-09-18,18.963165283203125,27.363882064819336,33.58673858642578,98.66999816894531,49.14189147949219,56.10205078125,36.69631576538086,79.02269744873047,57.72376251220703,22.144994735717773
2009-09-21,18.548900604248047,27.125505447387695,33.23033905029297,98.36000061035156,49.006961822509766,56.234642028808594,36.808746337890625,78.82278442382812,57.856361389160156,21.79961585998535
2009-09-22,18.85325813293457,27.539154052734375,33.68943786621094,99.66999816894531,49.34510803222656,56.367225646972656,36.877906799316406,79.2818374633789,57.97690963745117,22.490371704101562
2009-09-23,18.430538177490234,27.125505447387695,33.39948272705078,98.83000183105469,48.875675201416016,56.39375686645508,36.7049674987793,78.6228256225586,58.15174102783203,21.67770767211914
2009-09-24,18.193817138671875,26.592670440673828,32.91017150878906,97.55000305175781,47.89704132080078,56.483917236328125,36.37641906738281,77.7564926147461,58.320526123046875,20.886262893676758
2009-09-25,18.050090789794922,26.704849243164062,32.771236419677734,97.0,47.602664947509766,56.70128631591797,36.05647659301758,77.3418197631836,59.061946868896484,20.952943801879883
2009-09-28,18.21072769165039,27.04838752746582,33.21825408935547,97.05000305175781,48.74040985107422,56.844478607177734,36.670387268066406,78.72648620605469,59.580360412597656,21.819787979125977
2009-09-29,18.143091201782227,27.111478805541992,33.01890182495117,97.43000030517578,48.52561569213867,56.62177658081055,36.5060920715332,78.48959350585938,59.526153564453125,21.465864181518555
2009-09-30,18.650354385375977,27.27974510192871,33.03099060058594,98.8499984741211,47.92888259887695,56.574012756347656,36.532039642333984,78.18597412109375,59.471832275390625,21.26070785522461
2009-10-01,18.531991958618164,26.536577224731445,32.16715621948242,97.88999938964844,46.49673843383789,55.99448013305664,35.451202392578125,76.24593353271484,60.2863655090332,20.306665420532227
2009-10-02,18.34599494934082,26.543596267700195,31.81075668334961,98.37000274658203,46.14665222167969,55.63225555419922,35.34743881225586,75.89051818847656,59.86912155151367,20.163053512573242
2009-10-05,18.937801361083984,27.160568237304688,32.26985168457031,99.81999969482422,46.9741325378418,55.930572509765625,35.632789611816406,77.02345275878906,59.875186920166016,20.717002868652344
2009-10-06,18.70953369140625,27.60926628112793,32.81351852416992,102.27999877929688,47.84931945800781,55.81339645385742,36.26399230957031,78.12675476074219,59.28257751464844,20.660585403442383
2009-10-07,18.743350982666016,27.581212997436523,32.93434524536133,102.36000061035156,47.865230560302734,56.17028045654297,36.367767333984375,78.3414535522461,59.977970123291016,20.64519691467285
2009-10-08,19.115345001220703,27.91774559020996,33.41156005859375,103.63999938964844,48.30281448364258,55.85600280761719,36.52340316772461,78.94125366210938,59.34913635253906,21.04014778137207
2009-10-09,19.191436767578125,27.938779830932617,33.32698440551758,102.83999633789062,48.867740631103516,55.365970611572266,36.73091125488281,79.42256164550781,57.98857116699219,21.219663619995117
2009-10-12,19.580333709716797,28.170154571533203,33.526336669921875,103.55999755859375,48.875675201416016,55.557701110839844,36.808746337890625,79.73355102539062,58.07928466796875,21.188894271850586
2009-10-13,19.800151824951172,28.21921157836914,33.45384216308594,104.26000213623047,48.66881561279297,55.664215087890625,36.817386627197266,79.57064056396484,58.38160705566406,20.891395568847656
2009-10-14,19.952327728271484,29.130659103393555,34.25726318359375,104.18000030517578,49.59970474243164,55.397918701171875,37.31889724731445,80.94049835205078,57.51694869995117,21.65565299987793
2009-10-15,20.15523338317871,28.969404220581055,34.41432571411133,102.86000061035156,49.56787109375,55.387271881103516,37.23242950439453,81.23668670654297,57.2508544921875,21.47100257873535
2009-10-16,20.20595932006836,28.569774627685547,33.89482498168945,103.18000030517578,49.07459259033203,55.42988204956055,36.99031066894531,80.62950897216797,57.716495513916016,20.906784057617188
2009-10-19,20.493408203125,29.116626739501953,34.4384765625,104.2300033569336,49.48036193847656,55.7121696472168,37.36213684082031,81.2959213256836,58.170013427734375,21.358154296875
2009-10-20,20.366588592529297,28.731029510498047,34.25726318359375,103.41999816894531,48.796119689941406,56.069061279296875,37.370765686035156,80.866455078125,58.484397888183594,20.963207244873047
2009-10-21,20.797765731811523,28.5767822265625,34.14249038696289,103.75,48.135738372802734,55.83470916748047,37.30158233642578,80.14080810546875,58.13370132446289,20.696491241455078
2009-10-22,20.966854095458984,28.815156936645508,34.474735260009766,103.91999816894531,48.804080963134766,56.16493606567383,37.44859313964844,80.95533752441406,57.84950637817383,21.240188598632812
2009-10-23,20.89076042175293,28.5767822265625,33.93106460571289,103.48999786376953,47.785648345947266,55.85600280761719,37.29296875,80.02973175048828,57.41414260864258,20.98885726928711
2009-10-26,20.510316848754883,28.21921157836914,33.4176025390625,101.86000061035156,47.35600662231445,55.62163543701172,37.17190170288086,79.1634292602539,56.670413970947266,20.93756103515625
2009-10-27,20.366588592529297,27.728452682495117,33.15180206298828,101.8499984741211,46.77521896362305,56.10105895996094,36.60984802246094,78.80057525634766,57.44439697265625,20.63494300842285
2009-10-28,19.84242057800293,26.4594669342041,32.35441207885742,100.7300033569336,45.21577453613281,55.72282409667969,35.78843688964844,77.31221771240234,57.716495513916016,19.768091201782227
2009-10-29,20.459590911865234,27.630292892456055,33.30885696411133,102.69000244140625,46.07506561279297,55.792049407958984,36.393699645996094,78.97086334228516,57.08761978149414,20.670839309692383
2009-10-30,19.943872451782227,26.340280532836914,32.197357177734375,102.52999877929688,44.817962646484375,56.29277801513672,35.4166145324707,76.68279266357422,57.916046142578125,20.311800003051758
2009-11-02,20.29050064086914,26.732887268066406,32.51148986816406,103.94999694824219,44.730430603027344,56.209327697753906,35.5636100769043,77.24559020996094,57.660057067871094,20.306665420532227
2009-11-03,20.57794952392578,26.774953842163086,32.38462448120117,106.45999908447266,45.406715393066406,55.95245361328125,35.676025390625,77.48992156982422,57.08374786376953,20.604156494140625
2009-11-04,20.56104278564453,27.27273941040039,32.7108268737793,107.0999984741211,44.75432586669922,56.171852111816406,35.7365608215332,77.68988800048828,56.56203842163086,20.163053512573242
2009-11-05,20.45113754272461,27.8336181640625,33.1336784362793,106.9800033569336,46.17847442626953,56.209327697753906,36.61849594116211,79.11898040771484,56.56203842163086,20.619550704956055
2009-11-06,20.087596893310547,27.798566818237305,33.23033905029297,107.43000030517578,46.2103271484375,56.35915756225586,36.83467483520508,79.32632446289062,56.616641998291016,20.281024932861328
2009-11-09,20.417316436767578,28.822162628173828,34.160621643066406,108.19000244140625,47.117340087890625,56.391239166259766,37.621517181396484,81.13301086425781,56.683387756347656,21.281221389770508
2009-11-10,20.315866470336914,28.68895149230957,33.97938919067383,108.38999938964844,46.822959899902344,56.353763580322266,37.71662902832031,81.14785766601562,56.58022689819336,21.12221908569336
2009-11-11,20.45113754272461,28.93433952331543,34.08209228515625,109.5999984741211,47.14915466308594,56.56248092651367,37.95875930786133,81.56254577636719,56.81681823730469,21.517160415649414
2009-11-12,20.14677619934082,28.289329528808594,33.58673858642578,108.20999908447266,46.28192138671875,56.56248092651367,37.74256896972656,80.73316955566406,56.71371078491211,21.296606063842773
2009-11-13,20.12986946105957,28.773096084594727,34.05792236328125,109.73999786376953,46.72747039794922,56.728397369384766,38.053863525390625,81.1700439453125,56.97455978393555,21.583845138549805
2009-11-16,20.713220596313477,29.49521827697754,34.601600646972656,111.62999725341797,47.96070861816406,56.995906829833984,38.44295883178711,82.34739685058594,57.64183807373047,22.10702896118164
2009-11-17,20.814674377441406,29.390050888061523,34.37204360961914,111.97000122070312,47.96070861816406,57.081539154052734,38.564002990722656,82.44364929199219,57.951194763183594,21.722332000732422
2009-11-18,20.831581115722656,29.158693313598633,34.263301849365234,112.25,47.865230560302734,56.89427185058594,38.34782791137695,82.39180755615234,57.61148452758789,22.117294311523438
2009-11-19,20.535680770874023,28.618837356567383,33.616939544677734,112.30000305175781,46.671783447265625,56.9638557434082,37.7512321472168,81.31817626953125,57.71463394165039,21.6094970703125
2009-11-20,20.510316848754883,28.499664306640625,33.4296875,112.94000244140625,46.61607360839844,56.69630432128906,37.56098556518555,81.02936553955078,57.70249938964844,21.455610275268555
2009-11-23,20.603315353393555,29.095590591430664,34.0277214050293,114.29000091552734,47.42763900756836,56.69630432128906,38.1662483215332,82.05859375,57.62969207763672,21.72747039794922
2009-11-24,20.366588592529297,28.93433952331543,33.88877868652344,114.7300033569336,47.21282958984375,56.91566848754883,38.03654861450195,82.18453216552734,57.99367141723633,21.40432357788086
2009-11-25,20.856945037841797,29.27086639404297,34.34184265136719,116.62000274658203,47.20484924316406,57.12437057495117,38.20084762573242,82.47327423095703,58.2606315612793,21.491518020629883
2009-11-27,20.620222091674805,28.135087966918945,33.35115051269531,115.05999755859375,45.81250762939453,57.10832214355469,37.621517181396484,81.13301086425781,58.4789924621582,20.865755081176758
2009-11-30,20.848491668701172,28.40851593017578,33.45988845825195,115.63999938964844,46.21827697753906,57.39192581176758,37.664756774902344,81.40702819824219,58.61850357055664,21.64539909362793
2009-12-01,21.000669479370117,29.221786499023438,34.378082275390625,117.37999725341797,46.93434143066406,57.104949951171875,38.053863525390625,82.41404724121094,57.96553421020508,21.96340560913086
2009-12-02,20.856945037841797,29.340974807739258,34.432437896728516,119.18000030517578,47.491275787353516,57.115718841552734,38.10572052001953,82.37700653076172,58.01422882080078,22.32244873046875
2009-12-03,20.840036392211914,29.067548751831055,34.35391616821289,118.69999694824219,46.910465240478516,57.09960174560547,37.95009231567383,81.73281860351562,57.4117317199707,22.07111930847168
2009-12-04,20.67095184326172,29.333965301513672,34.23310852050781,113.75,48.07209396362305,56.86316680908203,38.14895248413086,82.19929504394531,56.80315017700195,22.722532272338867
2009-12-07,20.48495101928711,29.081565856933594,34.04583740234375,113.11000061035156,48.143707275390625,56.83624267578125,37.967376708984375,82.07342529296875,56.876163482666016,22.245515823364258
2009-12-08,20.282047271728516,28.541725158691406,33.45384216308594,110.94999694824219,47.76973342895508,57.078125,37.73393630981445,81.16265106201172,56.96141052246094,22.117294311523438
2009-12-09,20.02841567993164,28.717002868652344,33.41156005859375,110.83999633789062,47.61856460571289,56.75028991699219,38.1143684387207,81.46625518798828,56.699710845947266,22.07111930847168
2009-12-10,19.918508529663086,28.88526725769043,33.51425552368164,110.81999969482422,47.42763900756836,56.79866409301758,38.304603576660156,81.92532348632812,56.04853820800781,21.983924865722656
2009-12-11,20.01996421813965,28.990427017211914,33.50217056274414,109.31999969482422,47.873172760009766,56.52996063232422,38.15760040283203,82.27336120605469,56.04243469238281,22.33783531188965
2009-12-14,20.12986946105957,29.186735153198242,33.828369140625,110.23999786376953,48.59720230102539,56.841609954833984,38.520774841308594,82.83611297607422,56.10934829711914,22.7430477142334
2009-12-15,20.0368709564209,28.88526725769043,33.45384216308594,110.20999908447266,48.46194076538086,56.4332275390625,38.304603576660156,82.45103454589844,55.85988998413086,22.517366409301758
2009-12-16,20.383501052856445,29.053546905517578,33.84649658203125,111.58999633789062,48.772239685058594,56.64817428588867,38.35647964477539,82.57695007324219,55.79296112060547,22.681503295898438
2009-12-17,20.07068634033203,28.21921157836914,33.049110412597656,107.33999633789062,48.23122787475586,56.88993835449219,37.88955307006836,81.58470153808594,56.71186828613281,22.543018341064453
2009-12-18,20.15523338317871,28.296337127685547,33.12764358520508,108.94999694824219,48.6767692565918,56.79866409301758,38.50709915161133,82.04629516601562,56.46849060058594,22.69176483154297
2009-12-21,19.96078109741211,28.26129150390625,33.22429275512695,106.94999694824219,49.32123565673828,56.524566650390625,38.94014358520508,82.88007354736328,55.464351654052734,22.9995059967041
2009-12-22,20.10450553894043,28.546112060546875,33.43520736694336,106.16999816894531,49.78269958496094,56.28810501098633,39.17399597167969,83.17784881591797,55.153968811035156,23.240596771240234
2009-12-23,20.459590911865234,28.82881736755371,33.739994049072266,106.55000305175781,50.42418670654297,56.46541213989258,39.45981216430664,83.34159851074219,55.16610336303711,23.51757049560547
2009-12-24,20.57794952392578,29.11859130859375,33.87409591674805,108.36000061035156,50.615928649902344,56.20210266113281,39.82358169555664,83.7362289428711,54.5941047668457,23.857343673706055
2009-12-28,20.94148826599121,29.217531204223633,34.020381927490234,108.55000305175781,50.53601837158203,56.051666259765625,40.03144836425781,83.91484832763672,54.44194030761719,23.97163963317871
2009-12-29,20.899215698242188,29.112905502319336,34.07526397705078,107.47000122070312,50.512046813964844,56.221656799316406,39.86687088012695,83.79573822021484,54.801090240478516,23.6131591796875
2009-12-30,20.873855590820312,29.240161895751953,33.93505859375,106.93000030517578,50.48011016845703,56.286376953125,39.988136291503906,83.76597595214844,55.161376953125,23.649532318115234
2009-12-31,20.814674377441406,29.339130401611328,33.69732666015625,107.30999755859375,49.88097381591797,56.205440521240234,39.62437057495117,82.96194458007812,54.89875793457031,23.244287490844727
2010-01-04,21.338844299316406,30.194561004638672,34.581207275390625,109.80000305175781,51.11122131347656,56.50227355957031,40.20465087890625,84.36897277832031,54.84990692138672,23.145586013793945
2010-01-05,21.36421012878418,30.413719177246094,34.61168670654297,109.69999694824219,50.93546676635742,56.77207946777344,40.20465087890625,84.59229278564453,55.20413589477539,23.119598388671875
2010-01-06,21.744653701782227,30.477352142333984,34.75798797607422,111.51000213623047,50.88751983642578,56.60479736328125,39.96216583251953,84.65189361572266,54.465145111083984,23.078046798706055
2010-01-07,21.47411346435547,30.30060577392578,34.62387466430664,110.81999969482422,51.26300048828125,56.674930572509766,39.988136291503906,85.00923919677734,54.556766510009766,23.327421188354492
2010-01-08,21.457204818725586,30.540983200073242,34.89818572998047,111.37000274658203,51.542572021484375,56.79905700683594,40.317264556884766,85.29209899902344,54.532318115234375,23.15596580505371
2010-01-11,21.389570236206055,30.477352142333984,35.184688568115234,112.8499984741211,51.33489227294922,56.85841751098633,40.1526985168457,85.4112319946289,54.233070373535156,23.29105567932129
2010-01-12,20.933032989501953,29.98954963684082,34.770172119140625,110.48999786376953,50.77568435668945,56.96636962890625,39.650352478027344,84.61466217041016,55.161376953125,22.901390075683594
2010-01-13,20.9499454498291,30.081453323364258,35.062767028808594,111.54000091552734,51.430747985839844,56.728904724121094,40.14404296875,85.32933807373047,54.520118713378906,23.363788604736328
2010-01-14,20.840036392211914,30.003677368164062,35.33098220825195,112.02999877929688,51.622467041015625,56.93398666381836,40.178672790527344,85.56011199951172,55.28349304199219,23.34300422668457
2010-01-15,20.603315353393555,29.657268524169922,34.776275634765625,110.86000061035156,50.871551513671875,56.912384033203125,39.71098327636719,84.59974670410156,55.625526428222656,23.166364669799805
2010-01-19,20.73858642578125,30.25818634033203,35.117637634277344,111.5199966430664,51.80621337890625,56.9609489440918,40.35189437866211,85.6568832397461,55.46672821044922,23.639144897460938
2010-01-20,20.349681854248047,29.530019760131836,34.221561431884766,108.94000244140625,51.05529022216797,56.92316818237305,39.77161407470703,84.78588104248047,56.02863311767578,23.374164581298828
2010-01-21,20.096054077148438,28.63924217224121,33.49006271362305,107.37000274658203,50.216468811035156,57.07429885864258,39.399192810058594,83.155517578125,56.285125732421875,22.703969955444336
2010-01-22,19.884693145751953,28.00296974182129,32.83782196044922,107.16999816894531,49.313777923583984,56.98792266845703,38.24726486206055,81.30182647705078,56.18738555908203,22.132471084594727
2010-01-25,19.977691650390625,28.20798683166504,33.240142822265625,107.4800033569336,49.36968994140625,56.98257064819336,38.37718963623047,81.71871948242188,55.9309196472168,22.288345336914062
2010-01-26,19.75787925720215,27.621206283569336,33.05117416381836,107.55999755859375,48.882389068603516,56.83146286010742,38.41181564331055,81.37627410888672,55.949241638183594,22.080516815185547
2010-01-27,19.470428466796875,27.55051612854004,33.01460266113281,106.52999877929688,49.4016227722168,56.62635040283203,38.714969635009766,81.76337432861328,55.91867446899414,22.277950286865234
2010-01-28,19.402793884277344,27.359621047973633,32.45988464355469,106.4800033569336,48.55484390258789,56.545387268066406,37.71894454956055,80.82537078857422,55.888145446777344,22.085702896118164
2010-01-29,19.182979583740234,27.06269645690918,31.990516662597656,105.95999908447266,48.01961135864258,56.9069938659668,37.06070327758789,79.9468765258789,56.37677001953125,21.961023330688477
2010-02-01,19.647972106933594,27.790876388549805,32.575706481933594,108.3499984741211,48.58680725097656,56.653350830078125,37.46776580810547,81.19014739990234,55.8649787902832,22.361068725585938
2010-02-02,20.07068634033203,28.017108917236328,33.118228912353516,109.12999725341797,49.12205123901367,56.832191467285156,37.8055534362793,82.17282104492188,56.02436828613281,22.667600631713867
2010-02-03,19.82551383972168,27.854509353637695,32.77075958251953,108.69999694824219,48.79450988769531,56.7725715637207,38.01340866088867,81.76337432861328,55.37468338012695,22.298728942871094
2010-02-04,19.16607093811035,26.596099853515625,31.435802459716797,104.37000274658203,47.16482925415039,56.76716613769531,36.91346740722656,79.23968505859375,56.25111389160156,21.472640991210938
2010-02-05,18.92089080810547,26.29917335510254,31.380939483642578,104.68000030517578,47.34856033325195,56.5937385559082,37.22526550292969,79.40347290039062,56.373687744140625,21.86750602722168
2010-02-08,18.92934799194336,26.03759765625,30.759174346923828,104.04000091552734,46.87724304199219,56.64792251586914,36.95676040649414,78.83023071289062,56.44720458984375,21.38951873779297
2010-02-09,19.26752471923828,26.885955810546875,31.728397369384766,105.41000366210938,47.52431106567383,56.517879486083984,37.33785629272461,79.82037353515625,55.88334655761719,21.321989059448242
2010-02-10,19.343610763549805,26.815261840820312,31.52723503112793,105.12000274658203,47.63615798950195,56.078880310058594,37.25990295410156,79.66403198242188,55.350120544433594,21.363542556762695
2010-02-11,19.571880340576172,27.522235870361328,31.819826126098633,107.12999725341797,48.395084381103516,56.20887756347656,37.82286071777344,80.49784088134766,55.049827575683594,21.56616973876953
2010-02-12,19.461977005004883,27.17580795288086,31.5455265045166,107.04000091552734,48.746585845947266,56.273983001708984,37.90081787109375,80.43080139160156,55.27658462524414,21.82075309753418
2010-02-16,20.053781509399414,27.875703811645508,32.246543884277344,109.62000274658203,49.569400787353516,56.49618911743164,38.385841369628906,81.69637298583984,55.38081359863281,22.43899917602539
2010-02-17,19.952327728271484,27.974679946899414,32.289215087890625,109.25,49.9049186706543,56.306488037109375,38.60237121582031,82.08348083496094,54.749507904052734,22.641626358032227
2010-02-18,20.12986946105957,28.080732345581055,32.47207260131836,109.9800033569336,50.312339782714844,56.268558502197266,38.844886779785156,82.56743621826172,54.52885818481445,22.97931671142578
2010-02-19,20.248231887817383,27.84036636352539,32.27091979980469,109.47000122070312,50.37626266479492,56.469085693359375,38.82755661010742,82.73860931396484,54.82307815551758,22.994911193847656
2010-02-22,20.138324737548828,27.875703811645508,32.331878662109375,109.06999969482422,50.52804183959961,56.50159454345703,38.74959945678711,82.75353240966797,54.5963249206543,23.052061080932617
2010-02-23,19.80860137939453,27.232378005981445,31.874683380126953,107.88999938964844,49.93687438964844,56.637088775634766,38.24726486206055,81.74849700927734,55.448204040527344,22.87541961669922
2010-02-24,19.969236373901367,27.49394416809082,32.07585144042969,107.36000061035156,50.36028289794922,56.88096618652344,38.637020111083984,82.5003662109375,55.583065032958984,23.10919952392578
2010-02-25,19.631059646606445,27.267715454101562,31.880794525146484,108.30999755859375,50.37626266479492,56.82136917114258,38.62834167480469,82.38874816894531,55.8956184387207,23.19753646850586
2010-02-26,19.977691650390625,27.54343605041504,32.07585144042969,109.43000030517578,50.168556213378906,57.1953010559082,38.766929626464844,82.44081115722656,56.1837272644043,23.1871337890625
2010-03-01,19.774784088134766,28.010038375854492,32.32577896118164,109.43000030517578,51.33489227294922,57.26880645751953,39.32991027832031,83.29695129394531,56.159095764160156,23.384572982788086
2010-03-02,19.986146926879883,28.32817268371582,32.569602966308594,111.0199966430664,51.72634506225586,57.38853454589844,39.4511604309082,83.52775573730469,56.08530807495117,23.394954681396484
2010-03-03,20.18059539794922,28.363510131835938,32.95973587036133,111.62999725341797,52.021915435791016,57.508235931396484,39.49446487426758,83.6021728515625,55.943870544433594,23.332612991333008
2010-03-04,20.0030517578125,28.215059280395508,32.87440490722656,110.83000183105469,52.157711029052734,57.535499572753906,39.62437057495117,83.85530853271484,56.2390022277832,23.47808265686035
2010-03-05,20.239774703979492,28.950300216674805,33.51445388793945,110.80999755859375,53.22020721435547,57.46474838256836,40.221981048583984,85.0538558959961,55.5012321472168,24.117124557495117
2010-03-08,20.214414596557617,28.971515655517578,33.51445388793945,109.87999725341797,53.31607437133789,57.55723190307617,40.299930572509766,85.06875610351562,55.21223831176758,24.361309051513672
2010-03-09,19.994598388671875,29.134117126464844,33.43520736694336,109.72000122070312,53.5078125,57.50282669067383,40.525115966796875,85.21019744873047,55.22459411621094,24.41845703125
2010-03-10,20.053781509399414,29.339130401611328,33.575401306152344,108.47000122070312,53.96315002441406,57.55723190307617,40.85423278808594,85.58985137939453,55.08311080932617,24.636661529541016
2010-03-11,20.0030517578125,29.34619903564453,33.703426361083984,108.5999984741211,54.122947692871094,57.535499572753906,41.01014709472656,85.94720458984375,55.2860221862793,24.782133102416992
2010-03-12,19.884693145751953,29.247230529785156,33.928958892822266,107.94999694824219,54.09895706176758,57.655216217041016,41.01881790161133,85.95466613769531,55.63036346435547,24.979557037353516
2010-03-15,19.647972106933594,29.035137176513672,33.69123840332031,108.36000061035156,53.91520309448242,57.64433288574219,40.914878845214844,85.97700500488281,55.55656814575195,24.922401428222656
2010-03-16,19.91005516052246,29.40983772277832,34.11792755126953,110.4000015258789,54.37855911254883,57.911048889160156,41.17469787597656,86.66192626953125,55.999229431152344,25.525081634521484
2010-03-17,20.087596893310547,29.72797203063965,34.300804138183594,109.58999633789062,54.69810104370117,58.12331008911133,41.28729248046875,87.17552947998047,56.2390022277832,25.90433692932129
2010-03-18,20.045324325561523,29.50173568725586,34.09964370727539,110.33999633789062,54.53033447265625,58.00901412963867,41.42588424682617,87.13089752197266,56.05455017089844,25.764068603515625
2010-03-19,19.800151824951172,29.11996841430664,33.75218200683594,108.27999877929688,53.85129928588867,57.96547317504883,41.17530822753906,86.68988800048828,56.109920501708984,25.48351287841797
2010-03-22,19.800151824951172,29.22601318359375,33.84971618652344,107.75,54.6102409362793,58.05799102783203,41.54810333251953,87.1533203125,56.171390533447266,25.805631637573242
2010-03-23,19.71560287475586,29.431045532226562,34.08744430541992,108.31999969482422,55.30522918701172,58.0199089050293,41.834251403808594,87.76628875732422,55.9069709777832,25.732891082763672
2010-03-24,19.49578857421875,28.99271583557129,33.52663803100586,106.30000305175781,54.674171447753906,57.58995819091797,41.63481521606445,87.34019470214844,54.886375427246094,25.8731746673584
2010-03-25,19.385883331298828,28.914953231811523,33.50835418701172,106.77999877929688,54.329811096191406,57.38311767578125,41.57415008544922,87.19819641113281,54.535911560058594,25.936508178710938
2010-03-26,19.419702529907227,29.05634880065918,33.837528228759766,108.58999633789062,54.3057746887207,57.55723190307617,41.617496490478516,87.1458511352539,54.68965530395508,25.800411224365234
2010-03-29,19.859329223632812,29.579492568969727,34.124027252197266,108.75,54.60210418701172,57.508235931396484,41.8169059753418,87.69900512695312,54.480587005615234,25.878925323486328
2010-03-30,19.901601791381836,29.692617416381836,34.124027252197266,107.97000122070312,54.7702751159668,57.54092025756836,41.95561981201172,87.75882720947266,54.652713775634766,25.842294692993164
2010-03-31,19.884693145751953,29.777446746826172,34.124027252197266,108.94999694824219,54.29777526855469,57.56813430786133,41.75621795654297,87.45982360839844,55.02779006958008,25.549165725708008
2010-04-01,20.27359390258789,30.55511474609375,34.72750473022461,110.26000213623047,54.80231475830078,57.69335174560547,41.75621795654297,88.05780029296875,54.89326477050781,25.68002700805664
2010-04-05,20.594860076904297,30.830839157104492,34.76408004760742,110.88999938964844,55.827392578125,57.16305923461914,42.146385192871094,88.77543640136719,53.979896545410156,26.245338439941406
2010-04-06,20.57794952392578,30.922739028930664,34.66655349731445,111.02999877929688,56.1557502746582,57.29975128173828,42.26776885986328,88.98475646972656,54.06629943847656,26.847291946411133
2010-04-07,20.501863479614258,30.654098510742188,34.4227180480957,112.48999786376953,55.97957229614258,57.589473724365234,42.16373062133789,88.47643280029297,54.75749969482422,26.25580406188965
2010-04-08,20.468042373657227,30.76013946533203,34.386146545410156,112.6500015258789,55.923492431640625,57.48012924194336,42.25909423828125,88.78290557861328,54.78219985961914,26.287220001220703
2010-04-09,20.510316848754883,30.95102310180664,34.83723449707031,113.63999938964844,56.25984573364258,57.51841354370117,42.51053237915039,89.36597442626953,54.911766052246094,26.658845901489258
2010-04-12,20.493408203125,30.70357894897461,34.94695281982422,113.01000213623047,56.49209976196289,57.682376861572266,42.54521179199219,89.50804138183594,55.20182800292969,26.491355895996094
2010-04-13,20.56949806213379,30.639951705932617,34.91646957397461,112.69000244140625,56.62021255493164,57.890167236328125,42.76197052001953,89.57533264160156,55.380733489990234,27.140417098999023
2010-04-14,20.80622100830078,31.092409133911133,35.37974166870117,113.02999877929688,57.82951354980469,57.84091567993164,43.27351760864258,90.59192657470703,54.99199676513672,27.182292938232422
2010-04-15,20.882308959960938,30.922739028930664,35.355377197265625,113.6500015258789,58.005714416503906,57.93938446044922,43.46427536010742,90.6666488647461,55.05370330810547,26.439010620117188
2010-04-16,20.501863479614258,30.017826080322266,34.57511520385742,111.23999786376953,57.22888946533203,58.07601547241211,42.94402313232422,89.22396087646484,55.454864501953125,25.831811904907227
2010-04-19,20.239774703979492,29.897634506225586,34.48368453979492,111.1500015258789,56.9485969543457,57.928428649902344,42.91803741455078,89.56031799316406,55.31905746459961,25.946969985961914
2010-04-20,20.40041160583496,30.251121520996094,34.697025299072266,111.45999908447266,57.72541809082031,58.0542106628418,43.13479232788086,90.36018371582031,55.5166015625,26.386672973632812
2010-04-21,20.501863479614258,30.15215301513672,34.47148132324219,112.30999755859375,58.12582015991211,58.25645446777344,43.3775634765625,90.19575500488281,55.973243713378906,26.847291946411133
2010-04-22,20.552587509155273,30.279401779174805,34.160606384277344,111.83999633789062,58.74250793457031,58.12527084350586,43.62033462524414,90.4648208618164,55.80658721923828,27.260805130004883
2010-04-23,20.68785858154297,30.44199562072754,34.416622161865234,113.19000244140625,59.36716842651367,58.114315032958984,43.80241775512695,91.05538177490234,55.609134674072266,27.621990203857422
2010-04-26,20.586406707763672,30.44199562072754,34.45319747924805,112.75,59.14292907714844,58.14166259765625,43.70703887939453,90.71151733398438,55.670833587646484,27.841833114624023
2010-04-27,20.27359390258789,29.353281021118164,33.0694580078125,114.62999725341797,57.789485931396484,58.17986297607422,42.77931213378906,88.56613159179688,56.45458984375,26.951982498168945
2010-04-28,20.341228485107422,29.600717544555664,33.075557708740234,114.30999755859375,57.885589599609375,58.278316497802734,42.805328369140625,89.23893737792969,55.973243713378906,27.035736083984375
2010-04-29,20.501863479614258,30.08852195739746,33.58759307861328,114.27999877929688,59.11089324951172,58.42594909667969,43.55097198486328,90.34522247314453,56.207725524902344,28.25535774230957
2010-04-30,20.662494659423828,29.72797203063965,33.166988372802734,115.36000061035156,57.38104248046875,58.66646194458008,42.692623138427734,88.81282043457031,56.855709075927734,27.375967025756836
2010-05-03,20.763946533203125,29.890565872192383,33.404727935791016,115.7300033569336,58.67041015625,58.68404769897461,43.29085922241211,89.96401977539062,56.78141784667969,28.286762237548828
2010-05-04,20.20595932006836,28.519052505493164,32.081939697265625,114.87000274658203,56.82844924926758,58.75539779663086,41.99032211303711,87.84852600097656,57.80324935913086,27.642925262451172
2010-05-05,19.74942398071289,28.00296974182129,31.46627426147461,115.08999633789062,55.995567321777344,58.50288391113281,41.7735481262207,87.32524108886719,58.14381790161133,27.271282196044922
2010-05-06,19.360519409179688,26.857675552368164,30.06425666809082,118.48999786376953,53.8973388671875,57.5366096496582,40.37763595581055,84.42487335205078,59.93973922729492,26.151121139526367
2010-05-07,19.25906753540039,26.999069213867188,29.99720001220703,118.2699966430664,52.34368896484375,57.723270416259766,39.37189865112305,83.1690444946289,59.190391540527344,25.711429595947266
2010-05-10,19.631059646606445,28.9432373046875,31.941743850708008,117.56999969482422,55.28281021118164,58.08555603027344,41.41806411743164,86.83189392089844,57.964202880859375,27.407379150390625
2010-05-11,19.597244262695312,28.420074462890625,31.42361068725586,120.66000366210938,55.65121078491211,58.14598846435547,41.374732971191406,86.58521270751953,57.815547943115234,27.569639205932617
2010-05-12,19.75787925720215,28.773557662963867,31.777158737182617,121.4000015258789,57.357017517089844,58.124061584472656,42.15504837036133,87.79617309570312,57.37592315673828,28.014556884765625
2010-05-13,19.588788986206055,28.504911422729492,31.362648010253906,120.55999755859375,56.804447174072266,58.29424285888672,41.4874382019043,86.70481872558594,57.753658294677734,27.55916976928711
2010-05-14,19.089981079101562,27.918132781982422,30.472671508789062,120.37000274658203,55.707275390625,58.27777099609375,40.689781188964844,85.13505554199219,58.756900787353516,26.685022354125977
2010-05-17,18.548900604248047,27.748462677001953,30.515338897705078,119.36000061035156,55.811378479003906,58.3765754699707,40.8198127746582,85.17988586425781,58.54014587402344,26.72166633605957
2010-05-18,18.52353858947754,27.168739318847656,29.85700225830078,119.48999786376953,54.73823547363281,58.5632438659668,40.25625991821289,84.02123260498047,59.438114166259766,26.046438217163086
2010-05-19,18.354450225830078,26.907167434692383,29.97281837463379,116.62999725341797,54.08955764770508,58.596214294433594,39.935447692871094,83.54283142089844,59.63626480102539,25.80565071105957
2010-05-20,17.974002838134766,25.570995330810547,28.930442810058594,115.83999633789062,51.35062789916992,58.464454650878906,38.45283508300781,80.3882827758789,60.89342498779297,24.481342315673828
2010-05-21,18.15999984741211,26.398149490356445,29.637563705444336,115.22000122070312,52.1114387512207,58.36560821533203,38.877655029296875,81.56187438964844,60.95527648925781,25.303136825561523
2010-05-24,18.143091201782227,26.122434616088867,28.954830169677734,116.83999633789062,51.414703369140625,58.519317626953125,38.721595764160156,80.51535034179688,60.744754791259766,24.737825393676758
2010-05-25,17.999366760253906,25.83964729309082,28.84510612487793,117.36000061035156,51.40669250488281,58.23935317993164,38.75627517700195,80.5975570678711,61.04201126098633,24.936729431152344
2010-05-26,18.193817138671875,25.825515747070312,28.418407440185547,118.47000122070312,51.534820556640625,58.27777099609375,38.32276916503906,80.11166381835938,60.86863327026367,24.88439178466797
2010-05-27,18.726442337036133,27.387908935546875,30.03377342224121,118.69000244140625,53.74516677856445,57.975791931152344,39.77073287963867,82.79527282714844,59.487632751464844,26.25056266784668
2010-05-28,18.56580924987793,26.93544578552246,29.454673767089844,118.87999725341797,53.056434631347656,57.898963928222656,39.53662872314453,81.7562255859375,59.76008605957031,25.915569305419922
2010-06-01,18.21917724609375,26.440570831298828,29.16208839416504,119.91000366210938,51.446739196777344,57.8509635925293,39.17247772216797,80.38079833984375,60.180145263671875,25.376426696777344
2010-06-02,18.438995361328125,27.36669158935547,29.942340850830078,119.77999877929688,52.91230010986328,58.05498123168945,40.100181579589844,82.47386169433594,59.60846710205078,25.87369728088379
2010-06-03,18.540449142456055,27.267715454101562,29.85090446472168,117.95999908447266,53.593013763427734,57.86752700805664,40.481685638427734,82.7579116821289,59.17354965209961,25.800411224365234
2010-06-04,17.965551376342773,26.29917335510254,28.576887130737305,119.19000244140625,50.90214920043945,58.22038650512695,39.09444046020508,79.85006713867188,60.76422882080078,24.34001350402832
2010-06-07,17.999366760253906,25.889127731323242,28.217241287231445,121.48999786376953,49.58876419067383,58.46290969848633,38.38345718383789,78.85588836669922,61.23027038574219,24.209150314331055
2010-06-08,18.143091201782227,26.482988357543945,28.668333053588867,121.0,49.564735412597656,58.46290969848633,38.3140983581543,79.70054626464844,60.925804138183594,24.643617630004883
2010-06-09,18.22763442993164,26.34160614013672,28.56470489501953,120.55999755859375,49.59676742553711,58.485015869140625,37.9932975769043,79.27447509765625,60.85748291015625,24.790172576904297
2010-06-10,18.531991958618164,27.260644912719727,29.771657943725586,118.97000122070312,51.31059646606445,58.24247360229492,39.07710266113281,81.59178161621094,59.77004623413086,25.86322593688965
2010-06-11,18.557355880737305,27.402048110961914,29.814332962036133,120.01000213623047,52.0073356628418,58.457462310791016,39.449913024902344,81.98798370361328,60.52819061279297,26.172042846679688
2010-06-14,18.608081817626953,27.409107208251953,30.003293991088867,119.5999984741211,52.335670471191406,58.34721755981445,39.441246032714844,81.86089324951172,60.21743392944336,26.496591567993164
2010-06-15,18.92089080810547,28.236268997192383,30.954238891601562,120.98999786376953,53.6490592956543,58.27547073364258,40.499027252197266,83.7221908569336,59.9688835144043,27.088085174560547
2010-06-16,18.963165283203125,28.236268997192383,30.807945251464844,120.33000183105469,53.40081787109375,58.33620071411133,40.66375732421875,83.69232177734375,60.31063461303711,26.842071533203125
2010-06-17,18.971620559692383,28.09486961364746,30.905471801757812,121.9000015258789,53.46488571166992,58.72209548950195,40.793792724609375,83.82686614990234,60.801536560058594,26.89964485168457
2010-06-18,18.937801361083984,28.222126007080078,30.850603103637695,122.83000183105469,53.49694061279297,58.716590881347656,40.82769775390625,83.91773986816406,60.702110290527344,26.815881729125977
2010-06-21,18.861713409423828,28.709936141967773,30.844512939453125,120.38999938964844,52.944339752197266,58.86546325683594,40.48020553588867,83.67738342285156,60.52819061279297,26.60650634765625
2010-06-22,18.819442749023438,28.15850067138672,30.454383850097656,121.44999694824219,51.85517501831055,59.152156829833984,40.16749572753906,82.29540252685547,61.24891662597656,25.81610870361328
2010-06-23,18.50662612915039,28.2310848236084,30.658445358276367,120.94999694824219,51.71101379394531,59.400238037109375,40.0024528503418,82.04006958007812,61.66522216796875,25.884166717529297
2010-06-24,18.548900604248047,27.732940673828125,30.12503433227539,121.30000305175781,50.886138916015625,59.16314697265625,39.39438247680664,80.68061828613281,61.29868698120117,25.33622932434082
2010-06-25,18.88707733154297,28.06028175354004,30.2987003326416,122.76000213623047,51.759071350097656,59.26240921020508,39.40221405029297,81.01862335205078,61.547176361083984,25.9755802154541
2010-06-28,18.68416976928711,27.868152618408203,30.075414657592773,121.08999633789062,51.46274948120117,59.587623596191406,39.262939453125,80.76325225830078,62.12507247924805,25.669111251831055
2010-06-29,18.168453216552734,26.736629486083984,29.045820236206055,121.2699966430664,49.516666412353516,59.5600700378418,37.74848175048828,78.2696304321289,62.80238342285156,24.828968048095703
2010-06-30,18.236087799072266,26.558713912963867,28.84734344482422,121.68000030517578,48.948062896728516,59.79718017578125,37.174034118652344,77.52609252929688,63.224910736083984,24.564781188964844
2010-07-01,17.957096099853516,26.750864028930664,29.269102096557617,117.04000091552734,48.59569549560547,59.863616943359375,37.0695915222168,77.18058013916016,63.32460403442383,24.480236053466797
2010-07-02,17.923280715942383,26.864721298217773,29.207080841064453,118.48999786376953,48.064598083496094,59.69205093383789,36.965126037597656,76.75996398925781,62.819766998291016,24.00997543334961
2010-07-06,17.974002838134766,27.362876892089844,29.790103912353516,116.51000213623047,47.43787384033203,59.94111633300781,37.078277587890625,77.26319885253906,63.33712387084961,23.476293563842773
2010-07-07,18.379812240600586,27.967775344848633,30.720462799072266,117.7300033569336,49.09306335449219,59.979854583740234,38.26200866699219,79.69670104980469,62.595420837402344,24.617618560791016
2010-07-08,18.548900604248047,28.10299301147461,31.018192291259766,117.20999908447266,49.80012512207031,59.83039474487305,38.470890045166016,80.4853286743164,62.19646072387695,24.924081802368164
2010-07-09,18.582719802856445,28.444580078125,31.0491886138916,118.36000061035156,50.57148361206055,59.75845718383789,38.836456298828125,81.08618927001953,61.84127426147461,25.24110221862793
2010-07-12,18.37135887145996,28.216856002807617,30.931344985961914,117.33999633789062,50.00099182128906,59.83039474487305,38.94960403442383,81.13874816894531,61.81629180908203,25.32038116455078
2010-07-13,18.66726303100586,28.544214248657227,31.501955032348633,118.36000061035156,51.58387756347656,59.863616943359375,39.4544563293457,82.36299896240234,61.2864875793457,25.94387435913086
2010-07-14,18.633447647094727,28.48728370666504,31.613611221313477,118.30000305175781,51.399051666259766,60.12932205200195,39.654632568359375,82.35552978515625,61.90352249145508,25.790639877319336
2010-07-15,18.81098747253418,28.352066040039062,31.7686710357666,118.2300033569336,50.92502212524414,60.234500885009766,39.68946075439453,82.37806701660156,62.52060317993164,25.706096649169922
2010-07-16,18.574262619018555,27.50520896911621,30.751482009887695,116.66999816894531,49.068939208984375,60.33967971801758,38.59275817871094,80.10979461669922,62.826053619384766,24.871246337890625
2010-07-19,18.557355880737305,27.868152618408203,30.949960708618164,115.7300033569336,49.277870178222656,60.32862854003906,38.92348861694336,80.58295440673828,62.439579010009766,25.177711486816406
2010-07-20,18.70953369140625,28.52286148071289,31.160839080810547,116.6500015258789,50.10544967651367,60.395042419433594,39.39352035522461,81.47676849365234,62.5330924987793,25.647968292236328
2010-07-21,18.6588077545166,28.2310848236084,30.596416473388672,115.8499984741211,49.2055549621582,60.68844985961914,38.85386276245117,80.41771697998047,63.59263229370117,25.114307403564453
2010-07-22,19.030799865722656,29.085071563720703,31.62601661682129,116.86000061035156,50.9571533203125,60.610897064208984,39.837398529052734,82.21281433105469,62.857120513916016,26.054832458496094
2010-07-23,18.971620559692383,29.28433609008789,31.99816131591797,116.08999633789062,52.210601806640625,60.68844985961914,40.08981704711914,82.92635345458984,62.19025421142578,26.38771629333496
2010-07-26,18.9547119140625,29.48358154296875,32.221439361572266,115.5199966430664,53.39973831176758,60.74385070800781,40.42055130004883,83.7900390625,62.08431625366211,27.048189163208008
2010-07-27,18.751806259155273,29.433774948120117,32.31447982788086,113.51000213623047,53.206912994384766,60.53897476196289,40.40315246582031,83.78254699707031,61.4859619140625,27.042924880981445
2010-07-28,18.827896118164062,29.270095825195312,32.14701461791992,113.77999877929688,52.34717559814453,60.754852294921875,40.081111907958984,83.24176025390625,61.68546676635742,26.990081787109375
2010-07-29,19.09843635559082,29.319915771484375,32.29587173461914,114.29000091552734,52.210601806640625,60.7769889831543,39.78518295288086,82.83618927001953,61.666683197021484,26.762868881225586
2010-07-30,19.352067947387695,29.462236404418945,32.19662857055664,115.48999786376953,52.24272537231445,61.05935287475586,39.872222900390625,82.8211441040039,62.62651443481445,26.9213924407959
2010-08-02,19.724058151245117,30.223712921142578,33.28204345703125,115.54000091552734,53.15066909790039,60.929805755615234,40.62074661254883,84.69134521484375,61.74740982055664,27.824934005737305
2010-08-03,19.79169273376465,30.081361770629883,33.2324333190918,115.98999786376953,52.724815368652344,61.079872131347656,40.44667434692383,84.28577423095703,62.103782653808594,27.55545997619629
2010-08-04,19.96078109741211,30.12407684326172,33.2634391784668,116.72000122070312,53.27922439575195,60.89094543457031,40.85574722290039,84.8490982055664,61.628631591796875,27.750959396362305
2010-08-05,19.86778450012207,29.988855361938477,33.23863983154297,116.9800033569336,52.65249252319336,61.00209426879883,40.760009765625,84.75895690917969,61.91624450683594,27.402219772338867
2010-08-06,19.690244674682617,29.94615936279297,33.3378791809082,117.83999633789062,52.33913803100586,61.352237701416016,40.69906997680664,84.4134521484375,62.591529846191406,27.275415420532227
2010-08-09,19.75787925720215,30.102720260620117,33.375091552734375,117.4000015258789,52.917667388916016,61.552345275878906,40.977603912353516,84.86408233642578,62.36016845703125,27.587156295776367
2010-08-10,19.54651641845703,29.689964294433594,33.10838317871094,117.7300033569336,51.92131805419922,61.474525451660156,40.62074661254883,84.40594482421875,62.491519927978516,27.31769561767578
2010-08-11,19.106889724731445,28.74347496032715,31.601211547851562,117.33999633789062,49.8804817199707,61.468971252441406,39.51536178588867,82.0926284790039,63.329383850097656,26.636062622070312
2010-08-12,18.963165283203125,28.793292999267578,31.563989639282227,118.7699966430664,49.631385803222656,61.25220489501953,39.2020263671875,81.58942413330078,63.17306900024414,26.303178787231445
2010-08-13,18.946258544921875,28.949851989746094,31.45234489440918,118.73999786376953,49.068939208984375,61.49115753173828,38.92348861694336,81.34906768798828,63.96094512939453,26.303178787231445
2010-08-16,18.88707733154297,29.220277786254883,31.70664405822754,119.7300033569336,49.4626579284668,62.16920852661133,38.99312973022461,81.31149291992188,65.56169891357422,26.28205108642578
2010-08-17,19.157615661621094,29.52629280090332,32.0601806640625,119.75,50.31436538696289,62.069190979003906,39.4892463684082,82.31044006347656,65.1865463256836,26.8844051361084
2010-08-18,19.081525802612305,29.50493812561035,32.04777908325195,120.22000122070312,50.467010498046875,62.1247444152832,39.64591979980469,82.46064758300781,65.36156463623047,26.910823822021484
2010-08-19,18.88707733154297,29.277210235595703,31.532978057861328,120.38999938964844,49.08501434326172,62.19149398803711,39.04534912109375,81.02609252929688,66.38078308105469,26.223915100097656
2010-08-20,18.76871681213379,29.19181251525879,31.20425033569336,119.97000122070312,49.13323974609375,62.30260467529297,39.09757614135742,80.76325225830078,66.3058090209961,26.139375686645508
2010-08-23,18.641897201538086,28.928504943847656,31.142227172851562,119.77999877929688,48.466331481933594,62.43597412109375,38.714599609375,80.45529174804688,66.31829071044922,26.001989364624023
2010-08-24,18.430538177490234,28.55844497680664,30.714265823364258,120.36000061035156,47.91193771362305,62.58051300048828,37.99217987060547,79.26105499267578,67.38128662109375,25.896324157714844
2010-08-25,18.52353858947754,28.373409271240234,30.745269775390625,121.36000061035156,48.63507080078125,62.697235107421875,38.35773849487305,79.56901550292969,67.16239166259766,26.308452606201172
2010-08-26,18.734895706176758,28.195505142211914,30.73287010192871,120.95999908447266,48.273494720458984,62.75277328491211,37.89645004272461,79.03575134277344,67.79398345947266,26.149948120117188
2010-08-27,19.056163787841797,28.814645767211914,31.334508895874023,121.01000213623047,49.53498458862305,62.18590545654297,38.35773849487305,80.26002502441406,65.87430572509766,26.583223342895508
2010-08-30,19.0223445892334,28.337833404541016,30.881738662719727,120.91000366210938,48.45028305053711,62.59160232543945,37.95737075805664,79.0958251953125,67.137451171875,26.37715721130371
2010-08-31,18.76871681213379,28.508636474609375,30.97475242614746,122.08000183105469,48.353843688964844,62.80281066894531,37.82682800292969,79.0958251953125,67.8814926147461,26.577945709228516
2010-09-01,19.140705108642578,29.512048721313477,32.078792572021484,121.69000244140625,50.22596740722656,62.33086395263672,38.95831298828125,81.46171569824219,66.47795104980469,27.444499969482422
2010-09-02,19.275976181030273,29.561866760253906,32.25865936279297,122.29000091552734,50.780372619628906,62.25275421142578,39.39352035522461,82.22032928466797,65.77555847167969,27.793230056762695
2010-09-03,19.377429962158203,29.910572052001953,32.556373596191406,121.86000061035156,51.68832778930664,61.78413009643555,40.04629135131836,83.2868423461914,64.96025085449219,28.200092315673828
2010-09-07,19.4788818359375,29.476470947265625,32.10360336303711,122.69999694824219,50.70806884765625,62.24159240722656,39.7764892578125,82.34798431396484,66.28982543945312,27.76682472229004
2010-09-08,19.521156311035156,29.79671859741211,32.351688385009766,122.70999908447266,51.00535202026367,62.11886978149414,40.25517654418945,82.92635345458984,65.76298522949219,27.824934005737305
2010-09-09,19.411245346069336,29.967512130737305,32.65561294555664,121.55999755859375,51.03749465942383,61.7952995300293,40.41184997558594,83.30937194824219,64.46479797363281,27.50261878967285
2010-09-10,19.614152908325195,30.074256896972656,32.75484848022461,121.7300033569336,51.19818115234375,61.839900970458984,40.55980682373047,83.72996520996094,64.1700439453125,27.65056037902832
2010-09-13,19.75787925720215,30.793025970458984,33.35029220581055,121.62000274658203,52.443580627441406,61.923614501953125,41.12556838989258,84.66131591796875,64.48357391357422,28.104978561401367
2010-09-14,19.817058563232422,30.778779983520508,33.57356643676758,124.0199966430664,52.21860885620117,62.21369171142578,41.29964828491211,84.6087646484375,65.10444641113281,27.999296188354492
2010-09-15,19.783239364624023,30.82149314880371,33.585968017578125,123.94000244140625,52.51591873168945,62.11328125,41.56074523925781,84.93172454833984,64.13867950439453,28.242368698120117
2010-09-16,19.681787490844727,30.664926528930664,33.424713134765625,124.62999725341797,52.17845916748047,61.918052673339844,41.72613525390625,84.90919494628906,63.50519561767578,28.09442138671875
2010-09-17,19.74942398071289,30.615108489990234,33.2634391784668,124.54000091552734,52.39540481567383,62.11886978149414,41.867454528808594,84.94087219238281,63.762359619140625,28.178956985473633
2010-09-20,19.91005516052246,31.099031448364258,33.840274810791016,124.87000274658203,53.849708557128906,62.196983337402344,42.600303649902344,86.23963928222656,64.13240814208984,28.865867614746094
2010-09-21,19.69869613647461,31.00651741027832,33.83406066894531,126.01000213623047,53.53633499145508,62.67116928100586,42.59157180786133,86.06596374511719,65.02293395996094,28.443145751953125
2010-09-22,19.817058563232422,31.027860641479492,33.78445053100586,126.19999694824219,52.901588439941406,62.63213348388672,42.4781494140625,85.64313507080078,65.60623168945312,28.05742073059082
2010-09-23,19.83396339416504,30.828603744506836,33.41850662231445,126.30000305175781,52.26119613647461,62.67668151855469,42.460716247558594,84.94839477539062,65.79435729980469,27.365232467651367
2010-09-24,20.138324737548828,31.397918701171875,34.348854064941406,126.69000244140625,53.9608154296875,62.537261962890625,43.324405670166016,86.70024108886719,64.91002655029297,28.13936424255371
2010-09-27,20.0030517578125,31.340988159179688,34.17519760131836,126.72000122070312,53.823883056640625,62.8608512878418,43.088863372802734,86.28494262695312,66.03890228271484,27.792823791503906
2010-09-28,20.0030517578125,31.568716049194336,34.373680114746094,127.8499984741211,54.355533599853516,62.97239685058594,43.071407318115234,86.58697509765625,66.49047088623047,27.90477752685547
2010-09-29,20.265140533447266,31.67546844482422,34.317848205566406,127.94999694824219,54.50857162475586,62.911048889160156,43.00163269042969,86.43596649169922,66.21451568603516,27.68618392944336
2010-09-30,20.383501052856445,31.860492706298828,34.06355285644531,127.91000366210938,54.37163543701172,63.08956527709961,42.8096809387207,86.17924499511719,66.1706314086914,27.76616859436035
2010-10-01,20.425771713256836,32.33018493652344,34.404685974121094,128.91000366210938,54.66162109375,62.783782958984375,42.75732421875,86.54170227050781,65.85087585449219,27.90477752685547
2010-10-04,20.358139038085938,32.230552673339844,33.90849685668945,128.4600067138672,53.9205436706543,62.884620666503906,42.29494857788086,85.89230346679688,66.02084350585938,28.16069984436035
2010-10-05,20.772401809692383,32.81410217285156,34.8698616027832,130.99000549316406,55.45100784301758,63.0134162902832,43.324405670166016,87.6214828491211,65.62425994873047,28.608530044555664
2010-10-06,20.78085708618164,32.799869537353516,35.161380767822266,131.80999755859375,55.26573944091797,63.4222297668457,42.94926071166992,87.61390686035156,66.44886016845703,28.453914642333984
2010-10-07,20.56949806213379,32.50809097290039,35.04352569580078,130.3699951171875,55.10464859008789,63.405391693115234,43.10629653930664,87.50820922851562,65.89494323730469,28.53388023376465
2010-10-08,21.254301071166992,32.89950180053711,35.27301788330078,131.66000366210938,55.805442810058594,63.343814849853516,43.402923583984375,87.99901580810547,65.60537719726562,28.613868713378906
2010-10-11,21.152849197387695,32.87815475463867,35.2296028137207,132.2899932861328,55.85376739501953,63.39979553222656,43.42037582397461,88.08207702636719,65.61796569824219,28.608530044555664
2010-10-12,21.254301071166992,32.74293899536133,35.15517807006836,131.9600067138672,55.99873733520508,63.304603576660156,43.71700668334961,88.35391998291016,64.96949768066406,28.81112289428711
2010-10-13,21.35575294494629,33.34783935546875,35.55213165283203,134.07000732421875,56.85261154174805,63.27100372314453,44.07469940185547,89.04102325439453,64.86885070800781,29.10968017578125
2010-10-14,21.321937561035156,33.29090881347656,35.800235748291016,134.75,56.812313079833984,62.76137924194336,43.987457275390625,88.69375610351562,63.8994255065918,29.035036087036133
2010-10-15,21.085214614868164,33.248199462890625,35.68238067626953,133.67999267578125,56.61897277832031,62.36378860473633,44.92093276977539,88.87491607666016,63.11881637573242,28.99771499633789
2010-10-18,21.296571731567383,33.262447357177734,35.763004302978516,134.27999877929688,57.09426498413086,62.794979095458984,44.755184173583984,89.31289672851562,63.6287956237793,29.370929718017578
2010-10-19,20.67095184326172,32.209197998046875,34.975311279296875,130.11000061035156,55.98264694213867,62.800567626953125,44.33641052246094,88.14251708984375,64.01273345947266,29.00838851928711
2010-10-20,21.161300659179688,32.721588134765625,35.63276672363281,131.32000732421875,56.55455017089844,62.912601470947266,44.659210205078125,89.00326538085938,64.15117645263672,29.642833709716797
2010-10-21,20.899215698242188,32.721588134765625,35.44049072265625,129.47000122070312,56.28068161010742,62.74459457397461,44.7464599609375,89.19961547851562,63.38956832885742,29.610849380493164
2010-10-22,21.07676124572754,32.757164001464844,35.53352737426758,129.72999572753906,56.643157958984375,62.82299041748047,45.05179214477539,89.36575317382812,63.81761169433594,29.626840591430664
2010-10-25,21.186668395996094,33.112998962402344,35.66997528076172,130.85000610351562,56.981483459472656,63.046993255615234,45.2699089050293,89.63003540039062,64.00015258789062,29.680150985717773
2010-10-26,21.296571731567383,33.08453369140625,35.44049072265625,130.8800048828125,56.94119644165039,62.71100997924805,45.39203643798828,89.64512634277344,63.01182556152344,29.46688461303711
2010-10-27,21.22893714904785,32.52232360839844,35.099342346191406,129.52000427246094,56.79619598388672,62.5485954284668,45.53163528442383,89.38837432861328,62.45790481567383,29.25897216796875
2010-10-28,21.338844299316406,32.728694915771484,35.37225341796875,131.24000549316406,56.44984436035156,62.800567626953125,45.62759780883789,89.40348052978516,62.62785720825195,29.077695846557617
2010-10-29,21.28812026977539,32.82121658325195,35.35986328125,132.6199951171875,56.6270751953125,62.92380142211914,45.52292251586914,89.47144317626953,63.21328353881836,29.083023071289062
2010-11-01,21.423389434814453,33.18416213989258,35.2296028137207,131.9199981689453,56.24040222167969,62.902442932128906,45.557804107666016,89.50166320800781,62.94106674194336,29.333606719970703
2010-11-02,21.617839813232422,33.5969123840332,35.81263732910156,132.49000549316406,57.40837097167969,63.1947135925293,46.04634094238281,90.21147918701172,63.768375396728516,29.53620147705078
2010-11-03,21.71929168701172,33.80329895019531,36.06072998046875,131.57000732421875,57.633934020996094,62.98676681518555,46.255741119384766,90.57392883300781,62.46750259399414,29.53620147705078
2010-11-04,22.235008239746094,34.571876525878906,36.87944412231445,136.02999877929688,59.09189987182617,63.582645416259766,46.82282257080078,92.31819152832031,62.95372009277344,30.218618392944336
2010-11-05,22.328006744384766,34.5078125,36.71818161010742,136.3800048828125,59.422157287597656,63.38027572631836,46.82282257080078,92.66548156738281,61.87395095825195,30.54383659362793
2010-11-08,22.38718605041504,34.36549377441406,36.494895935058594,137.77999877929688,59.37382888793945,63.41399383544922,46.88386917114258,92.49185180664062,62.15176010131836,30.378572463989258
2010-11-09,22.235008239746094,33.931392669677734,36.12895584106445,135.58999633789062,58.58444595336914,62.941795349121094,46.63088607788086,91.82736206054688,60.78138732910156,29.147010803222656
2010-11-10,22.471731185913086,34.180458068847656,36.234405517578125,137.24000549316406,59.23686218261719,62.806880950927734,46.86643981933594,92.1973648071289,60.86347198486328,29.509536743164062
2010-11-11,22.285736083984375,33.84599685668945,35.92428207397461,137.66000366210938,59.0033073425293,62.53142547607422,46.5698127746582,91.85000610351562,60.831905364990234,29.274961471557617
2010-11-12,21.35575294494629,33.02760314941406,35.62656021118164,133.69000244140625,58.02058410644531,62.0928955078125,45.810794830322266,90.76268005371094,60.50351333618164,29.003063201904297
2010-11-15,21.389570236206055,33.01335906982422,35.601741790771484,132.4199981689453,58.02864074707031,61.41265869140625,45.63633346557617,90.63430786132812,59.2406005859375,28.7258243560791
2010-11-16,20.755491256713867,32.1451530456543,34.764427185058594,130.97000122070312,56.900909423828125,61.738731384277344,44.88604736328125,89.22225952148438,60.711910247802734,27.739500045776367
2010-11-17,20.594860076904297,32.30883026123047,34.956695556640625,130.3800048828125,57.053951263427734,61.738731384277344,45.01690673828125,89.26759338378906,60.377220153808594,27.9527587890625
2010-11-18,21.152849197387695,33.0774040222168,35.83123779296875,132.08999633789062,58.16556930541992,61.783714294433594,45.74101638793945,90.58145904541016,60.623512268066406,28.203340530395508
2010-11-19,20.848491668701172,33.098758697509766,35.83123779296875,132.1999969482422,58.358882904052734,61.99732208251953,45.77590560913086,90.83061981201172,60.996097564697266,28.352617263793945
2010-11-22,20.916128158569336,32.99912643432617,35.44668960571289,133.47999572753906,58.64079284667969,62.3402214050293,46.159767150878906,90.75515747070312,61.25503921508789,28.427263259887695
2010-11-23,20.865400314331055,31.953012466430664,34.37987518310547,134.41000366210938,58.08501434326172,62.374027252197266,45.42694091796875,89.44123077392578,61.558162689208984,28.203340530395508
2010-11-24,21.254301071166992,32.69312286376953,34.925689697265625,134.17999267578125,59.38995361328125,61.862403869628906,46.34297561645508,90.76268005371094,60.459346771240234,28.74714469909668
2010-11-26,21.35575294494629,31.88184928894043,34.3426628112793,133.11000061035156,58.9791259765625,61.94109344482422,46.03763198852539,89.7055435180664,61.299232482910156,28.688491821289062
2010-11-29,21.39802360534668,32.13092041015625,34.038753509521484,133.50999450683594,59.06772232055664,62.002906799316406,46.00273513793945,89.9773941040039,61.823387145996094,28.67251968383789
2010-11-30,21.195119857788086,31.867605209350586,33.65419387817383,135.4199981689453,58.60055923461914,61.90730667114258,45.444393157958984,89.47144317626953,62.14541244506836,28.5445499420166
2010-12-01,21.82074546813965,32.77851867675781,34.60935974121094,135.3800048828125,59.91350555419922,61.76968765258789,46.404056549072266,91.37430572509766,60.76396560668945,28.709835052490234
2010-12-02,22.00674057006836,33.42611312866211,35.26681900024414,135.1999969482422,60.51765823364258,61.634254455566406,46.87516403198242,92.54470825195312,60.60560989379883,29.152341842651367
2010-12-03,22.285736083984375,33.54711151123047,35.60795593261719,138.07000732421875,60.95262145996094,61.459285736083984,46.99728775024414,92.79389190673828,60.13032531738281,29.147010803222656
2010-12-06,22.2603702545166,33.490169525146484,35.44668960571289,139.11000061035156,61.33119201660156,61.8881721496582,46.9798583984375,92.69575500488281,60.979434967041016,29.205657958984375
2010-12-07,22.108192443847656,33.3336067199707,35.46530532836914,136.5,61.68560791015625,61.31254577636719,47.00601577758789,92.74858856201172,59.674076080322266,29.269624710083008
2010-12-08,22.277278900146484,33.120113372802734,35.57073974609375,134.7899932861328,61.64537048339844,60.91750717163086,47.18050765991211,93.08837127685547,59.09739685058594,28.8377742767334
2010-12-09,22.218101501464844,33.006248474121094,35.663780212402344,135.3699951171875,61.854801177978516,61.0642204284668,47.2241325378418,93.4508285522461,59.388885498046875,28.58188247680664
2010-12-10,22.184282302856445,33.15568923950195,35.74441146850586,135.41000366210938,62.628074645996094,60.78201675415039,47.538204193115234,93.99447631835938,59.02769470214844,28.768489837646484
2010-12-13,22.404096603393555,33.36918640136719,36.12895584106445,136.0500030517578,62.30584716796875,61.00777053833008,47.37244415283203,94.05489349365234,59.249507904052734,28.81644058227539
2010-12-14,22.34491539001465,33.41900634765625,36.18478012084961,136.17999267578125,62.27362823486328,60.63530349731445,47.45969009399414,94.13794708251953,58.38767623901367,28.53388023376465
2010-12-15,22.285736083984375,32.87815475463867,35.707183837890625,134.6999969482422,62.0803337097168,60.257144927978516,47.25028610229492,93.70755767822266,57.62730407714844,28.261985778808594
2010-12-16,22.209644317626953,32.970664978027344,35.90566635131836,133.80999755859375,62.65221405029297,60.55061340332031,47.61671447753906,94.25122833251953,58.0264778137207,28.30996322631836
2010-12-17,22.378732681274414,33.02049255371094,35.707183837890625,134.1999969482422,62.84557342529297,61.10374069213867,47.658668518066406,94.3521728515625,59.08475875854492,28.5445499420166
2010-12-20,22.58163833618164,32.87102508544922,35.78782653808594,135.11000061035156,63.09526443481445,61.0642204284668,47.69364547729492,94.57990264892578,59.02131271362305,28.885761260986328
2010-12-21,22.72536277770996,33.350860595703125,36.087093353271484,135.32000732421875,63.79606628417969,61.193992614746094,47.98212432861328,95.17957305908203,59.43328857421875,29.18966293334961
2010-12-22,22.84372329711914,33.465614318847656,36.15596008300781,135.0500030517578,63.77744674682617,61.143218994140625,47.97336959838867,95.47559356689453,59.0086784362793,29.413578033447266
2010-12-23,22.928268432617188,33.429752349853516,36.13717269897461,134.66000366210938,63.69654846191406,61.17143249511719,47.85100555419922,95.33897399902344,58.8883171081543,29.280290603637695
2010-12-27,22.88599395751953,33.32217025756836,36.06205368041992,135.02000427246094,63.890724182128906,61.28995132446289,47.87723159790039,95.37693786621094,59.41423797607422,29.644092559814453
2010-12-28,23.13117218017578,33.350860595703125,36.09334945678711,137.22000122070312,63.712711334228516,60.80154800415039,47.7898063659668,95.51358032226562,58.2506217956543,29.762683868408203
2010-12-29,23.13962745666504,33.77783203125,36.40639114379883,137.7100067138672,63.850257873535156,61.260494232177734,47.89470291137695,95.5818862915039,59.23621368408203,29.821969985961914
2010-12-30,22.860633850097656,33.95006561279297,36.231082916259766,137.02999877929688,63.728904724121094,61.28880310058594,47.78105926513672,95.4300537109375,59.19166564941406,29.902807235717773
2010-12-31,23.291805267333984,34.18687438964844,36.45021057128906,138.72000122070312,63.30812072753906,61.44181823730469,47.60622024536133,95.4528579711914,59.846675872802734,29.843521118164062
2011-01-03,23.393260955810547,34.516971588134766,36.750728607177734,138.0,64.40857696533203,61.67976760864258,48.34925842285156,96.43963623046875,59.39522171020508,30.398679733276367
2011-01-04,23.0804443359375,34.67484664916992,36.638038635253906,134.75,63.45378494262695,61.75908660888672,48.31429672241211,96.38646697998047,59.46511459350586,29.816585540771484
2011-01-05,23.32562255859375,34.58872985839844,36.48151779174805,134.3699951171875,64.19819641113281,61.305824279785156,48.72514343261719,96.8874740600586,58.155250549316406,29.924379348754883
2011-01-06,23.0128116607666,34.22275924682617,36.06205368041992,133.8300018310547,63.89883804321289,61.39644241333008,48.88249206542969,96.69770050048828,58.409603118896484,29.644092559814453
2011-01-07,22.928268432617188,33.907005310058594,35.91804885864258,133.5800018310547,63.534706115722656,61.70805740356445,48.83878707885742,96.50794219970703,58.72117233276367,29.654884338378906
2011-01-10,23.198808670043945,33.55537414550781,35.855430603027344,134.1199951171875,63.89883804321289,61.815738677978516,49.0223388671875,96.38646697998047,59.03911209106445,29.649505615234375
2011-01-11,23.460893630981445,33.91417694091797,36.099613189697266,134.91000366210938,64.15775299072266,61.78738021850586,49.0922737121582,96.72809600830078,58.70845413208008,29.58481216430664
2011-01-12,23.613073348999023,34.59590148925781,36.89472579956055,135.4600067138672,64.70793151855469,61.747772216796875,49.441925048828125,97.60098266601562,58.2506217956543,29.708778381347656
2011-01-13,23.579254150390625,34.29451370239258,36.99489974975586,134.0500030517578,64.68368530273438,62.01407241821289,49.45943069458008,97.4416275024414,58.77202606201172,29.80579376220703
2011-01-14,23.68916130065918,34.394981384277344,37.22029495239258,132.69000244140625,65.169189453125,61.71946334838867,49.82656478881836,98.14755249023438,58.39692306518555,30.005226135253906
2011-01-18,23.66379737854004,34.34474563598633,37.46446228027344,133.42999267578125,65.21772003173828,61.685462951660156,49.9664306640625,98.31453704833984,58.12349319458008,30.263933181762695
2011-01-19,23.6384334564209,34.0792350769043,37.20777130126953,133.72000122070312,63.54277801513672,61.6401481628418,49.39824295043945,97.35050201416016,58.54315185546875,29.865089416503906
2011-01-20,23.401710510253906,33.70606994628906,36.88846969604492,131.1999969482422,62.8792724609375,61.37375259399414,49.048583984375,97.22148132324219,57.73558044433594,29.870479583740234
2011-01-21,23.6384334564209,33.354454040527344,37.08880615234375,131.02999877929688,62.45848846435547,61.46446228027344,48.67270278930664,97.4416275024414,58.19343185424805,29.892045974731445
2011-01-24,23.435531616210938,33.61278533935547,37.483238220214844,130.36000061035156,62.91974639892578,61.4927864074707,49.345787048339844,97.99571228027344,58.218849182128906,30.04296112060547
2011-01-25,23.13962745666504,33.411842346191406,37.408119201660156,130.10000610351562,63.016807556152344,61.7987060546875,49.41570281982422,98.04883575439453,58.77202606201172,30.393285751342773
2011-01-26,23.655345916748047,33.70606994628906,37.64602279663086,131.16000366210938,64.02023315429688,61.45314407348633,49.677978515625,98.42839050292969,57.88182830810547,30.441795349121094
2011-01-27,23.452438354492188,33.59126281738281,37.733680725097656,127.93000030517578,64.20630645751953,61.55513000488281,49.98391342163086,98.67125701904297,58.142555236816406,30.921499252319336
2011-01-28,23.748340606689453,32.529197692871094,36.89472579956055,130.27999877929688,62.63654327392578,61.63444519042969,48.71640396118164,96.94819641113281,58.44774627685547,30.40946388244629
2011-01-31,24.12033462524414,32.8736572265625,37.21402359008789,129.8699951171875,63.07347869873047,61.46446228027344,48.952430725097656,97.67692565917969,58.002685546875,30.813703536987305
2011-02-01,24.297876358032227,33.670188903808594,38.0967903137207,130.8000030517578,64.52998352050781,61.38313674926758,49.87028503417969,99.24058532714844,57.715476989746094,30.889158248901367
2011-02-02,24.53459930419922,33.419036865234375,38.06549072265625,130.4499969482422,64.28719329833984,61.263633728027344,49.79159927368164,99.05078887939453,57.728302001953125,30.889158248901367
2011-02-03,24.37396812438965,33.37596893310547,38.07175064086914,132.1999969482422,64.51375579833984,61.115745544433594,49.879024505615234,99.27090454101562,57.24971008300781,30.975378036499023
2011-02-04,24.23869514465332,33.36880111694336,38.059234619140625,131.66000366210938,64.62705993652344,60.92808532714844,50.15875244140625,99.55180358886719,56.66901779174805,30.749013900756836
2011-02-07,24.171062469482422,33.411842346191406,38.178184509277344,131.67999267578125,65.26628875732422,60.99635696411133,50.394771575927734,100.17425537109375,56.96259689331055,31.05084800720215
2011-02-08,24.331695556640625,33.426212310791016,38.428619384765625,133.13999938964844,65.72750091552734,60.774452209472656,50.7269401550293,100.62972259521484,56.43932342529297,31.18559455871582
2011-02-09,24.450054168701172,32.65837097167969,38.31591796875,133.07000732421875,65.43620300292969,61.16693115234375,50.63951873779297,100.40198516845703,56.93064880371094,31.20716667175293
2011-02-10,24.306331634521484,32.34980010986328,38.06549072265625,132.85000610351562,65.69514465332031,60.86547088623047,50.71820068359375,100.43992614746094,56.273460388183594,31.336505889892578
2011-02-11,24.22178840637207,32.744468688964844,38.08427429199219,132.32000732421875,66.40718078613281,61.20109558105469,51.08534240722656,101.03959655761719,57.083839416503906,31.54132080078125
2011-02-14,24.340147018432617,32.57943344116211,38.15941619873047,132.9499969482422,66.74701690673828,61.24089813232422,51.20772171020508,101.282470703125,57.1220703125,31.546728134155273
2011-02-15,24.02733612060547,32.64399719238281,38.04670333862305,133.97000122070312,66.36672973632812,61.377403259277344,51.137794494628906,100.96369934082031,57.3773307800293,31.42814064025879
2011-02-16,24.204875946044922,32.91670608520508,38.50374221801758,134.10000610351562,66.9007568359375,61.3034782409668,51.4699592590332,101.60130310058594,57.19228744506836,31.498197555541992
2011-02-17,24.280967712402344,33.031524658203125,38.635215759277344,135.0399932861328,67.37005615234375,61.41722869873047,51.45249557495117,101.9049072265625,57.2816047668457,31.530546188354492
2011-02-18,24.255605697631836,33.232452392578125,38.766693115234375,135.41000366210938,67.44290924072266,61.508235931396484,51.33885192871094,102.11744689941406,57.10292434692383,31.654512405395508
2011-02-22,24.22178840637207,32.1703987121582,37.65854263305664,136.2899932861328,65.71131896972656,61.6789436340332,49.852787017822266,100.06798553466797,57.958011627197266,31.37964630126953
2011-02-23,24.762866973876953,32.19910430908203,37.708621978759766,137.50999450683594,64.57852935791016,61.60499572753906,49.441925048828125,99.45315551757812,58.16855239868164,31.11553192138672
2011-02-24,24.543054580688477,32.27803421020508,37.739925384521484,136.47999572753906,64.99116516113281,61.673240661621094,49.70417785644531,99.38479614257812,58.538665771484375,30.878372192382812
2011-02-25,25.08413314819336,32.66553497314453,38.190704345703125,137.3800048828125,66.49617767333984,61.963382720947266,50.394771575927734,100.447509765625,58.883209228515625,31.482044219970703
2011-02-28,25.126401901245117,32.85929489135742,38.5350456237793,137.66000366210938,66.56900787353516,62.12830352783203,50.499656677246094,101.06991577148438,58.95979309082031,32.26356887817383
2011-03-01,25.506851196289062,32.52202224731445,37.99661636352539,140.02999877929688,65.23389434814453,62.12946319580078,49.68671798706055,99.38479614257812,59.13068389892578,31.30417251586914
2011-03-02,25.608306884765625,32.9669303894043,38.19695281982422,139.9199981689453,65.50904846191406,61.79821014404297,49.948951721191406,99.59735870361328,58.22172546386719,31.018512725830078
2011-03-03,25.599849700927734,33.61996078491211,38.68531036376953,138.08999633789062,66.99785614013672,61.53546905517578,50.93673324584961,101.31283569335938,57.65192413330078,31.46586799621582
2011-03-04,25.726665496826172,33.65584182739258,38.33469009399414,139.35000610351562,66.7065658569336,61.76967239379883,50.67448425292969,100.55380249023438,58.132080078125,31.164037704467773
2011-03-07,25.608306884765625,33.18221664428711,37.96531295776367,139.72000122070312,65.61422729492188,61.615478515625,49.9926643371582,99.76432037353516,57.76079177856445,30.937667846679688
2011-03-08,25.388490676879883,33.627132415771484,38.08427429199219,139.36000061035156,66.68230438232422,61.53546905517578,50.19370651245117,100.63724517822266,57.408714294433594,31.374252319335938
2011-03-09,25.48994255065918,33.69171905517578,38.0967903137207,139.41000366210938,66.41529846191406,61.855316162109375,49.852787017822266,100.49304962158203,57.965633392333984,31.341907501220703
2011-03-10,25.0756778717041,32.694252014160156,37.151424407958984,137.77000427246094,64.70793151855469,62.10663604736328,49.07478332519531,98.63334655761719,58.93870544433594,30.862201690673828
2011-03-11,24.931957244873047,33.031524658203125,37.151424407958984,138.22000122070312,64.87789916992188,62.049476623535156,49.3807373046875,99.31649780273438,58.60580062866211,31.174816131591797
2011-03-14,24.999589920043945,33.22528839111328,36.48777770996094,138.86000061035156,64.52998352050781,62.1180419921875,49.2059211730957,98.71682739257812,58.58019256591797,30.862201690673828
2011-03-15,24.086517333984375,32.67271041870117,35.72395706176758,136.27000427246094,63.9554557800293,62.112308502197266,48.506595611572266,97.58582305908203,59.45716857910156,30.700504302978516
2011-03-16,24.230241775512695,32.00533676147461,34.615806579589844,136.24000549316406,63.31623840332031,62.48352813720703,47.335243225097656,95.77925109863281,60.12936782836914,30.247766494750977
2011-03-17,24.98267936706543,32.40003204345703,35.76778793334961,136.97000122070312,63.45378494262695,62.44356918334961,47.77231979370117,97.04686737060547,59.66843032836914,30.47953224182129
2011-03-18,25.126401901245117,32.45744323730469,36.26239013671875,138.3699951171875,64.2952880859375,62.48352813720703,47.66463851928711,97.39982604980469,59.82845687866211,30.786752700805664
2011-03-21,25.244768142700195,33.08175277709961,37.157676696777344,139.13999938964844,65.7841567993164,62.283607482910156,48.583805084228516,98.90933990478516,59.4764289855957,31.120925903320312
2011-03-22,25.430761337280273,33.18221664428711,37.051239013671875,139.0500030517578,65.43620300292969,62.39784240722656,48.496253967285156,98.56625366210938,59.674827575683594,30.921499252319336
2011-03-23,25.481489181518555,33.61996078491211,37.09507751464844,140.33999633789062,65.63850402832031,62.35790252685547,48.76762390136719,98.84835815429688,59.597984313964844,30.581933975219727
2011-03-24,25.5660343170166,34.007469177246094,37.58967208862305,139.22000122070312,66.09174346923828,62.15228271484375,49.63425064086914,99.79366302490234,59.14992141723633,30.711294174194336
2011-03-25,25.633668899536133,33.971588134765625,37.176456451416016,139.25999450683594,66.66742706298828,62.06093215942383,49.756813049316406,100.09861755371094,59.002681732177734,30.951265335083008
2011-03-28,25.287038803100586,33.79936599731445,37.157676696777344,138.5399932861328,66.52149963378906,62.08372497558594,49.485443115234375,99.85465240478516,59.08590316772461,30.91324234008789
2011-03-29,25.430761337280273,34.18687438964844,37.35176086425781,138.2100067138672,67.14586639404297,61.78107833862305,49.96689987182617,100.52555847167969,58.631431579589844,31.038124084472656
2011-03-30,25.396947860717773,34.6246223449707,37.796268463134766,138.6699981689453,68.0134506225586,61.992347717285156,50.20325469970703,101.21932220458984,59.09870910644531,31.48874282836914
2011-03-31,25.79430389404297,34.92600631713867,37.61471176147461,139.86000061035156,68.24858856201172,61.79251480102539,50.273292541503906,101.08207702636719,58.977081298828125,31.74390411376953
2011-04-01,25.971843719482422,35.4857292175293,37.971580505371094,139.1999969482422,68.54862213134766,62.084354400634766,50.29955291748047,101.50900268554688,59.26377868652344,31.792766571044922
2011-04-04,26.208566665649414,35.787132263183594,38.02165985107422,139.83999633789062,68.70266723632812,62.227638244628906,50.13323211669922,101.59282684326172,59.32807540893555,31.77104949951172
2011-04-05,26.233930587768555,35.71536636352539,37.92774963378906,142.0500030517578,69.0756607055664,62.2620849609375,50.001914978027344,101.57764434814453,59.09021759033203,31.803619384765625
2011-04-06,26.310020446777344,35.90911865234375,38.240787506103516,142.3800048828125,69.22972106933594,62.06138229370117,50.12446594238281,101.8978042602539,58.20307159423828,31.819904327392578
2011-04-07,26.360742568969727,35.873260498046875,38.0529670715332,142.50999450683594,68.81620788574219,61.96967697143555,50.089454650878906,101.63863372802734,58.08735656738281,31.467018127441406
2011-04-08,26.986370086669922,35.90911865234375,38.36601257324219,143.66000366210938,68.09454345703125,61.935264587402344,49.85308837890625,101.28790283203125,57.77884292602539,31.238996505737305
2011-04-11,26.487560272216797,35.4857292175293,38.2908821105957,142.63999938964844,67.48638916015625,61.941001892089844,49.68679428100586,100.98297119140625,57.83024597167969,31.260723114013672
2011-04-12,25.946481704711914,34.818363189697266,37.93401336669922,141.61000061035156,66.60256958007812,62.15885543823242,49.34538650512695,100.2282485961914,58.453792572021484,31.206424713134766
2011-04-13,26.149385452270508,35.10541534423828,38.04670333862305,141.89999389648438,66.6917724609375,62.26779556274414,49.76556396484375,100.22058868408203,58.820228576660156,31.15755844116211
2011-04-14,26.21702003479004,35.21303939819336,38.21575164794922,143.80999755859375,66.9998779296875,62.11298751831055,49.678035736083984,100.29683685302734,58.77526092529297,31.60817527770996
2011-04-15,26.352291107177734,35.256107330322266,38.15941619873047,145.0500030517578,67.71342468261719,62.4398307800293,49.590484619140625,100.66277313232422,59.572357177734375,32.01536560058594
2011-04-18,26.19165802001953,34.37344741821289,37.376808166503906,145.92999267578125,66.59447479248047,62.52585983276367,49.24034118652344,99.53445434570312,59.707359313964844,31.72760772705078
2011-04-19,26.200111389160156,34.868595123291016,37.652286529541016,145.92999267578125,66.6106948852539,62.6577262878418,49.546722412109375,100.10626983642578,59.964500427246094,31.97736358642578
2011-04-20,26.614376068115234,35.69384765625,38.61017608642578,146.5,67.97291564941406,62.68635940551758,50.66720962524414,101.47089385986328,59.57878494262695,32.35197067260742
2011-04-21,26.80882453918457,36.00959396362305,38.86061096191406,146.74000549316406,68.47563171386719,62.743690490722656,51.069881439208984,101.98928833007812,59.52737045288086,32.56912612915039
2011-04-25,26.732738494873047,35.71536636352539,38.86061096191406,146.8699951171875,68.38642883300781,62.80679702758789,51.20119094848633,101.88257598876953,59.75236129760742,32.786293029785156
2011-04-26,26.72428321838379,36.02395248413086,39.161128997802734,146.3800048828125,69.06754302978516,63.09919357299805,51.490074157714844,102.75927734375,60.33094787597656,33.07402801513672
2011-04-27,26.884918212890625,35.959373474121094,39.64946365356445,149.1999969482422,69.48106384277344,63.0189323425293,51.8402214050293,103.43016052246094,59.713775634765625,33.31834030151367
2011-04-28,26.690465927124023,35.665138244628906,39.91867446899414,149.82000732421875,69.79730224609375,63.2195930480957,51.76143264770508,103.76560974121094,60.17019271850586,33.763511657714844
2011-04-29,26.969457626342773,35.88043212890625,39.730857849121094,152.3699951171875,70.04866790771484,63.34001922607422,51.717681884765625,104.00955963134766,60.35662078857422,33.568084716796875
2011-05-02,26.698917388916016,35.88759994506836,39.9875373840332,150.41000366210938,69.22972106933594,63.487937927246094,51.621376037597656,103.8494644165039,60.453487396240234,33.616943359375
2011-05-03,26.419925689697266,35.091060638427734,39.661991119384766,149.8800048828125,68.3540267944336,63.459190368652344,51.37627029418945,103.4759292602539,60.795654296875,33.329200744628906
2011-05-04,25.99720573425293,34.50979995727539,39.32390213012695,147.72999572753906,67.47017669677734,63.5512580871582,51.29747009277344,102.78980255126953,61.06678009033203,33.13918685913086
2011-05-05,24.255605697631836,34.179691314697266,38.547569274902344,143.47000122070312,67.16209411621094,63.769981384277344,51.017364501953125,101.85969543457031,61.647769927978516,33.117469787597656
2011-05-06,24.17951774597168,34.6246223449707,38.56634521484375,145.3000030517578,67.51884460449219,63.769981384277344,51.18368911743164,102.30951690673828,61.376670837402344,32.824302673339844
2011-05-09,25.067224502563477,34.68920135498047,38.84182357788086,147.3800048828125,68.30535888671875,63.833290100097656,51.37627029418945,102.7059326171875,61.312110900878906,32.992591857910156
2011-05-10,25.295494079589844,35.09823226928711,39.21121597290039,147.89999389648438,69.35134887695312,63.57424545288086,51.813968658447266,103.58265686035156,60.873085021972656,33.5137939453125
2011-05-11,24.48387336730957,34.323219299316406,38.42235565185547,146.5399932861328,68.0701904296875,63.67791748046875,51.43755340576172,102.49244689941406,61.221717834472656,33.1609001159668
2011-05-12,24.50923728942871,34.423683166503906,38.547569274902344,146.58999633789062,68.67022705078125,63.528221130371094,51.74394226074219,102.98035430908203,60.83436584472656,33.215179443359375
2011-05-13,24.551509857177734,33.670188903808594,37.946533203125,145.6300048828125,67.71342468261719,63.71817398071289,51.13115310668945,102.18750762939453,61.38308334350586,32.862308502197266
2011-05-16,24.230241775512695,33.61996078491211,37.87767028808594,145.3699951171875,66.72422790527344,63.902381896972656,50.247032165527344,101.53950500488281,61.72528076171875,32.911155700683594
2011-05-17,24.2894229888916,33.72761154174805,37.95905303955078,144.74000549316406,66.51338958740234,63.988712310791016,50.387088775634766,101.52422332763672,62.357975006103516,32.900306701660156
2011-05-18,24.779775619506836,34.272979736328125,38.190704345703125,145.60000610351562,67.53504943847656,63.8275146484375,50.807289123535156,102.43144989013672,61.53163146972656,33.220619201660156
2011-05-19,24.5853271484375,34.050533294677734,38.409828186035156,145.64999389648438,67.6810073852539,63.93687438964844,50.95608139038086,102.67537689208984,61.505741119384766,33.361778259277344
2011-05-20,24.8135929107666,33.77783203125,37.86514663696289,147.49000549316406,67.18638610839844,63.8908576965332,50.57091522216797,101.85969543457031,61.538055419921875,32.9546012878418
2011-05-23,24.41623878479004,33.074588775634766,36.988643646240234,147.8300018310547,65.97826385498047,63.8505973815918,49.826839447021484,100.67801666259766,61.835052490234375,32.61797332763672
2011-05-24,24.745960235595703,33.404685974121094,37.20149612426758,148.58999633789062,65.66204833984375,63.9311408996582,49.52044677734375,100.59419250488281,62.06742858886719,32.71572494506836
2011-05-25,25.19403839111328,33.47643280029297,37.43940734863281,148.5800018310547,66.48908996582031,63.80452346801758,49.71303939819336,100.92961120605469,61.77692413330078,32.86772918701172
2011-05-26,25.287038803100586,33.907005310058594,37.79001998901367,148.22000122070312,67.36477661132812,64.0808334350586,50.01941680908203,101.39464569091797,62.30630111694336,33.30748748779297
2011-05-27,25.430761337280273,34.265804290771484,38.06549072265625,149.6999969482422,67.82695007324219,64.14988708496094,50.273292541503906,101.7834243774414,62.280513763427734,33.49751281738281
2011-05-31,25.574487686157227,34.82554626464844,38.85435104370117,149.63999938964844,68.79185485839844,64.14410400390625,51.0873908996582,102.84315490722656,62.42253112792969,34.0295524597168
2011-06-01,25.25322151184082,34.20122146606445,37.93401336669922,149.91000366210938,66.57826232910156,64.46475982666016,49.975643157958984,100.53318786621094,63.26612854003906,33.05229949951172
2011-06-02,25.473031997680664,34.52414321899414,38.12809753417969,149.5,66.55396270751953,63.8812255859375,50.0806999206543,100.42644500732422,62.06098556518555,32.81343078613281
2011-06-03,25.574487686157227,34.3519172668457,38.146881103515625,150.22000122070312,65.58092498779297,64.01988983154297,49.327880859375,99.42772674560547,62.417354583740234,32.9437255859375
2011-06-06,25.278583526611328,33.79936599731445,37.652286529541016,150.47999572753906,64.50250244140625,63.91011047363281,48.92519760131836,98.37567138671875,61.944339752197266,32.460540771484375
2011-06-07,25.515308380126953,34.064876556396484,37.99661636352539,150.4199981689453,64.65657806396484,64.129638671875,48.83765411376953,98.31473541259766,62.22945022583008,32.802574157714844
2011-06-08,25.726665496826172,33.820884704589844,37.50828170776367,149.80999755859375,63.93492889404297,64.17009735107422,48.487491607666016,97.90299224853516,62.71541976928711,32.71028518676758
2011-06-09,25.870389938354492,34.08639907836914,37.896453857421875,150.55999755859375,64.27546691894531,63.996768951416016,48.57503890991211,98.65011596679688,62.46272277832031,32.357391357421875
2011-06-10,25.599849700927734,33.347267150878906,37.01994323730469,149.24000549316406,63.24569320678711,63.92169189453125,47.83097457885742,97.27787017822266,62.94219970703125,31.54303741455078
2011-06-13,25.430761337280273,33.28986740112305,37.0762939453125,147.77000427246094,63.067317962646484,63.99102783203125,47.83097457885742,97.35409545898438,62.62468719482422,31.6733341217041
2011-06-14,25.608306884765625,33.79218673706055,37.733680725097656,148.6699981689453,64.42140197753906,63.80032730102539,48.44374084472656,98.58914184570312,61.67867660522461,32.145660400390625
2011-06-15,24.92350196838379,33.067405700683594,36.49403762817383,149.1199951171875,63.270023345947266,64.15277099609375,47.524593353271484,96.83570098876953,62.79963302612305,31.6298885345459
2011-06-16,24.822050094604492,32.81623840332031,36.36882019042969,148.97000122070312,63.41599655151367,64.03142547607422,47.34075164794922,97.04918670654297,63.08472442626953,31.879634857177734
2011-06-17,24.712142944335938,32.85929489135742,36.72568130493164,149.94000244140625,63.43220901489258,64.05457305908203,47.19248962402344,97.3387680053711,62.78667068481445,32.183658599853516
2011-06-20,24.57686996459961,32.8090705871582,36.681854248046875,150.02999877929688,64.01597595214844,64.06610870361328,47.43814468383789,97.8367691040039,62.86442947387695,32.57455062866211
2011-06-21,24.593780517578125,33.411842346191406,37.47697830200195,150.75999450683594,65.4025650024414,64.04878234863281,48.45586395263672,99.1775131225586,62.5858154296875,32.82970428466797
2011-06-22,24.703685760498047,33.07917785644531,37.11381530761719,150.99000549316406,64.89981842041016,64.13546752929688,48.10493469238281,98.57991790771484,62.62468719482422,32.731990814208984
2011-06-23,24.17951774597168,33.03568649291992,36.79469299316406,148.33999633789062,65.15117645263672,64.30303192138672,48.5523681640625,98.29643249511719,63.10416793823242,32.069644927978516
2011-06-24,23.892065048217773,32.97771072387695,36.44367218017578,146.25999450683594,64.81875610351562,64.33768463134766,47.71012878417969,97.1548843383789,62.838523864746094,32.0745735168457
2011-06-27,23.88361358642578,33.361846923828125,36.74363327026367,145.72999572753906,65.32145690917969,64.129638671875,48.47341537475586,98.0206527709961,61.97676086425781,32.21146011352539
2011-06-28,24.306331634521484,33.81847381591797,37.184024810791016,146.24000549316406,66.33502960205078,63.68478012084961,49.19282913208008,99.30011749267578,61.4777717590332,32.47975158691406
2011-06-29,24.745960235595703,34.13011932373047,37.83503341674805,147.17999267578125,66.6512451171875,63.54032516479492,49.394615173339844,100.15050506591797,61.06959915161133,32.8192253112793
2011-06-30,24.48387336730957,34.499755859375,38.38393020629883,146.0,67.13772583007812,63.63273620605469,50.05263137817383,101.10816955566406,60.97239685058594,32.906829833984375
2011-07-01,24.517690658569336,34.905635833740234,38.80516052246094,144.92999267578125,68.18370819091797,63.6362419128418,50.807167053222656,102.60218048095703,60.8748779296875,33.470794677734375
2011-07-05,24.847410202026367,34.891143798828125,38.57539749145508,147.6300048828125,68.34800720214844,63.86248016357422,51.06159591674805,102.51791381835938,61.01142883300781,33.728118896484375
2011-07-06,24.83895492553711,34.65920639038086,38.332862854003906,148.91000366210938,68.62455749511719,63.99586486816406,51.2282829284668,102.64045715332031,61.32350540161133,33.980003356933594
2011-07-07,25.363126754760742,35.137577056884766,38.66474151611328,149.14999389648438,69.65740203857422,64.01325988769531,51.93014907836914,103.7054443359375,61.14145278930664,34.407073974609375
2011-07-08,25.337766647338867,34.73894500732422,38.18606948852539,150.25,69.23446655273438,64.42509460449219,51.78977584838867,102.96991729736328,62.006126403808594,34.3632698059082
2011-07-11,25.143314361572266,33.76771926879883,37.03084945678711,151.58999633789062,67.762451171875,64.63972473144531,50.851009368896484,101.10816955566406,62.935916900634766,33.766475677490234
2011-07-12,25.363126754760742,33.42707061767578,36.78193283081055,152.77000427246094,67.38021850585938,64.69197082519531,50.4649772644043,100.67150115966797,63.15049362182617,33.881431579589844
2011-07-13,25.70975685119629,33.97066116333008,37.33081817626953,154.13999938964844,67.9820327758789,64.8543472290039,50.675537109375,101.00863647460938,63.32597732543945,33.547447204589844
2011-07-14,25.5660343170166,33.6082763671875,37.00532150268555,154.5399932861328,66.900390625,64.45410919189453,50.08773422241211,100.31139373779297,62.422271728515625,33.2353630065918
2011-07-15,25.79430389404297,33.81847381591797,37.13296127319336,155.1999969482422,67.34770202636719,64.5990982055664,50.75450897216797,100.8936538696289,62.52631759643555,33.60219955444336
2011-07-18,25.650575637817383,33.42707061767578,36.58407974243164,156.57000732421875,66.26602935791016,64.34972381591797,50.48252487182617,100.06623077392578,61.92166519165039,33.36676788330078
2011-07-19,25.82811737060547,33.91268539428711,37.13296127319336,154.66000366210938,67.762451171875,64.66295623779297,51.63184356689453,101.69049835205078,63.208984375,33.903343200683594
2011-07-20,25.912662506103516,34.01415252685547,37.57334899902344,156.02000427246094,67.64857482910156,64.51213836669922,51.41252136230469,101.62916564941406,62.46126174926758,34.14973068237305
2011-07-21,25.785846710205078,34.557743072509766,38.371158599853516,154.8300018310547,68.26668548583984,64.41350555419922,51.75469207763672,103.03892517089844,61.98015213012695,34.423484802246094
2011-07-22,25.99720573425293,34.536006927490234,38.409454345703125,156.1199951171875,68.35614776611328,64.67451477050781,52.289878845214844,103.10782623291016,62.44827651977539,34.5932502746582
2011-07-25,25.870389938354492,34.46350860595703,38.16691589355469,157.33999633789062,67.55101776123047,64.36710357666016,52.1845817565918,102.53323364257812,61.76561737060547,34.27018356323242
2011-07-26,26.07329559326172,34.57948303222656,38.39668655395508,157.77000427246094,67.03864288330078,64.65132141113281,52.31619644165039,102.15018463134766,62.18828582763672,34.34684371948242
2011-07-27,25.895753860473633,33.97066116333008,37.4648551940918,157.19000244140625,65.03797912597656,64.45991516113281,50.965084075927734,100.05860137939453,62.194732666015625,33.383182525634766
2011-07-28,25.81121063232422,33.99965286254883,37.37549591064453,157.32000732421875,64.93223571777344,64.5990982055664,51.05280685424805,99.76744079589844,62.428775787353516,33.416038513183594
2011-07-29,25.599849700927734,34.14461135864258,37.471229553222656,158.2899932861328,64.85092163085938,65.17913818359375,50.886112213134766,99.0855941772461,63.66404724121094,33.42151641845703
2011-08-01,25.599849700927734,34.115623474121094,36.998931884765625,157.72000122070312,64.42803192138672,65.37190246582031,50.649234771728516,98.6642074584961,64.30662536621094,32.91778564453125
2011-08-02,25.599849700927734,33.06467819213867,36.02242660522461,161.52000427246094,62.41919708251953,65.91912078857422,49.36830520629883,96.1435775756836,66.23754119873047,31.866518020629883
2011-08-03,25.219404220581055,32.9487190246582,36.23304748535156,161.49000549316406,62.83400344848633,65.8958740234375,49.842071533203125,96.66453552246094,66.36798858642578,31.60370445251465
2011-08-04,24.26405906677246,31.064273834228516,33.70559310913086,160.63999938964844,59.044097900390625,66.37328338623047,47.52587890625,92.13665008544922,68.72940063476562,30.05965232849121
2011-08-05,24.365510940551758,30.861337661743164,34.299163818359375,161.75,58.01123046875,65.5523681640625,47.22756576538086,91.99871063232422,66.74633026123047,29.309534072875977
2011-08-08,23.460893630981445,28.288352966308594,31.739816665649414,167.1199951171875,52.960784912109375,64.92939758300781,44.38495635986328,86.00749206542969,68.85338592529297,26.76348876953125
2011-08-09,23.68916130065918,29.9481143951416,33.87793731689453,168.61000061035156,56.49040222167969,65.51160430908203,46.52570724487305,90.00675201416016,69.06206512451172,29.20001792907715
2011-08-10,23.790613174438477,28.3608341217041,31.85469627380371,174.5800018310547,53.725242614746094,66.09963989257812,44.621864318847656,86.03044891357422,71.116943359375,28.52655029296875
2011-08-11,24.306331634521484,29.92637062072754,33.38010025024414,170.75,56.40907669067383,64.74309539794922,46.58711624145508,89.89181518554688,67.52912902832031,30.004892349243164
2011-08-12,24.272512435913086,29.9118595123291,33.76304626464844,169.97000122070312,56.7587776184082,65.48250579833984,46.99946975708008,90.49707794189453,68.86638641357422,29.99941635131836
2011-08-15,24.56841468811035,30.6076717376709,34.54807662963867,171.8000030517578,58.3609733581543,65.60477447509766,47.69257736206055,92.4124755859375,68.16844940185547,31.094497680664062
2011-08-16,24.56841468811035,30.346729278564453,34.04386520385742,173.9199981689453,57.287410736083984,65.84347534179688,47.288997650146484,91.62332153320312,69.29694366455078,31.001394271850586
2011-08-17,24.779775619506836,30.564172744750977,34.241729736328125,174.4199981689453,57.30369567871094,66.0239486694336,47.00823974609375,91.68458557128906,70.51028442382812,31.089014053344727
2011-08-18,24.171062469482422,29.121850967407227,32.5759162902832,177.72000122070312,54.04243087768555,66.11126708984375,44.7008171081543,87.7313003540039,71.95844268798828,29.703750610351562
2011-08-19,24.60223388671875,28.75946044921875,32.0206298828125,179.9499969482422,53.09088897705078,66.02980041503906,43.89365768432617,86.2986068725586,72.53904724121094,29.134319305419922
2011-08-22,24.644506454467773,28.73046875,32.22488021850586,184.58999633789062,52.903839111328125,65.7852554321289,44.05158615112305,86.36759185791016,72.35637664794922,29.167163848876953
2011-08-23,24.898136138916016,29.737918853759766,33.27159881591797,177.6699981689453,55.45752716064453,65.0342025756836,45.86769485473633,89.20992279052734,71.3582992553711,29.884443283081055
2011-08-24,24.644506454467773,29.448007583618164,33.284366607666016,171.64999389648438,56.27894592285156,64.26564025878906,46.227378845214844,90.4664306640625,69.32954406738281,30.278657913208008
2011-08-25,24.754413604736328,28.875431060791016,32.480186462402344,172.36000061035156,54.89635467529297,64.62078094482422,45.472869873046875,89.08738708496094,70.07972717285156,29.714704513549805
2011-08-26,25.03340721130371,29.368288040161133,32.99076843261719,177.47000122070312,56.20574951171875,64.64986419677734,46.61343765258789,90.38218688964844,70.77119445800781,30.07608413696289
2011-08-29,25.117952346801758,30.317747116088867,33.77580261230469,173.88999938964844,58.86518478393555,64.85952758789062,47.911895751953125,92.97940826416016,69.7927017211914,31.10544204711914
2011-08-30,25.45612907409668,30.36123275756836,33.57795715332031,179.10000610351562,59.20674514770508,65.20301818847656,48.22773742675781,93.2245864868164,70.91474151611328,31.193044662475586
2011-08-31,25.49839973449707,30.98455047607422,34.1906623840332,177.72000122070312,59.084739685058594,65.4010238647461,48.30670928955078,93.63829040527344,69.81876373291016,31.543468475341797
2011-09-01,25.32085609436035,30.817846298217773,33.76942825317383,177.8699951171875,57.816043853759766,65.44949340820312,47.868038177490234,92.65763092041016,71.29877471923828,31.089014053344727
2011-09-02,25.18558692932129,30.122066497802734,33.016300201416016,183.24000549316406,55.67713165283203,65.85273742675781,46.74504089355469,90.29022979736328,73.61504364013672,30.35532569885254
2011-09-06,25.101043701171875,29.81039810180664,31.931289672851562,182.89999389648438,55.52259063720703,66.23837280273438,46.753814697265625,89.63133239746094,74.38055419921875,30.223909378051758
2011-09-07,25.329309463500977,30.69464111328125,32.882266998291016,177.0800018310547,57.62085723876953,66.36695861816406,47.938228607177734,92.15962219238281,72.96073913574219,31.36276626586914
2011-09-08,25.160226821899414,30.013341903686523,32.231266021728516,181.80999755859375,56.563594818115234,66.30853271484375,47.71888732910156,91.20194244384766,73.61504364013672,31.121871948242188
2011-09-09,24.762866973876953,28.998640060424805,31.114336013793945,180.6999969482422,54.89635467529297,66.37865447998047,46.65730285644531,88.81156158447266,74.40015411376953,30.14725685119629
2011-09-12,24.703685760498047,28.940654754638672,30.98031234741211,176.6699981689453,55.368045806884766,65.97542572021484,47.25389862060547,89.38619995117188,74.47868347167969,30.245813369750977
2011-09-13,24.62759780883789,28.984142303466797,31.31219482421875,178.5399932861328,56.26268005371094,65.96370697021484,47.88559341430664,90.20594787597656,73.41874694824219,30.316986083984375
2011-09-14,24.50923728942871,28.904420852661133,31.78449821472168,177.2100067138672,57.271156311035156,65.93455505371094,48.569915771484375,91.45476531982422,74.04035186767578,30.51410484313965
2011-09-15,24.610687255859375,29.324792861938477,32.47380065917969,174.39999389648438,58.07627868652344,65.70658111572266,49.289337158203125,93.03302001953125,72.9083480834961,31.017833709716797
2011-09-16,24.50078010559082,29.375539779663086,32.48655700683594,176.02999877929688,58.165740966796875,65.70658111572266,49.74113845825195,93.5836410522461,73.4383544921875,31.31897735595703
2011-09-19,24.086517333984375,28.505783081054688,31.593015670776367,173.30999755859375,57.124786376953125,66.06892395019531,49.75872039794922,92.6518325805664,74.83856964111328,30.634559631347656
2011-09-20,24.04424476623535,28.29560089111328,31.72066307067871,175.77999877929688,56.23828887939453,66.09813690185547,49.538978576660156,92.54398345947266,75.15264892578125,30.618141174316406
2011-09-21,23.68916130065918,27.244661331176758,30.776065826416016,173.58999633789062,54.156288146972656,66.25006103515625,48.67757034301758,89.81779479980469,77.63898468017578,29.00291633605957
2011-09-22,22.8521785736084,25.331228256225586,29.780406951904297,169.0500030517578,52.643592834472656,66.37865447998047,47.095420837402344,86.91448974609375,80.55712890625,28.296594619750977
2011-09-23,22.446367263793945,26.00527000427246,30.118682861328125,159.8000030517578,53.18244552612305,65.96959686279297,47.596439361572266,87.43822479248047,79.05880737304688,28.505014419555664
2011-09-26,22.522457122802734,26.396669387817383,30.737773895263672,157.5800018310547,54.18663787841797,65.84687042236328,48.15018844604492,89.5174560546875,77.78943634033203,28.903059005737305
2011-09-27,22.902904510498047,27.23741912841797,31.497278213500977,160.6300048828125,55.35414123535156,65.63646697998047,48.65119934082031,90.51863861083984,76.59864807128906,29.190561294555664
2011-09-28,22.285736083984375,26.418407440185547,30.96116065979004,156.22000122070312,53.23142623901367,65.37355041503906,47.93045425415039,88.67035675048828,76.57245635986328,28.449731826782227
2011-09-29,22.547821044921875,26.78079605102539,31.56747817993164,157.6999969482422,54.15399169921875,65.30341339111328,47.35912322998047,89.37116241455078,77.10243225097656,28.89200210571289
2011-09-30,21.770017623901367,25.43994140625,30.495235443115234,158.05999755859375,52.49663543701172,65.63065338134766,46.13734817504883,87.13783264160156,79.03916931152344,28.123544692993164
2011-10-03,21.660114288330078,24.90360450744629,29.691059112548828,160.9600067138672,49.79423141479492,65.75264739990234,44.950721740722656,84.6580810546875,81.21434020996094,26.796695709228516
2011-10-04,21.617839813232422,25.28774642944336,30.188880920410156,157.63999938964844,52.89667892456055,65.1778335571289,45.87364959716797,86.51404571533203,80.18452453613281,27.852642059326172
2011-10-05,21.922197341918945,25.87482261657715,30.654796600341797,159.4600067138672,53.62331008911133,65.44769287109375,47.05146026611328,88.11589050292969,79.60719299316406,27.614927291870117
2011-10-06,22.378732681274414,26.730058670043945,31.478126525878906,160.49000549316406,54.81529235839844,65.18367767333984,47.842552185058594,89.7099838256836,78.13790130615234,28.372343063354492
2011-10-07,22.277278900146484,26.411155700683594,31.26112937927246,159.17999267578125,53.47633743286133,65.1250228881836,47.526119232177734,89.10932922363281,77.56068420410156,27.581745147705078
2011-10-10,22.77608871459961,27.592557907104492,32.45464324951172,163.27000427246094,55.819522857666016,65.24823760986328,49.1697998046875,92.08965301513672,76.4651870727539,28.958354949951172
2011-10-11,22.94517707824707,27.607059478759766,32.397193908691406,162.10000610351562,56.203216552734375,65.4241943359375,49.50381088256836,92.18211364746094,76.20934295654297,28.383386611938477
2011-10-12,22.987451553344727,28.3825740814209,32.8695068359375,163.25999450683594,57.003334045410156,65.5239028930664,49.74993133544922,92.99065399169922,75.10076904296875,28.847774505615234
2011-10-13,23.03817367553711,28.1289005279541,32.882266998291016,162.3000030517578,56.954341888427734,65.5825424194336,50.20698547363281,92.80586242675781,75.84857940673828,28.659799575805664
2011-10-14,23.562347412109375,28.69422721862793,33.26521301269531,163.39999389648438,58.081024169921875,65.54151916503906,51.13871383666992,94.39227294921875,74.74656677246094,29.3232364654541
2011-10-17,23.224170684814453,27.723018646240234,32.499324798583984,162.6199951171875,56.31754684448242,65.49455261230469,50.34762954711914,92.59022521972656,76.03883361816406,28.68744659423828
2011-10-18,23.35098648071289,28.46230125427246,32.965240478515625,161.83999633789062,57.81161117553711,65.72330474853516,50.9716911315918,94.39997863769531,75.56649017333984,29.69917106628418
2011-10-19,22.89444923400879,27.918716430664062,32.37167739868164,159.8699951171875,56.68492889404297,65.8934326171875,49.98725128173828,93.28333282470703,75.54029846191406,29.35641098022461
2011-10-20,22.860633850097656,27.38237190246582,32.45464324951172,157.77000427246094,56.840023040771484,66.04004669189453,49.74113845825195,93.69143676757812,75.00240325927734,29.52225685119629
2011-10-21,22.978994369506836,28.165138244628906,33.239681243896484,159.52000427246094,58.0728759765625,66.25704193115234,50.36521530151367,95.47042846679688,74.20872497558594,30.49527359008789
2011-10-24,23.342533111572266,29.26681137084961,33.73751449584961,161.02000427246094,59.942474365234375,66.59735870361328,51.41119384765625,96.64097595214844,74.33333587646484,31.252685546875
2011-10-25,23.418622970581055,28.686979293823242,33.156715393066406,165.58999633789062,58.26064682006836,66.92571258544922,50.40036392211914,94.76193237304688,76.22248840332031,30.744056701660156
2011-10-26,23.28335189819336,29.21607780456543,33.6098518371582,167.39999389648438,59.264854431152344,66.87883758544922,50.338836669921875,95.72457122802734,74.89089965820312,30.970733642578125
2011-10-27,23.900524139404297,30.99179458618164,35.4671516418457,169.5500030517578,62.39181137084961,66.86713409423828,51.727603912353516,99.05913543701172,72.3523178100586,32.441322326660156
2011-10-28,23.799068450927734,30.730880737304688,35.26291275024414,169.6199951171875,62.073394775390625,67.12518310546875,51.80672836303711,99.03605651855469,73.11327362060547,32.507667541503906
2011-10-31,23.435531616210938,29.578474044799805,33.43115234375,167.33999633789062,60.4241943359375,67.27767181396484,50.93653869628906,96.6487045288086,76.01251983642578,32.14276123046875
2011-11-01,23.156536102294922,28.860931396484375,32.38444137573242,167.3800048828125,58.28516387939453,67.6143798828125,49.60927963256836,93.95330047607422,78.55705261230469,31.10894012451172
2011-11-02,23.300260543823242,29.745166778564453,32.65888595581055,169.05999755859375,59.72208023071289,67.8615951538086,50.03119659423828,95.48583984375,77.57715606689453,31.70603370666504
2011-11-03,23.587709426879883,30.049571990966797,33.48221969604492,171.72000122070312,61.20795822143555,67.89694213867188,51.068389892578125,97.22628021240234,76.51174926757812,32.14276123046875
2011-11-04,23.66379737854004,29.8538818359375,33.06097412109375,170.85000610351562,60.905887603759766,68.03227233886719,50.80470275878906,96.6333236694336,76.60376739501953,31.88294219970703
2011-11-07,24.010427474975586,30.107563018798828,33.201393127441406,174.97999572753906,60.7834358215332,67.76148223876953,51.16508102416992,97.23399353027344,77.09049987792969,31.888463973999023
2011-11-08,24.1287899017334,30.462697982788086,33.60348892211914,173.52999877929688,61.673343658447266,67.34361267089844,51.75398635864258,98.48155212402344,76.10397338867188,32.303096771240234
2011-11-09,23.596162796020508,28.679725646972656,31.880231857299805,172.07000732421875,58.73416519165039,67.16703796386719,49.93450927734375,94.84662628173828,77.68236541748047,30.826988220214844
2011-11-10,23.570798873901367,28.86817741394043,32.25679016113281,171.13999938964844,59.166873931884766,66.83151245117188,49.90814971923828,95.73995208740234,76.52487182617188,30.821460723876953
2011-11-11,23.799068450927734,29.563962936401367,33.06097412109375,173.9600067138672,60.72627258300781,66.71379089355469,50.84864044189453,97.54202270507812,76.0579605102539,31.650737762451172
2011-11-14,23.545438766479492,29.15809440612793,32.47380065917969,173.1999969482422,59.85267639160156,66.70787048339844,50.53218460083008,96.61788940429688,77.28118133544922,31.064720153808594
2011-11-15,23.71452522277832,29.33929443359375,32.38444137573242,173.36000061035156,60.61195755004883,66.64315032958984,51.094764709472656,97.09534454345703,77.17596435546875,31.29691505432129
2011-11-16,23.655345916748047,28.54927635192871,31.765348434448242,171.50999450683594,59.63226318359375,66.4312515258789,50.25093460083008,95.55514526367188,77.87970733642578,30.998382568359375
2011-11-17,23.105810165405273,27.824485778808594,31.420700073242188,167.10000610351562,58.78314208984375,65.9073715209961,49.0731201171875,94.03804016113281,78.50450134277344,30.42893409729004
2011-11-18,23.071992874145508,27.933212280273438,31.529207229614258,167.6199951171875,58.76683807373047,66.0133056640625,48.695152282714844,93.93794250488281,78.4847412109375,30.622434616088867
2011-11-21,22.902904510498047,27.03447914123535,30.731395721435547,163.5,57.36256408691406,65.74260711669922,47.76344680786133,92.15127563476562,78.95162200927734,29.848447799682617
2011-11-22,23.055084228515625,27.12868309020996,30.64203643798828,165.30999755859375,56.8808708190918,65.57190704345703,47.921661376953125,91.7892837524414,79.83292388916016,29.710237503051758
2011-11-23,22.708452224731445,26.251708984375,29.7995548248291,164.8300018310547,55.092872619628906,65.23636627197266,46.84052658081055,89.76390838623047,80.61551666259766,28.814620971679688
2011-11-25,22.522457122802734,26.16472625732422,29.64638328552246,163.39999389648438,54.39075469970703,64.9774169921875,46.480140686035156,89.59449768066406,79.44490051269531,28.9417724609375
2011-11-28,22.801450729370117,27.418607711791992,30.910097122192383,166.6300048828125,56.97883987426758,65.00685119628906,48.09744644165039,92.18978118896484,79.40546417236328,29.58859634399414
2011-11-29,23.09735679626465,27.29539680480957,31.114336013793945,166.8800048828125,56.87272262573242,64.85966491699219,47.79861068725586,92.45161437988281,78.75432586669922,29.544374465942383
2011-11-30,23.36789321899414,28.998640060424805,32.70355987548828,170.1300048828125,60.19559097290039,65.15396118164062,49.56534194946289,96.25591278076172,77.5245590209961,30.92098045349121
2011-12-01,23.28335189819336,28.91165542602539,32.4227409362793,169.6300048828125,59.76287841796875,65.30519104003906,49.90814971923828,96.24054718017578,77.13554382324219,30.666658401489258
2011-12-02,23.486257553100586,28.824689865112305,32.416351318359375,169.82000732421875,60.0078239440918,65.86036682128906,49.76750564575195,96.15582275390625,78.21675872802734,30.639013290405273
2011-12-05,23.359439849853516,29.295804977416992,32.78652572631836,167.32000732421875,61.036495208740234,66.35065460205078,50.31248092651367,97.20317077636719,78.05855560302734,30.898862838745117
2011-12-06,23.486257553100586,28.897171020507812,32.63335037231445,168.17999267578125,61.093711853027344,65.99624633789062,50.171844482421875,97.23399353027344,77.31356048583984,30.849096298217773
2011-12-07,23.28335189819336,29.013134002685547,32.863128662109375,169.39999389648438,60.9712028503418,66.40977478027344,50.171844482421875,97.5959243774414,77.59044647216797,31.186351776123047
2011-12-08,22.987451553344727,27.969440460205078,31.78449821472168,165.97999572753906,59.077064514160156,66.18526458740234,49.32801055908203,95.45499420166016,78.5595703125,30.478708267211914
2011-12-09,23.071992874145508,28.534774780273438,32.5759162902832,166.39999389648438,60.8569221496582,65.93125915527344,50.119110107421875,97.07225036621094,76.94436645507812,31.147640228271484
2011-12-12,22.77608871459961,27.462099075317383,31.62493896484375,161.99000549316406,59.98332977294922,65.93721008300781,49.556556701660156,95.65523529052734,77.80145263671875,30.594785690307617
2011-12-13,22.869089126586914,27.208419799804688,31.197303771972656,158.4499969482422,58.73416519165039,66.1616439819336,49.01157760620117,94.76193237304688,78.52667999267578,30.235437393188477
2011-12-14,22.057466506958008,26.817033767700195,30.827123641967773,152.88999938964844,57.99937438964844,66.27388000488281,48.24687576293945,93.75308990478516,80.01004028320312,30.412349700927734
2011-12-15,21.947561264038086,26.99098777770996,30.98031234741211,152.3300018310547,58.53823471069336,66.38020324707031,48.11503982543945,94.0919418334961,79.71332550048828,30.92098045349121
2011-12-16,22.125102996826172,27.19392204284668,30.852649688720703,155.22999572753906,58.99544143676758,66.7523422241211,48.362762451171875,94.2314224243164,80.64290618896484,31.263736724853516
2011-12-19,22.02364730834961,26.490882873535156,30.565448760986328,154.8699951171875,57.974891662597656,66.98857879638672,47.88670349121094,93.22393035888672,81.664794921875,30.992847442626953
2011-12-20,22.530914306640625,27.600921630859375,31.643489837646484,156.97999572753906,60.301719665527344,66.94135284423828,49.3060188293457,96.044921875,79.62764739990234,31.93268585205078
2011-12-21,22.691547393798828,27.68872833251953,31.475540161132812,157.16000366210938,60.5466423034668,66.65777587890625,48.60077667236328,96.23092651367188,78.5199966430664,31.921628952026367
2011-12-22,22.716909408569336,28.054590225219727,31.759750366210938,156.0399932861328,60.93223571777344,67.0063247680664,49.01511764526367,97.08341979980469,78.84969329833984,32.380496978759766
2011-12-23,22.82681655883789,28.164352416992188,31.97936248779297,156.30999755859375,61.16195297241211,66.79957580566406,49.43826675415039,97.95140075683594,77.97283935546875,32.5213623046875
2011-12-27,22.928268432617188,27.89360809326172,31.837265014648438,154.91000366210938,61.34245300292969,67.0532455444336,49.622676849365234,98.02890014648438,78.3432388305664,32.66669464111328
2011-12-28,22.657724380493164,27.425302505493164,31.262392044067383,151.02999877929688,60.22670364379883,67.17770385742188,49.049156188964844,96.74240112304688,79.7917251586914,32.275413513183594
2011-12-29,22.72536277770996,27.73995018005371,31.837265014648438,150.33999633789062,60.83378601074219,67.14216613769531,49.4020881652832,97.74217987060547,79.93717193603516,32.560489654541016
2011-12-30,22.691547393798828,27.761898040771484,31.992277145385742,151.99000549316406,60.50563049316406,67.42669677734375,49.26091766357422,97.26165008544922,80.19518280029297,32.420738220214844
2012-01-03,23.36789321899414,28.610715866088867,32.86427307128906,155.9199981689453,61.50653076171875,67.37335205078125,50.20503616333008,98.81166076660156,78.99141693115234,32.69465255737305
2012-01-04,23.545438766479492,28.449735641479492,32.67048645019531,156.7100067138672,61.17018127441406,67.42669677734375,50.41676712036133,98.96665954589844,78.05221557617188,32.13567352294922
2012-01-05,23.224170684814453,28.3253231048584,32.186058044433594,157.77999877929688,61.51475143432617,67.13623046875,50.83147048950195,99.23014831542969,77.91331481933594,32.43751525878906
2012-01-06,23.32562255859375,27.966787338256836,31.74683952331543,157.1999969482422,61.35886764526367,67.39702606201172,51.0079345703125,98.97439575195312,78.52841186523438,32.33130645751953
2012-01-09,23.35098648071289,28.259485244750977,31.869556427001953,156.5,61.67060089111328,67.29625701904297,50.84030532836914,99.21463775634766,78.38949584960938,32.219520568847656
2012-01-10,23.52007484436035,28.87413215637207,32.354000091552734,158.63999938964844,62.573097229003906,67.48595428466797,51.210880279541016,100.07485961914062,78.25724792480469,32.5772705078125
2012-01-11,23.452438354492188,28.896085739135742,32.25065231323242,159.6699981689453,62.81919860839844,67.47404479980469,51.31675338745117,100.12913513183594,79.27577209472656,32.80644989013672
2012-01-12,23.122718811035156,29.013160705566406,32.38628387451172,160.3800048828125,63.007904052734375,67.62816619873047,51.51969909667969,100.369384765625,79.16336822509766,32.56608581542969
2012-01-13,23.071992874145508,28.74974822998047,32.03750991821289,159.25999450683594,62.6714973449707,67.87122344970703,51.33440399169922,99.8501205444336,79.95044708251953,32.63875961303711
2012-01-17,23.232624053955078,29.298540115356445,32.41858673095703,160.5,62.646942138671875,68.07865142822266,51.802040100097656,100.23762512207031,80.32081604003906,32.90705871582031
2012-01-18,23.24108123779297,30.03759002685547,32.961151123046875,161.60000610351562,63.762699127197266,67.94232940673828,52.49028015136719,101.34587860107422,79.34860229492188,33.1362419128418
2012-01-19,23.342533111572266,30.301021575927734,33.36807632446289,161.22000122070312,64.15647888183594,67.92450714111328,52.81673049926758,101.88060760498047,78.25724792480469,33.26481246948242
2012-01-20,23.173442840576172,30.2790584564209,33.542484283447266,162.07000732421875,64.19750213623047,67.7526626586914,52.73731994628906,102.2603759765625,77.37096405029297,33.47163772583008
2012-01-23,23.44398307800293,30.571741104125977,33.67166519165039,163.16000366210938,64.115478515625,67.65188598632812,52.75497817993164,101.996826171875,76.88150024414062,33.63372802734375
2012-01-24,23.486257553100586,30.61565399169922,33.484352111816406,162.00999450683594,64.48466491699219,67.89492797851562,52.65791320800781,101.88060760498047,77.02043914794922,33.89086151123047
2012-01-25,23.680707931518555,30.959569931030273,33.83313751220703,166.4199981689453,65.03433227539062,68.12603759765625,53.319679260253906,102.73309326171875,76.83519744873047,34.32685852050781
2012-01-26,23.748340606689453,30.83517837524414,33.84606170654297,167.27000427246094,64.96047973632812,68.65949249267578,53.134376525878906,102.20610046386719,77.85377502441406,34.567222595214844
2012-01-27,23.8328857421875,30.996150970458984,33.904197692871094,168.97000122070312,65.40351104736328,68.76026153564453,53.29318618774414,102.15959930419922,78.0985336303711,34.57841110229492
2012-01-30,23.587709426879883,30.54979133605957,33.50371170043945,168.02999877929688,64.89484405517578,68.67137908935547,53.33730697631836,101.81086730957031,79.01783752441406,34.321285247802734
2012-01-31,23.528528213500977,30.8132266998291,33.678123474121094,169.30999755859375,64.8292236328125,68.87286376953125,53.40790557861328,101.77212524414062,79.93060302734375,34.488975524902344
2012-02-01,23.604618072509766,31.493745803833008,34.2077751159668,169.55999755859375,66.22390747070312,69.14704895019531,53.840240478515625,102.6633529663086,79.0149917602539,34.82994079589844
2012-02-02,23.66379737854004,31.581544876098633,34.27882766723633,171.0500030517578,66.601318359375,69.28980255126953,54.007877349853516,102.82611083984375,78.9818115234375,34.9082145690918
2012-02-03,23.942792892456055,32.108394622802734,34.814937591552734,167.63999938964844,68.05345916748047,69.18865966796875,54.74903869628906,104.26759338378906,77.28462982177734,35.394508361816406
2012-02-06,24.061153411865234,31.83765411376953,34.64699935913086,167.17999267578125,67.8319320678711,69.36705780029297,54.704933166503906,104.19783020019531,78.05362701416016,35.282718658447266
2012-02-07,24.04424476623535,31.90350341796875,34.86015319824219,169.6999969482422,67.7909164428711,69.23627471923828,54.819637298583984,104.46133422851562,77.08573913574219,35.193275451660156
2012-02-08,24.154150009155273,32.13035202026367,34.982872009277344,168.5,67.93859100341797,69.30756378173828,55.11080551147461,104.77135467529297,77.14535522460938,35.25476837158203
2012-02-09,24.280967712402344,32.11570358276367,35.073307037353516,168.02000427246094,67.60223388671875,69.08755493164062,55.50786590576172,104.90311431884766,76.56855010986328,34.99763870239258
2012-02-10,24.05270004272461,31.405925750732422,34.40800857543945,167.13999938964844,66.6751708984375,69.02212524414062,55.11963653564453,104.1280746459961,77.56310272216797,34.673458099365234
2012-02-13,24.111881256103516,31.918134689331055,34.80202102661133,167.50999450683594,67.53659057617188,69.26004028320312,55.63139724731445,104.90311431884766,77.66250610351562,35.02559280395508
2012-02-14,24.103425979614258,31.654712677001953,34.54365158081055,167.1199951171875,67.23300170898438,69.31354522705078,55.77255630493164,104.77135467529297,78.0735855102539,34.66782760620117
2012-02-15,24.187969207763672,31.742525100708008,34.58240509033203,168.11000061035156,66.6751708984375,69.21839904785156,55.384342193603516,104.28306579589844,77.93436431884766,34.46102523803711
2012-02-16,24.297876358032227,32.08644485473633,35.06038284301758,168.0,67.93040466308594,69.09949493408203,56.143157958984375,105.43785095214844,77.31114196777344,34.82435607910156
2012-02-17,24.255605697631836,32.14497756958008,35.21541213989258,167.35000610351562,67.92221069335938,68.99238586425781,55.9666748046875,105.71682739257812,77.29122924804688,34.85231018066406
2012-02-21,24.636051177978516,32.013267517089844,35.221858978271484,171.02000427246094,67.46275329589844,68.8793716430664,56.12549591064453,105.76335906982422,76.43598937988281,34.31008529663086
2012-02-22,24.864320755004883,32.07181167602539,35.1185188293457,172.94000244140625,66.92948913574219,69.30756378173828,55.86962890625,105.42232513427734,77.39730834960938,34.01941680908203
2012-02-23,24.940406799316406,32.013267517089844,35.40917205810547,173.02000427246094,67.93040466308594,69.4027328491211,56.240203857421875,105.88739013671875,77.39730834960938,34.444236755371094
2012-02-24,25.092588424682617,32.33522033691406,35.62233352661133,172.22999572753906,67.79912567138672,69.4563217163086,56.434329986572266,106.11979675292969,77.90119171142578,34.488975524902344
2012-02-27,24.889684677124023,32.013267517089844,35.44147872924805,171.6999969482422,67.68429565429688,69.71198272705078,56.51374053955078,106.29805755615234,78.59066009521484,34.43307113647461
2012-02-28,24.881229400634766,32.45962905883789,35.77089309692383,173.49000549316406,67.5037841796875,69.93206787109375,57.087249755859375,106.60807800292969,78.33216857910156,34.23184585571289
2012-02-29,24.78822898864746,32.43766784667969,35.30583190917969,164.2899932861328,66.49465942382812,69.99745178222656,56.83137130737305,106.1895523071289,77.85477447509766,34.09209060668945
2012-03-01,25.177133560180664,32.7449951171875,35.70630645751953,166.61000061035156,66.83920288085938,69.83216857910156,57.2813606262207,106.73981475830078,77.12183380126953,34.29892349243164
2012-03-02,24.92350196838379,32.66449737548828,35.376888275146484,166.33999633789062,65.83834075927734,69.85601806640625,57.23724365234375,106.4142837524414,77.84613800048828,34.24860382080078
2012-03-05,24.805139541625977,32.10107421875,35.1895637512207,165.64999389648438,65.91219329833984,69.73076629638672,56.64608383178711,105.98031616210938,77.22819519042969,34.595176696777344
2012-03-06,24.399330139160156,31.025423049926758,34.065670013427734,162.6999969482422,64.5994644165039,69.623291015625,56.0901985168457,104.43033599853516,78.16512298583984,34.13681411743164
2012-03-07,24.50923728942871,31.398603439331055,34.48551940917969,163.6300048828125,65.20661926269531,69.5935287475586,56.52255630493164,105.15885162353516,77.68665313720703,34.321285247802734
2012-03-08,24.712142944335938,32.05717086791992,35.22832107543945,165.27999877929688,66.05162811279297,69.60538482666016,57.13138961791992,106.2050552368164,76.90918731689453,34.14239501953125
2012-03-09,24.779775619506836,32.04254150390625,35.112056732177734,166.3800048828125,66.94593048095703,69.56959533691406,57.369598388671875,106.61585235595703,77.06204223632812,34.31008529663086
2012-03-12,24.745960235595703,31.691299438476562,35.02163314819336,165.07000732421875,66.81465148925781,69.43229675292969,57.39607238769531,106.62355041503906,77.04873657226562,34.5616340637207
2012-03-13,24.855863571166992,32.55474090576172,35.59003448486328,162.3000030517578,68.14370727539062,69.24139404296875,58.46370315551758,108.54556274414062,75.693115234375,35.260353088378906
2012-03-14,24.686779022216797,32.04254150390625,35.273536682128906,159.57000732421875,67.58580017089844,68.4178237915039,58.66661834716797,108.4293212890625,73.78604125976562,35.16533660888672
2012-03-15,24.703685760498047,32.298641204833984,35.60941696166992,161.0800018310547,68.15193176269531,68.26871490478516,58.83428192138672,109.05704498291016,73.89900970458984,35.11503219604492
2012-03-16,25.008045196533203,32.26204299926758,35.854854583740234,161.3000030517578,68.09449768066406,68.37013244628906,58.79274368286133,109.20808410644531,74.04519653320312,35.31626510620117
2012-03-19,24.965774536132812,32.137657165527344,36.042179107666016,161.58999633789062,68.66876983642578,68.27462005615234,59.20814514160156,109.63617706298828,73.16143035888672,35.56220626831055
2012-03-20,24.661415100097656,31.581544876098633,35.61587142944336,160.1300048828125,68.05345916748047,68.23290252685547,59.31418991088867,109.31705474853516,73.45377349853516,35.51189041137695
2012-03-21,24.60223388671875,31.640085220336914,35.38334655761719,160.2100067138672,68.03701782226562,68.54316711425781,59.32304382324219,109.13802337646484,74.28443145751953,35.46159744262695
2012-03-22,24.407785415649414,31.157133102416992,35.13789367675781,159.57000732421875,67.38072204589844,68.42979431152344,59.199302673339844,108.35183715820312,74.52364349365234,34.975276947021484
2012-03-23,24.644506454467773,31.391292572021484,35.38334655761719,161.52999877929688,68.03987884521484,68.4834976196289,59.16394805908203,108.70211029052734,75.22798156738281,35.193275451660156
2012-03-26,24.754413604736328,31.94009017944336,35.83548355102539,164.39999389648438,69.45530700683594,68.6327133178711,60.19804000854492,110.22771453857422,74.84259033203125,35.605743408203125
2012-03-27,24.65296173095703,31.771787643432617,35.60941696166992,163.24000549316406,68.96979522705078,69.163818359375,60.28643035888672,109.88526153564453,75.38087463378906,35.61137008666992
2012-03-28,24.41623878479004,31.23763084411621,35.36396789550781,161.50999450683594,68.56654357910156,69.03253173828125,60.04777526855469,109.34037780761719,75.27455139160156,35.55503845214844
2012-03-29,24.07806396484375,31.2010440826416,35.13789367675781,161.27999877929688,68.36905670166016,69.1698226928711,59.8180046081543,109.153564453125,75.83932495117188,35.571937561035156
2012-03-30,24.348604202270508,31.42786979675293,35.45439529418945,162.1199951171875,68.14684295654297,69.00269317626953,59.70307540893555,109.60501861572266,74.5568618774414,35.86494064331055
2012-04-02,24.661415100097656,31.85959815979004,35.867774963378906,162.94000244140625,68.98625946044922,69.18053436279297,60.3217887878418,110.40681457519531,74.96994018554688,36.118492126464844
2012-04-03,24.551509857177734,31.676664352416992,35.241233825683594,159.88999938964844,68.52539825439453,68.52183532714844,60.30409240722656,109.95532989501953,73.67079162597656,35.977630615234375
2012-04-04,24.171062469482422,31.10590934753418,34.45322036743164,157.2100067138672,67.43093872070312,68.6535873413086,59.48214340209961,108.8655776977539,74.68344116210938,35.58319854736328
2012-04-05,24.26405906677246,31.27422332763672,34.24653244018555,158.30999755859375,67.13465118408203,68.767333984375,59.85334396362305,108.81108093261719,75.22310638427734,35.447975158691406
2012-04-09,24.154150009155273,30.8132266998291,34.09796905517578,159.3699951171875,66.0319595336914,69.21642303466797,59.40257263183594,107.58900451660156,76.98192596435547,35.07044982910156
2012-04-10,23.8328857421875,30.21320343017578,33.36807632446289,161.10000610351562,64.47657775878906,69.17455291748047,58.44804382324219,105.78314208984375,77.85469818115234,34.315399169921875
2012-04-11,23.892065048217773,30.542490005493164,33.83313751220703,161.07000732421875,65.39005279541016,69.10266876220703,58.73088073730469,106.63936614990234,76.92193603515625,34.754905700683594
2012-04-12,24.204875946044922,31.325428009033203,34.45322036743164,162.6999969482422,66.32820892333984,69.13264465332031,59.40257263183594,108.03271484375,76.60220336914062,35.23384475708008
2012-04-13,23.959701538085938,30.849802017211914,33.79438018798828,160.85000610351562,65.45584869384766,69.46199798583984,58.50107955932617,106.74832916259766,77.8413314819336,35.08734893798828
2012-04-16,23.722978591918945,30.696151733398438,34.03984451293945,160.4600067138672,65.5628433227539,69.46199798583984,57.847042083740234,106.67829132080078,77.72810363769531,35.56629943847656
2012-04-17,23.8328857421875,31.047378540039062,34.58240509033203,160.25,66.50921630859375,69.55181884765625,59.022552490234375,108.25838470458984,77.6814193725586,35.87057113647461
2012-04-18,23.604618072509766,30.901033401489258,34.40155792236328,159.30999755859375,66.00725555419922,69.53984069824219,58.87226867675781,107.89254760742188,77.90796661376953,35.62828063964844
2012-04-19,23.613073348999023,30.762008666992188,34.19485855102539,159.42999267578125,65.62870025634766,69.58773803710938,58.20940399169922,107.19984436035156,77.9812240600586,35.62828063964844
2012-04-20,23.706069946289062,30.974218368530273,34.524269104003906,159.5399932861328,66.00725555419922,69.56976318359375,58.050296783447266,107.37884521484375,77.99458312988281,36.062156677246094
2012-04-23,23.66379737854004,30.381498336791992,33.83313751220703,159.07000732421875,65.09376525878906,69.58171844482422,57.52001953125,106.47591400146484,78.56086730957031,35.69027328491211
2012-04-24,23.66379737854004,30.447355270385742,34.104427337646484,159.3000030517578,65.58753204345703,69.45594787597656,57.21067428588867,106.88068389892578,78.00784301757812,36.22556686401367
2012-04-25,23.799068450927734,30.725414276123047,34.569488525390625,159.6199951171875,66.60798645019531,69.5757827758789,58.73088073730469,108.34405517578125,77.608154296875,36.64251708984375
2012-04-26,23.849794387817383,30.915666580200195,34.776180267333984,161.02999877929688,67.26631927490234,69.68954467773438,59.0755729675293,109.09905242919922,78.07453918457031,36.732688903808594
2012-04-27,23.92588233947754,30.959569931030273,34.91827392578125,161.3800048828125,67.7929916381836,69.79129028320312,59.42908477783203,109.27813720703125,78.14117431640625,36.98625183105469
2012-04-30,24.018882751464844,30.89371681213379,34.718055725097656,161.8800048828125,67.04409790039062,69.74942779541016,59.00484848022461,108.87335205078125,78.1611557006836,36.890472412109375
2012-05-01,24.018882751464844,31.098596572875977,34.86015319824219,161.32000732421875,67.10999298095703,69.61663818359375,59.102088928222656,109.55059051513672,77.75575256347656,37.290523529052734
2012-05-02,23.706069946289062,31.040054321289062,34.588863372802734,160.58999633789062,67.29103088378906,69.84494018554688,59.27002716064453,109.22358703613281,78.30335235595703,37.234169006347656
2012-05-03,23.44398307800293,30.805910110473633,34.2852897644043,158.97000122070312,66.34464263916016,69.88697052001953,58.64249038696289,108.39075469970703,78.2833480834961,37.104576110839844
2012-05-04,23.029720306396484,30.264421463012695,33.762081146240234,159.47000122070312,65.08551025390625,69.96508026123047,57.184139251708984,106.63936614990234,78.89775085449219,36.777767181396484
2012-05-07,22.978994369506836,30.374189376831055,34.007545471191406,159.0800018310547,65.25836181640625,70.08526611328125,57.2371826171875,106.71724700927734,78.91109466552734,37.036964416503906
2012-05-08,22.89444923400879,29.891246795654297,33.484352111816406,156.0,65.21724700927734,70.25952911376953,57.02506637573242,106.2890853881836,79.33184051513672,36.96934509277344
2012-05-09,22.716909408569336,29.503416061401367,33.096797943115234,154.47000122070312,64.8469467163086,70.13932800292969,56.84830093383789,105.65861511230469,79.3852310180664,36.851009368896484
2012-05-10,22.72536277770996,29.627819061279297,33.251827239990234,154.77000427246094,65.09376525878906,69.99513244628906,56.7333869934082,105.8765869140625,79.1514892578125,36.87917709350586
2012-05-11,22.5562744140625,29.2473201751709,33.04512023925781,153.55999755859375,64.92921447753906,70.20543670654297,56.72455596923828,105.55741882324219,79.80598449707031,36.958065032958984
2012-05-14,22.2603702545166,28.58143424987793,32.41212463378906,151.3300018310547,64.06512451171875,70.22347259521484,56.19426345825195,104.38985443115234,80.9212646484375,36.490394592285156
2012-05-15,22.302642822265625,28.33264923095703,32.00520706176758,149.74000549316406,63.94993209838867,70.13333892822266,56.0086555480957,103.79046630859375,81.2485122680664,36.29881286621094
2012-05-16,22.277278900146484,27.93019676208496,31.68869972229004,149.4600067138672,63.489078521728516,70.16938018798828,55.628604888916016,103.39349365234375,81.4822998046875,35.898738861083984
2012-05-17,22.2265567779541,27.549701690673828,31.30113983154297,152.8000030517578,62.04895782470703,69.64663696289062,54.45310592651367,101.86007690429688,82.92477416992188,34.85069274902344
2012-05-18,22.209644317626953,27.286279678344727,31.075088500976562,154.5500030517578,61.46467590332031,69.37629699707031,53.74604797363281,100.98825073242188,82.94478607177734,34.42808151245117
2012-05-21,22.50554847717285,27.937519073486328,31.759750366210938,154.64999389648438,62.91303634643555,69.45439147949219,55.248558044433594,102.72406768798828,82.77118682861328,35.1775016784668
2012-05-22,22.184282302856445,27.64481544494629,31.643489837646484,152.0800018310547,62.534454345703125,69.26811218261719,55.186683654785156,102.9030990600586,81.84957885742188,35.24513626098633
2012-05-23,21.939105987548828,27.454572677612305,31.385107040405273,151.6199951171875,62.93770980834961,69.43636322021484,55.29275131225586,102.95758819580078,82.41722106933594,35.29582595825195
2012-05-24,21.947561264038086,27.315542221069336,31.178421020507812,151.41000366210938,63.06938552856445,69.44839477539062,54.93038558959961,103.15998840332031,82.10333251953125,35.453609466552734
2012-05-25,22.02364730834961,27.183834075927734,31.068618774414062,152.67999267578125,63.02821350097656,69.62262725830078,54.859676361083984,102.82525634765625,82.4105224609375,35.31273651123047
2012-05-29,21.930652618408203,27.952152252197266,31.46262550354004,151.02000427246094,63.941680908203125,69.72477722167969,55.55788803100586,104.07068634033203,82.15679931640625,35.814231872558594
2012-05-30,21.524843215942383,27.469213485717773,30.719831466674805,151.91000366210938,62.715538024902344,69.78486633300781,55.089473724365234,102.56063079833984,84.24039459228516,34.96338653564453
2012-05-31,21.338844299316406,27.586286544799805,30.849000930786133,151.6199951171875,62.63325500488281,70.27749633789062,54.85083770751953,102.33489227294922,85.2154312133789,35.22820281982422
2012-06-01,20.899215698242188,26.847244262695312,30.06744384765625,157.5,60.748741149902344,70.70917510986328,53.39249038696289,99.75843811035156,87.23849487304688,34.36610412597656
2012-06-04,21.017578125,26.96431541442871,30.319347381591797,157.32000732421875,60.60881042480469,70.17263793945312,53.79907989501953,99.71170806884766,86.54918670654297,34.129451751708984
2012-06-05,20.94148826599121,27.037492752075195,30.538963317871094,157.13999938964844,61.39059066772461,70.02189636230469,54.020023345947266,100.46674346923828,85.39141082763672,34.83378219604492
2012-06-06,21.33039093017578,27.827762603759766,31.39158058166504,157.2100067138672,62.90483093261719,69.81696319580078,55.25740051269531,102.72406768798828,83.68492889404297,35.605743408203125
2012-06-07,21.186668395996094,27.99605369567871,31.436782836914062,154.5,62.493309020996094,69.961669921875,55.03643798828125,102.78636932373047,83.81211853027344,35.352169036865234
2012-06-08,21.254301071166992,27.754575729370117,31.333444595336914,154.72999572753906,63.3409423828125,70.2208251953125,55.56673812866211,103.60365295410156,83.79202270507812,35.853660583496094
2012-06-11,20.865400314331055,27.35213279724121,31.029857635498047,155.36000061035156,61.94196319580078,70.20878601074219,54.6298713684082,102.28816986083984,84.17345428466797,35.04790115356445
2012-06-12,20.966854095458984,27.922882080078125,31.546600341796875,156.4600067138672,62.72373962402344,70.00386047363281,55.29275131225586,103.46354675292969,83.40385437011719,35.38035202026367
2012-06-13,20.80622100830078,27.8204345703125,31.2946834564209,157.1199951171875,61.999568939208984,70.25701141357422,54.91270065307617,102.80192565917969,84.22699737548828,35.20002365112305
2012-06-14,21.0513973236084,28.018014907836914,31.5272159576416,157.75,62.70724868774414,70.17263793945312,55.11597442626953,103.89163208007812,84.11994171142578,35.712806701660156
2012-06-15,21.017578125,28.530227661132812,31.972896575927734,157.83999633789062,63.54668045043945,70.46202087402344,55.80074691772461,104.95417785644531,84.58843231201172,35.932552337646484
2012-06-18,21.034488677978516,28.588768005371094,31.882478713989258,157.92999267578125,63.62075424194336,70.431884765625,56.323421478271484,105.15760040283203,85.04345703125,36.23119354248047
2012-06-19,21.21202850341797,29.04975700378418,32.41212463378906,157.16000366210938,64.72348022460938,70.36552429199219,56.908084869384766,106.17476654052734,83.93256378173828,36.37769317626953
2012-06-20,20.865400314331055,28.954622268676758,32.59943771362305,155.97000122070312,64.62471008300781,70.39573669433594,56.9523811340332,106.00265502929688,84.34745025634766,36.36079406738281
2012-06-21,20.417316436767578,27.894237518310547,31.746122360229492,152.02000427246094,63.05292510986328,70.50419616699219,55.53499221801758,103.62408447265625,84.79586029052734,35.769142150878906
2012-06-22,20.620222091674805,27.98310661315918,32.01713562011719,152.63999938964844,63.76888656616211,70.44995880126953,56.11966323852539,104.4221420288086,83.66485595703125,35.774784088134766
2012-06-25,20.831581115722656,27.464767456054688,31.303298950195312,153.75999450683594,62.77313232421875,70.63082122802734,55.038909912109375,102.74775695800781,84.88282775878906,35.59242630004883
2012-06-26,20.975305557250977,27.70171546936035,31.508188247680664,152.6199951171875,63.01872253417969,70.703125,55.38440704345703,103.26416015625,84.5482177734375,35.711727142333984
2012-06-27,21.09366798400879,27.87943458557129,31.805622100830078,152.8300018310547,64.04425811767578,70.79959869384766,55.721031188964844,104.19524383544922,84.68205261230469,35.85375213623047
2012-06-28,20.865400314331055,27.746143341064453,31.871713638305664,151.0500030517578,63.93674850463867,70.9080810546875,55.10090637207031,103.89791107177734,84.88951110839844,36.24574661254883
2012-06-29,21.770017623901367,28.975366592407227,33.02180480957031,155.19000244140625,65.7975082397461,70.8900146484375,56.837215423583984,106.48775482177734,83.78530883789062,37.171783447265625
2012-07-02,21.727745056152344,28.975366592407227,33.23991394042969,155.08999633789062,66.5583724975586,71.26626586914062,57.00551223754883,106.80851745605469,84.6497802734375,37.580814361572266
2012-07-03,22.336462020874023,29.552946090698242,33.54396438598633,157.4600067138672,67.42675018310547,71.32672882080078,57.483924865722656,107.51270294189453,83.99928283691406,37.80238723754883
2012-07-05,22.421005249023438,29.24193572998047,32.98875045776367,155.67999267578125,67.35233306884766,71.50818634033203,57.51933670043945,107.02762603759766,84.42845153808594,37.569461822509766
2012-07-06,21.90528678894043,28.708786010742188,32.6780891418457,153.7100067138672,66.5997314453125,71.6896743774414,56.801788330078125,106.0104751586914,85.21321868896484,37.66035842895508
2012-07-09,22.294191360473633,28.605112075805664,32.60538864135742,154.0399932861328,66.34336853027344,71.7380599975586,56.69547653198242,105.87743377685547,85.96424865722656,37.70012664794922
2012-07-10,22.00674057006836,28.286701202392578,32.38726806640625,152.14999389648438,65.60733795166016,71.71992492675781,56.13737869262695,104.95417785644531,86.13865661621094,37.29676055908203
2012-07-11,22.251916885375977,28.434804916381836,32.48641586303711,152.99000549316406,65.38400268554688,71.84088134765625,55.82733917236328,104.96981048583984,86.24593353271484,37.336524963378906
2012-07-12,22.302642822265625,27.960893630981445,32.16254425048828,152.58999633789062,65.16072845458984,72.20382690429688,55.30466842651367,104.46125030517578,86.85623931884766,37.45015335083008
2012-07-13,22.573184967041016,28.501453399658203,32.61860656738281,154.13999938964844,65.97120666503906,72.22805786132812,56.146244049072266,106.21387481689453,86.62821960449219,37.91033172607422
2012-07-16,22.8521785736084,28.434804916381836,32.611995697021484,154.2100067138672,65.70655822753906,72.42760467529297,55.98679733276367,105.96351623535156,87.03067779541016,37.984188079833984
2012-07-17,22.877540588378906,28.812442779541016,32.70453643798828,153.47000122070312,65.93814849853516,72.42760467529297,56.27911376953125,106.6911392211914,86.34654998779297,38.3477783203125
2012-07-18,23.0804443359375,28.738401412963867,32.96231460571289,153.0500030517578,66.34336853027344,72.82681274414062,57.040958404541016,107.48138427734375,86.39351654052734,38.12052536010742
2012-07-19,23.359439849853516,29.004974365234375,33.266353607177734,153.3800048828125,66.12006378173828,72.95389556884766,57.669925689697266,107.76309967041016,86.1722183227539,37.72285842895508
2012-07-20,23.359439849853516,28.57549476623535,32.48641586303711,153.6699981689453,65.2764892578125,73.00830078125,56.908084869384766,106.77721405029297,87.22511291503906,37.52400588989258
2012-07-23,22.869089126586914,27.827608108520508,31.8188533782959,153.02999877929688,64.23445892333984,72.77238464355469,56.217105865478516,105.69745635986328,87.71466827392578,37.251312255859375
2012-07-24,22.73381805419922,27.709123611450195,31.47515296936035,153.52000427246094,63.39091873168945,72.8873291015625,55.77419662475586,104.78987884521484,88.40547180175781,37.12632751464844
2012-07-25,22.902904510498047,27.8424129486084,31.64036750793457,155.6699981689453,63.531490325927734,73.02642822265625,55.4021110534668,104.8133544921875,88.63350677490234,37.109291076660156
2012-07-26,22.94517707824707,28.471820831298828,32.60538864135742,156.77000427246094,64.07733154296875,73.14137268066406,56.13737869262695,106.54249572753906,87.82193756103516,37.43878936767578
2012-07-27,23.181900024414062,29.27155303955078,33.29279327392578,157.5399932861328,65.59906005859375,72.79660034179688,57.46619415283203,108.50636291503906,86.16548919677734,37.796688079833984
2012-07-30,23.317169189453125,29.10124397277832,33.253143310546875,157.42999267578125,65.37577819824219,72.98413848876953,57.42190170288086,108.50636291503906,86.8093032836914,37.97282409667969
2012-07-31,23.03817367553711,28.96795082092285,33.04823303222656,156.49000549316406,64.79682922363281,73.3591079711914,57.404170989990234,107.74744415283203,86.98367309570312,37.9160041809082
2012-08-01,23.071992874145508,29.01979637145996,33.05485153198242,155.13999938964844,63.72999572753906,73.27718353271484,57.23587417602539,107.65355682373047,86.54886627197266,37.734214782714844
2012-08-02,22.877540588378906,28.679161071777344,32.5921630859375,154.1300048828125,63.49840545654297,73.3258056640625,57.032100677490234,106.9102554321289,87.03939819335938,37.842159271240234
2012-08-03,23.266443252563477,29.567745208740234,33.70259094238281,155.5500030517578,65.0118637084961,73.1498031616211,58.11286163330078,109.03062438964844,85.63481903076172,38.137569427490234
2012-08-06,23.401710510253906,29.75287628173828,33.94054412841797,156.3000030517578,65.51636505126953,73.24686431884766,58.555809020996094,109.24186706542969,85.66844177246094,38.09780502319336
2012-08-07,23.579254150390625,29.834325790405273,34.22474670410156,156.27999877929688,66.11178588867188,72.86458587646484,59.04301834106445,109.78959655761719,84.56624603271484,37.64899826049805
2012-08-08,23.646888732910156,29.893569946289062,34.20492935180664,156.47999572753906,66.01255798339844,72.65824127197266,59.016456604003906,109.92256927490234,84.11597442626953,37.39335250854492
2012-08-09,23.84134292602539,30.019447326660156,34.22474670410156,156.99000549316406,66.32682037353516,72.60974884033203,59.1936149597168,110.01647186279297,84.05545806884766,37.274044036865234
2012-08-10,23.71452522277832,30.160139083862305,34.28422927856445,157.17999267578125,66.09529876708984,72.8160629272461,59.22904968261719,110.19645690917969,84.47889709472656,37.32516860961914
2012-08-13,23.528528213500977,29.893569946289062,34.11899185180664,155.99000549316406,65.9877700805664,72.66434478759766,59.37080001831055,110.14167022705078,84.33777618408203,37.29676055908203
2012-08-14,23.553890228271484,29.88616371154785,34.19831466674805,155.1300048828125,65.83063507080078,72.33670806884766,59.39738464355469,110.15731048583984,83.19527435302734,37.21723556518555
2012-08-15,23.756797790527344,29.841739654541016,34.09916687011719,155.6300048828125,66.40953063964844,71.99686431884766,59.5479850769043,110.2824935913086,82.0258560180664,37.38766098022461
2012-08-16,23.849794387817383,30.11570930480957,34.522186279296875,156.55999755859375,67.10424041748047,71.78446960449219,60.256675720214844,111.09622955322266,81.32691192626953,37.671714782714844
2012-08-17,23.88361358642578,29.967615127563477,34.56845474243164,156.72000122070312,67.57563781738281,71.88157653808594,60.522438049316406,111.24481201171875,81.72342681884766,37.68308639526367
2012-08-20,23.993520736694336,29.952808380126953,34.5287971496582,157.25999450683594,67.42675018310547,72.08184051513672,60.610992431640625,111.2527084350586,81.89144897460938,37.57514953613281
2012-08-21,24.213333129882812,29.908369064331055,34.727088928222656,158.8300018310547,67.3853988647461,72.20320129394531,60.371822357177734,110.91622924804688,82.25434112548828,37.65467834472656
2012-08-22,24.340147018432617,29.923185348510742,34.68742370605469,160.5399932861328,67.06288146972656,72.61575317382812,60.619903564453125,110.96320343017578,83.61190032958984,37.631954193115234
2012-08-23,24.22178840637207,29.64920425415039,34.48915100097656,161.88999938964844,66.59146881103516,72.6704330444336,60.12379837036133,110.0555648803711,83.96136474609375,37.51832962036133
2012-08-24,24.111881256103516,29.656606674194336,34.436256408691406,161.97000122070312,66.77340698242188,72.749267578125,60.495853424072266,110.72064208984375,83.88076782226562,37.64332962036133
2012-08-27,24.001972198486328,29.353004455566406,34.45609664916992,161.36000061035156,66.97188568115234,72.84030151367188,60.593299865722656,110.74409484863281,84.37137603759766,37.75693130493164
2012-08-28,24.018882751464844,29.293771743774414,34.423038482666016,161.63999938964844,67.27788543701172,72.94349670410156,60.593299865722656,110.63460540771484,84.5729751586914,37.887603759765625
2012-08-29,24.061153411865234,29.153079986572266,34.317283630371094,160.58999633789062,67.48466491699219,72.7917709350586,60.593299865722656,110.72064208984375,84.20332336425781,37.8762321472168
2012-08-30,24.086517333984375,28.812442779541016,33.80834197998047,160.52000427246094,66.81475067138672,72.8160629272461,59.982051849365234,109.92256927490234,84.64019012451172,37.791038513183594
2012-08-31,24.340147018432617,29.086429595947266,34.10578155517578,164.22000122070312,67.08767700195312,73.31969451904297,60.380680084228516,110.4468002319336,85.83648681640625,37.91033172607422
2012-09-04,24.348604202270508,28.923521041870117,33.93392562866211,164.47999572753906,67.90644836425781,73.14617156982422,60.318695068359375,110.3450698852539,85.75028991699219,38.17732620239258
2012-09-05,24.230241775512695,28.775423049926758,33.84139633178711,164.30999755859375,67.92296600341797,73.17657470703125,60.256675720214844,110.25114440917969,85.34617614746094,38.109169006347656
2012-09-06,24.22178840637207,29.412254333496094,34.68082809448242,164.88999938964844,69.17176818847656,72.85395812988281,61.59435272216797,112.4888916015625,83.9250717163086,38.45003890991211
2012-09-07,24.492324829101562,30.093502044677734,35.20298385620117,168.44000244140625,69.68450164794922,73.00617980957031,61.505760192871094,112.92709350585938,83.53439331054688,38.484130859375
2012-09-10,24.52614402770996,29.708438873291016,34.92537307739258,167.2899932861328,69.37024688720703,73.00007629394531,60.717315673828125,112.28546905517578,83.73648071289062,38.18302536010742
2012-09-11,24.57686996459961,30.063880920410156,35.32196044921875,167.89999389648438,69.51908874511719,73.0610122680664,60.619903564453125,112.59846496582031,83.21114349365234,38.29664993286133
2012-09-12,24.703685760498047,30.19716453552246,35.55329513549805,167.9199981689453,69.87472534179688,72.91483306884766,60.79703903198242,112.97401428222656,82.17395782470703,38.376197814941406
2012-09-13,24.872774124145508,31.01169776916504,36.095279693603516,171.30999755859375,70.79271697998047,73.30448150634766,61.62089538574219,114.69535064697266,81.85070037841797,38.84772491455078
2012-09-14,25.134859085083008,31.374542236328125,36.452205657958984,171.8000030517578,71.45428466796875,72.86618041992188,62.170162200927734,115.20391082763672,79.67526245117188,39.06359100341797
2012-09-17,24.441600799560547,31.033916473388672,36.260528564453125,170.39999389648438,71.1235122680664,73.11576080322266,62.19672393798828,114.81271362304688,80.63166809082031,38.949974060058594
2012-09-18,24.26405906677246,31.04872703552246,36.108489990234375,171.72000122070312,70.89197540283203,73.34100341796875,62.249874114990234,114.71879577636719,81.03570556640625,38.58071517944336
2012-09-19,23.90897560119629,31.04872703552246,36.260528564453125,171.74000549316406,70.76789855957031,73.46273040771484,62.365013122558594,114.78141784667969,81.5677719116211,38.364830017089844
2012-09-20,24.04424476623535,30.863611221313477,36.02918243408203,171.47000122070312,70.45362854003906,73.40184020996094,62.30302810668945,114.78926849365234,81.76988220214844,37.796688079833984
2012-09-21,24.204875946044922,30.937650680541992,36.04901123046875,171.9600067138672,70.71001434326172,73.53579711914062,62.32080841064453,114.74127960205078,81.8641586303711,37.80238723754883
2012-09-24,23.951248168945312,30.908037185668945,35.92342758178711,171.0500030517578,70.47920227050781,73.64533996582031,61.9565315246582,114.56822967529297,82.50395202636719,37.66209411621094
2012-09-25,23.97661018371582,30.448936462402344,35.672264099121094,170.77000427246094,69.46630859375,73.79145050048828,61.08592224121094,113.3489761352539,83.31890106201172,37.10663986206055
2012-09-26,23.80752182006836,30.308238983154297,35.315345764160156,169.80999755859375,69.02631378173828,73.99840545654297,60.588409423828125,112.71185302734375,84.21463775634766,37.100894927978516
2012-09-27,24.103425979614258,30.78955841064453,35.73836135864258,172.33999633789062,69.77352142333984,73.96186828613281,61.42351531982422,113.77372741699219,83.61527252197266,37.26124954223633
2012-09-28,24.247150421142578,30.604429244995117,35.0311279296875,171.88999938964844,69.2753677368164,74.12629699707031,60.917118072509766,113.24669647216797,83.6623764038086,37.203975677490234
2012-10-01,24.280967712402344,30.908037185668945,35.315345764160156,172.2899932861328,69.5078353881836,74.3241195678711,60.82828903198242,113.54564666748047,83.97282409667969,36.929115295410156
2012-10-02,24.154150009155273,30.952468872070312,35.45414733886719,172.10000610351562,69.64066314697266,74.34850311279297,61.00596618652344,113.66361236572266,83.85812377929688,37.209712982177734
2012-10-03,23.739887237548828,30.745134353637695,35.30874252319336,172.41000366210938,69.44139099121094,74.39738464355469,61.396846771240234,114.12776184082031,83.8851089477539,37.28415298461914
2012-10-04,24.255605697631836,31.063541412353516,35.73836135864258,173.61000061035156,69.91465759277344,74.33628845214844,61.610069274902344,114.94578552246094,82.83899688720703,37.27269744873047
2012-10-05,24.1287899017334,31.063541412353516,35.78463363647461,172.6199951171875,69.83160400390625,74.22030639648438,61.28137969970703,114.95362854003906,81.76588439941406,37.31851577758789
2012-10-08,24.061153411865234,30.78955841064453,35.573116302490234,172.0500030517578,69.3916015625,74.41569519042969,60.721683502197266,114.56033325195312,82.45429229736328,37.23834991455078
2012-10-09,24.23869514465332,30.56000328063965,35.05756378173828,170.99000549316406,68.57794189453125,74.49510192871094,59.75333786010742,113.42762756347656,82.30587005615234,37.100894927978516
2012-10-10,24.19642448425293,30.374881744384766,34.95842361450195,170.83999633789062,68.47002410888672,74.6294937133789,59.451271057128906,112.70394897460938,82.8862533569336,37.24980163574219
2012-10-11,24.475419998168945,30.656280517578125,35.18315124511719,171.32000732421875,68.71910858154297,74.87369537353516,59.26470947265625,112.76690673828125,83.45989227294922,37.22116470336914
2012-10-12,24.137245178222656,30.56000328063965,35.14348602294922,170.05999755859375,68.16282653808594,74.9592056274414,59.2380485534668,112.39717864990234,83.66912841796875,37.08945083618164
2012-10-15,24.018882751464844,30.737720489501953,35.4871940612793,168.35000610351562,68.61116027832031,75.1912612915039,59.673362731933594,113.3332748413086,83.48016357421875,37.335689544677734
2012-10-16,24.03579330444336,31.05614471435547,36.0754508972168,169.4199981689453,69.11759948730469,75.14237213134766,60.517333984375,114.48168182373047,82.3260498046875,37.564735412597656
2012-10-17,24.04424476623535,31.30050277709961,36.41255569458008,169.5399932861328,69.74031066894531,74.99584197998047,60.4818000793457,115.0008316040039,81.56340026855469,37.461669921875
2012-10-18,24.03579330444336,31.21164321899414,36.27375030517578,168.7899932861328,69.3583984375,74.85540008544922,59.779991149902344,114.70198822021484,81.06401824951172,37.845340728759766
2012-10-19,23.672252655029297,30.730314254760742,35.78463363647461,166.97000122070312,67.95526123046875,74.98974609375,58.34965896606445,112.7905044555664,82.1640853881836,37.530372619628906
2012-10-22,23.562347412109375,31.026517868041992,36.035804748535156,167.5800018310547,67.9386978149414,74.81270599365234,58.65170669555664,112.80624389648438,81.63766479492188,37.34141159057617
2012-10-23,23.274898529052734,30.389690399169922,35.262474060058594,165.42999267578125,67.59827423095703,74.94087219238281,58.092041015625,111.24089050292969,82.80528259277344,36.963478088378906
2012-10-24,23.207263946533203,30.4193172454834,35.28229522705078,164.86000061035156,67.41561889648438,74.7393569946289,57.8877067565918,110.92626190185547,81.98857879638672,36.93486022949219
2012-10-25,23.266443252563477,30.75252914428711,35.493812561035156,166.02000427246094,67.68962097167969,74.52566528320312,57.8877067565918,111.248779296875,81.57020568847656,36.831764221191406
2012-10-26,23.317169189453125,30.51557731628418,35.44092559814453,165.92999267578125,67.36580657958984,74.89203643798828,58.05649948120117,111.18582916259766,82.77149963378906,36.51110076904297
2012-10-31,23.300260543823242,30.471155166625977,35.41449737548828,166.8300018310547,67.77261352539062,75.12410736083984,57.70113754272461,111.18582916259766,83.25745391845703,36.86613082885742
2012-11-01,23.342533111572266,30.9672794342041,35.83089828491211,166.07000732421875,68.48663330078125,74.79432678222656,58.51846694946289,112.35001373291016,82.57579040527344,37.04365158081055
2012-11-02,22.94517707824707,30.804367065429688,35.4871940612793,162.60000610351562,67.40733337402344,74.6478042602539,57.8965950012207,111.3510513305664,82.51505279541016,37.289878845214844
2012-11-05,23.13962745666504,30.952468872070312,35.40127182006836,163.22999572753906,67.85567474365234,74.68437957763672,58.27859115600586,111.57913970947266,82.98078155517578,37.04365158081055
2012-11-06,23.553890228271484,31.196828842163086,35.73836135864258,166.3000030517578,68.36211395263672,74.3241195678711,58.38520050048828,112.4522476196289,82.19784545898438,37.203975677490234
2012-11-07,23.11426544189453,30.685895919799805,35.20298385620117,166.49000549316406,66.70160675048828,74.47676086425781,57.0081901550293,109.90371704101562,83.6894302368164,37.037925720214844
2012-11-08,23.148080825805664,30.300840377807617,34.88571548461914,167.99000549316406,65.76341247558594,74.40347290039062,56.11090087890625,108.58220672607422,84.93124389648438,36.59700012207031
2012-11-09,23.334077835083008,30.360076904296875,34.898929595947266,167.82000732421875,65.90457153320312,74.22030639648438,56.35078430175781,108.67656707763672,85.02568054199219,36.49964904785156
2012-11-12,23.224170684814453,30.471155166625977,34.872501373291016,167.4499969482422,65.71363067626953,74.2325210571289,56.34190368652344,108.76309967041016,85.16753387451172,36.413753509521484
2012-11-13,23.181900024414062,30.19716453552246,34.700653076171875,167.10000610351562,65.33995819091797,74.2630844116211,55.951011657714844,108.38555145263672,85.45094299316406,36.38511276245117
2012-11-14,23.249536514282227,29.730663299560547,34.33711624145508,167.13999938964844,64.12784576416016,74.41569519042969,55.29359817504883,106.92245483398438,85.53189849853516,35.70369338989258
2012-11-15,23.156536102294922,29.834325790405273,34.44947814941406,166.08999633789062,63.795772552490234,74.2691650390625,55.107032775878906,106.74152374267578,85.36317443847656,35.53761291503906
2012-11-16,23.257986068725586,29.923185348510742,34.429649353027344,165.8800048828125,64.32710266113281,74.2935562133789,55.346893310546875,107.26853942871094,85.28892517089844,35.755210876464844
2012-11-19,23.697616577148438,30.448936462402344,35.176544189453125,167.8699951171875,65.688720703125,74.52566528320312,56.66170120239258,109.43959045410156,84.80973815917969,36.19614791870117
2012-11-20,23.5369815826416,30.389690399169922,35.22941589355469,167.38999938964844,65.8049545288086,74.2935562133789,56.679500579833984,109.4867935180664,83.95934295654297,36.46529006958008
2012-11-21,23.6384334564209,30.33045196533203,35.288902282714844,167.55999755859375,66.15365600585938,74.34850311279297,56.79499053955078,109.6912841796875,83.9121322631836,36.40229797363281
2012-11-23,23.722978591918945,30.826587677001953,36.04901123046875,169.61000061035156,66.80953979492188,74.37910461425781,57.656715393066406,111.18582916259766,83.83116912841797,36.671443939208984
2012-11-26,23.68916130065918,30.826587677001953,35.96308135986328,169.42999267578125,67.02539825439453,74.501220703125,57.905479431152344,110.9498519897461,84.22933197021484,36.74588394165039
2012-11-27,23.655345916748047,30.567411422729492,35.78463363647461,168.7100067138672,66.94236755371094,74.54398345947266,57.71001052856445,110.38352966308594,84.56005096435547,36.539730072021484
2012-11-28,23.579254150390625,30.737720489501953,36.04240417480469,166.5500030517578,67.50694274902344,74.53175354003906,58.20753860473633,111.2723617553711,84.43855285644531,36.49391174316406
2012-11-29,23.739887237548828,30.959869384765625,36.353050231933594,167.17999267578125,68.27908325195312,74.58670043945312,58.55400466918945,111.79149627685547,84.45204162597656,36.69432830810547
2012-11-30,23.756797790527344,30.94505500793457,36.399330139160156,166.0500030517578,68.14624786376953,74.5805435180664,58.45626449584961,111.81511688232422,84.22258758544922,36.7687873840332
2012-12-03,23.815977096557617,30.930253982543945,36.44559097290039,166.1300048828125,68.07151794433594,74.663330078125,58.340789794921875,111.26448822021484,84.30034637451172,36.917659759521484
2012-12-04,23.604618072509766,31.01911735534668,36.53813934326172,164.4199981689453,68.154541015625,74.73068237304688,58.30526351928711,111.10716247558594,84.78723907470703,36.97492980957031
2012-12-05,23.579254150390625,31.35233497619629,36.591007232666016,164.1199951171875,68.07151794433594,74.88380432128906,57.656715393066406,111.3038101196289,84.74665069580078,36.860408782958984
2012-12-06,23.36789321899414,31.58928108215332,36.66371536254883,164.5,68.17945861816406,74.87155151367188,58.02984619140625,111.68142700195312,84.92927551269531,37.203975677490234
2012-12-07,23.342533111572266,31.685550689697266,36.67692947387695,165.16000366210938,68.229248046875,74.6939468383789,57.683372497558594,112.01961517333984,84.14484405517578,37.34141159057617
2012-12-10,23.291805267333984,31.863265991210938,36.716583251953125,165.8000030517578,68.52816772460938,74.76131439208984,57.852149963378906,112.06684112548828,84.51669311523438,37.324241638183594
2012-12-11,23.249536514282227,32.02616882324219,36.9281005859375,165.64999389648438,69.25043487548828,74.48564147949219,58.60731506347656,112.82984161376953,83.87429809570312,37.41585159301758
2012-12-12,23.359439849853516,32.122432708740234,37.04706954956055,165.77000427246094,68.86024475097656,74.2590103149414,58.48295211791992,112.88487243652344,82.90048217773438,37.312774658203125
2012-12-13,23.148080825805664,31.98174476623535,36.9347038269043,164.3699951171875,68.42019653320312,74.14263153076172,58.02096176147461,112.19269561767578,82.96138000488281,37.026466369628906
2012-12-14,23.291805267333984,32.122432708740234,37.066898345947266,164.1300048828125,68.37870788574219,74.19775390625,57.47016525268555,111.77577209472656,83.58352661132812,37.02073669433594
2012-12-17,23.274898529052734,32.20390319824219,37.21892166137695,164.44000244140625,69.34176635742188,73.95886993408203,58.234195709228516,113.08938598632812,82.33248138427734,37.21543502807617
2012-12-18,23.334077835083008,32.428871154785156,37.606483459472656,162.0800018310547,70.28823852539062,73.77509307861328,59.122581481933594,114.34796142578125,81.49392700195312,37.599098205566406
2012-12-19,23.418622970581055,32.41397476196289,37.740116119384766,161.69000244140625,70.44485473632812,74.06298828125,58.86492919921875,113.49845886230469,81.76439666748047,37.54756164550781
2012-12-20,23.308713912963867,32.6076774597168,37.994041442871094,159.72999572753906,70.79655456542969,74.1364974975586,58.86492919921875,114.15129089355469,81.7779541015625,38.04001998901367
2012-12-21,23.266443252563477,32.23517608642578,37.76016616821289,160.3300018310547,70.50347900390625,74.26517486572266,58.245853424072266,113.11515808105469,82.67061614990234,37.97704315185547
2012-12-24,23.190353393554688,32.168128967285156,37.65993118286133,160.6199951171875,70.16012573242188,74.21614837646484,58.12971878051758,112.7666015625,82.5218276977539,38.027469635009766
2012-12-26,23.42707633972168,32.26498794555664,37.653263092041016,160.77999877929688,69.65766906738281,74.32183074951172,57.62051773071289,112.29129028320312,82.81867218017578,37.84779357910156
2012-12-27,23.42707633972168,32.44681167602539,37.826988220214844,161.16000366210938,69.60740661621094,74.56140899658203,57.53116226196289,112.14079284667969,83.0965576171875,37.986881256103516
2012-12-28,23.359439849853516,32.56605529785156,37.426063537597656,160.5399932861328,69.11331939697266,74.7272720336914,56.977294921875,110.92867279052734,83.57096099853516,37.737667083740234
2012-12-31,23.486257553100586,33.05044174194336,37.994041442871094,162.02000427246094,70.6123046875,74.33411407470703,58.18330001831055,112.8141098022461,82.1274185180664,38.1375846862793
2013-01-02,23.570798873901367,33.698787689208984,38.58205795288086,163.1699981689453,72.68914031982422,74.50616455078125,60.03251647949219,115.70556640625,81.02943420410156,38.61286163330078
2013-01-03,23.3763484954834,33.46031188964844,38.207862854003906,161.1999969482422,72.52167510986328,74.10067749023438,59.71986389160156,115.44419860839844,79.9315414428711,38.60706329345703
2013-01-04,23.274898529052734,33.527381896972656,38.401641845703125,160.44000244140625,73.05766296386719,74.06375885009766,59.52333450317383,115.95110321044922,80.24327850341797,38.786746978759766
2013-01-07,23.317169189453125,33.27400207519531,38.23459243774414,159.42999267578125,72.78130340576172,74.1866455078125,59.54118728637695,115.6343002319336,80.27722930908203,38.8736686706543
2013-01-08,23.3763484954834,32.975921630859375,38.02077865600586,160.55999755859375,72.73102569580078,74.25423431396484,59.425071716308594,115.30156707763672,80.80583190917969,38.79833984375
2013-01-09,23.342533111572266,33.11750793457031,38.21454620361328,160.49000549316406,73.082763671875,74.22969055175781,59.64839172363281,115.59467315673828,80.73126220703125,38.9084587097168
2013-01-10,23.42707633972168,33.408138275146484,38.70233154296875,161.97999572753906,73.25025177001953,74.2664566040039,60.00571823120117,116.51361083984375,80.50759887695312,38.94902420043945
2013-01-11,23.32562255859375,33.13987731933594,38.78252029418945,161.05999755859375,73.14141082763672,74.40168762207031,60.08613586425781,116.50565338134766,81.2259750366211,38.925838470458984
2013-01-14,23.47780418395996,33.28145980834961,38.82929992675781,161.5399932861328,73.18325805664062,74.25423431396484,59.818119049072266,116.42645263671875,81.00232696533203,39.035972595214844
2013-01-15,23.3763484954834,33.13987731933594,38.76915740966797,162.55999755859375,73.5014877319336,74.19276428222656,59.52333450317383,116.50565338134766,81.37506866455078,39.22145462036133
2013-01-16,23.401710510253906,33.11006164550781,38.58205795288086,162.64999389648438,73.2837142944336,74.19276428222656,59.764530181884766,116.48986053466797,81.5445556640625,39.175071716308594
2013-01-17,23.50316619873047,33.296356201171875,38.89611053466797,163.35000610351562,73.96206665039062,74.06375885009766,60.05040740966797,117.2424087524414,80.73126220703125,39.29677963256836
2013-01-18,23.655345916748047,33.370880126953125,38.85602569580078,163.08999633789062,74.17144775390625,74.1374740600586,59.916385650634766,117.50382232666016,81.35478973388672,39.46485137939453
2013-01-22,23.722978591918945,33.3187255859375,38.876068115234375,163.6699981689453,74.7073745727539,74.1374740600586,60.014686584472656,118.13758087158203,81.51067352294922,39.667728424072266
2013-01-23,23.748340606689453,33.13987731933594,38.83597946166992,163.2100067138672,74.53153228759766,74.22969055175781,60.380924224853516,118.32768249511719,81.38861846923828,39.656131744384766
2013-01-24,23.731433868408203,33.020633697509766,39.0230712890625,161.4199981689453,74.77437591552734,74.12518310546875,59.550140380859375,118.35936737060547,81.10400390625,39.737274169921875
2013-01-25,23.680707931518555,32.908843994140625,39.44403839111328,160.64999389648438,75.3187026977539,73.78730010986328,59.85387420654297,119.0248031616211,79.99250793457031,39.96332931518555
2013-01-28,23.672252655029297,32.67782974243164,39.250267028808594,160.2899932861328,75.36897277832031,73.72586059570312,59.98786926269531,118.88219451904297,79.70109558105469,40.06764221191406
2013-01-29,23.80752182006836,33.042991638183594,39.51754379272461,160.99000549316406,75.41082763671875,73.55997467041016,59.99681091308594,119.34957885742188,79.2606201171875,40.18357467651367
2013-01-30,24.07806396484375,32.886497497558594,39.55764389038086,162.19000244140625,74.50639343261719,73.31423950195312,59.87173080444336,118.88219451904297,79.12500762939453,39.80103302001953
2013-01-31,24.06960678100586,32.95356369018555,39.410621643066406,161.1999969482422,75.0172348022461,73.36949157714844,59.73771667480469,118.58907318115234,79.51139831542969,39.56338119506836
2013-02-01,24.16260528564453,33.169673919677734,39.72469711303711,161.4499969482422,75.67882537841797,73.17908477783203,60.44347381591797,119.80907440185547,78.47895050048828,39.79523849487305
2013-02-04,24.07806396484375,32.72999572753906,39.00970458984375,162.0,74.7659912109375,73.42560577392578,59.389347076416016,118.46241760253906,79.48418426513672,39.70249557495117
2013-02-05,24.171062469482422,32.76726150512695,39.190120697021484,161.9600067138672,75.43594360351562,73.27769470214844,60.264801025390625,119.65858459472656,78.77779388427734,39.60976028442383
2013-02-06,24.137245178222656,32.72999572753906,39.18343734741211,162.38999938964844,75.7541732788086,73.46873474121094,60.06825637817383,119.7457046508789,79.4229965209961,39.748870849609375
2013-02-07,24.04424476623535,32.43935775756836,38.862709045410156,161.83999633789062,75.5029525756836,73.49335479736328,60.12187194824219,119.5873031616211,79.24644470214844,39.58079147338867
2013-02-08,24.137245178222656,32.67782974243164,39.10994338989258,161.57000732421875,76.03892517089844,73.65361785888672,60.73826599121094,120.25264739990234,79.55213928222656,39.94593048095703
2013-02-11,24.05270004272461,32.66292953491211,39.06984329223633,159.6999969482422,75.95516204833984,73.61665344238281,60.75615310668945,120.22891235351562,79.49095916748047,40.00389862060547
2013-02-12,24.094972610473633,32.75234603881836,39.26362228393555,159.88999938964844,76.29014587402344,73.54268646240234,60.50602340698242,120.42693328857422,79.29400634765625,40.305301666259766
2013-02-13,24.103425979614258,32.916297912597656,39.357177734375,159.0500030517578,76.60836029052734,73.37010192871094,60.72041320800781,120.52996063232422,78.648681640625,40.28211212158203
2013-02-14,24.06960678100586,32.90138626098633,39.14335632324219,158.35000610351562,76.80095672607422,73.57349395751953,60.70254135131836,120.64083099365234,79.3619384765625,40.11402130126953
2013-02-15,23.968156814575195,32.78216552734375,39.04312515258789,155.75999450683594,76.82611083984375,73.54268646240234,60.52387619018555,120.498291015625,79.13096618652344,40.13141632080078
2013-02-19,23.87515640258789,32.8492317199707,39.504180908203125,155.3300018310547,77.50439453125,73.52416229248047,60.96161651611328,121.40133666992188,78.73705291748047,40.45018768310547
2013-02-20,23.604618072509766,32.55859375,39.11661911010742,151.44000244140625,76.06403350830078,73.6474380493164,60.023624420166016,119.88825988769531,78.97476959228516,40.18935775756836
2013-02-21,23.334077835083008,32.1114616394043,38.52860641479492,152.6199951171875,75.32711029052734,73.76461791992188,59.38039016723633,119.15947723388672,79.43665313720703,39.88796615600586
2013-02-22,23.334077835083008,32.253055572509766,39.08320617675781,152.97000122070312,76.23152160644531,73.81387329101562,59.97893524169922,120.32400512695312,79.49095916748047,40.28788757324219
2013-02-25,23.224170684814453,31.820837020874023,38.14773178100586,154.33999633789062,74.54828643798828,74.25142669677734,59.237457275390625,118.0345458984375,81.0531997680664,39.5228271484375
2013-02-26,23.181900024414062,31.999683380126953,38.455101013183594,156.22000122070312,74.84137725830078,74.15897369384766,59.460792541503906,118.84259033203125,80.58454132080078,39.79523849487305
2013-02-27,23.03817367553711,32.34994125366211,38.94289779663086,154.57000732421875,75.6285629272461,74.13435363769531,60.06825637817383,120.33977508544922,80.34684753417969,40.08502960205078
2013-02-28,22.936721801757812,32.20089340209961,38.90279006958008,153.0,75.77093505859375,74.15897369384766,59.94320297241211,120.10213470458984,80.4962158203125,40.044464111328125
2013-03-01,22.77608871459961,32.27541732788086,38.82261276245117,152.44000244140625,76.11426544189453,74.32836151123047,60.193328857421875,120.498291015625,80.93460083007812,40.17776870727539
2013-03-04,22.691547393798828,31.969879150390625,38.989662170410156,152.3000030517578,76.31525421142578,74.27278137207031,60.46135711669922,121.13990020751953,80.50578308105469,40.479164123535156
2013-03-05,22.902904510498047,32.357398986816406,39.37721633911133,152.3800048828125,77.20296478271484,74.14907836914062,61.354652404785156,122.22517395019531,80.27436065673828,40.797943115234375
2013-03-06,22.77608871459961,32.51388931274414,39.47745132446289,153.22999572753906,77.40392303466797,73.93270111083984,61.20282745361328,122.3916015625,79.5459976196289,40.676239013671875
2013-03-07,22.928268432617188,32.60331344604492,39.59104537963867,152.69000244140625,77.77240753173828,73.69163513183594,61.3636360168457,122.61336517333984,78.93333435058594,40.48495864868164
2013-03-08,22.995901107788086,32.886497497558594,39.67790985107422,152.7100067138672,78.49258422851562,73.43194580078125,61.435089111328125,123.13621520996094,78.10966491699219,40.55450439453125
2013-03-11,23.0128116607666,32.7076416015625,39.79819107055664,152.99000549316406,78.46744537353516,73.4814224243164,61.613746643066406,123.60359954833984,78.18458557128906,40.58928298950195
2013-03-12,23.06353759765625,32.33502960205078,39.59772872924805,154.19000244140625,78.308349609375,73.62976837158203,61.390403747558594,123.32633209228516,78.7496337890625,40.438594818115234
2013-03-13,22.94517707824707,32.02949523925781,39.537593841552734,153.66000366210938,78.6014633178711,73.56179809570312,61.31000900268555,123.50060272216797,78.66791534423828,40.479164123535156
2013-03-14,23.11426544189453,32.163631439208984,39.92515563964844,153.67999267578125,79.3886489868164,73.59268188476562,61.51548767089844,124.15808868408203,78.42967224121094,40.734188079833984
2013-03-15,23.164989471435547,31.872997283935547,40.005332946777344,154.0,79.34677124023438,73.69163513183594,61.3444709777832,123.9941635131836,78.79724884033203,40.826927185058594
2013-03-18,23.029720306396484,31.515291213989258,39.5643196105957,155.3800048828125,78.91130828857422,73.8708724975586,61.21015930175781,123.30988311767578,79.39627838134766,40.60087966918945
2013-03-19,22.860633850097656,31.291732788085938,39.44403839111328,156.0800018310547,78.57634735107422,73.99455261230469,61.093719482421875,123.0234603881836,79.93397521972656,40.403812408447266
2013-03-20,23.021265029907227,31.4705867767334,39.684593200683594,155.3699951171875,79.30489349365234,73.77816009521484,61.5235481262207,123.8828125,79.04228973388672,40.53133010864258
2013-03-21,22.91981315612793,31.15013313293457,39.32376480102539,156.25,78.6098403930664,73.85230255126953,60.825157165527344,122.82450866699219,79.8046646118164,40.40961456298828
2013-03-22,22.96208381652832,31.269371032714844,39.66454315185547,155.5500030517578,78.85269927978516,73.85858154296875,61.416072845458984,123.8111801147461,79.86592864990234,40.622215270996094
2013-03-25,22.978994369506836,31.239559173583984,39.17008590698242,155.24000549316406,78.89801788330078,73.85858154296875,61.19221878051758,123.29397583007812,79.791015625,40.628055572509766
2013-03-26,23.190353393554688,31.68670082092285,39.41731262207031,154.72000122070312,79.14994812011719,73.90804290771484,61.5235481262207,124.28065490722656,79.88636016845703,40.97849655151367
2013-03-27,23.308713912963867,31.805919647216797,39.223541259765625,155.36000061035156,79.20034790039062,74.16763305664062,61.604156494140625,124.28065490722656,80.56704711914062,41.05443572998047
2013-03-28,23.088899612426758,31.872997283935547,39.410621643066406,154.4499969482422,79.3011474609375,74.1243896484375,61.75634765625,124.66255187988281,80.1586685180664,41.19461441040039
2013-04-01,23.088899612426758,31.530202865600586,38.882747650146484,154.6699981689453,78.234619140625,74.01768493652344,61.33549499511719,124.16928100585938,80.76234436035156,41.317264556884766
2013-04-02,22.978994369506836,31.54509735107422,39.297027587890625,152.42999267578125,77.74754333496094,74.01154327392578,61.81900405883789,124.78199768066406,80.4349136352539,41.44575881958008
2013-04-03,22.5900936126709,31.172496795654297,39.10326385498047,150.72999572753906,76.52981567382812,74.30917358398438,61.254920959472656,123.51673889160156,81.15802001953125,41.29973602294922
2013-04-04,22.564729690551758,31.08306312561035,39.45072555541992,150.2899932861328,77.18489074707031,74.70599365234375,61.272857666015625,124.01806640625,82.126708984375,41.9714241027832
2013-04-05,22.547821044921875,31.008554458618164,39.27030944824219,152.80999755859375,77.03370666503906,74.93549346923828,60.762451171875,123.46107482910156,83.78430938720703,42.19919967651367
2013-04-08,22.615453720092773,31.060712814331055,39.423988342285156,152.16000366210938,77.67194366455078,75.00366973876953,61.08478927612305,124.29658508300781,83.14315032958984,42.537986755371094
2013-04-09,22.75918197631836,31.366249084472656,39.5643196105957,153.33999633789062,77.44518280029297,75.07811737060547,61.49665451049805,124.7262191772461,82.93846893310547,42.54380798339844
2013-04-10,22.708452224731445,31.664335250854492,40.152339935302734,150.75,78.84764099121094,74.87969970703125,62.696495056152344,126.25393676757812,81.79924011230469,42.80663299560547
2013-04-11,22.615453720092773,31.694154739379883,40.466400146484375,151.0500030517578,78.95680236816406,74.92927551269531,62.669673919677734,126.6677474975586,81.95611572265625,43.057804107666016
2013-04-12,22.336462020874023,31.209745407104492,40.36616134643555,143.9499969482422,78.6376953125,75.3013687133789,62.62489318847656,126.35746765136719,83.17726135253906,43.162933349609375
2013-04-15,21.66856575012207,30.449630737304688,39.571006774902344,131.30999755859375,75.6732406616211,75.326171875,61.38920593261719,123.42924499511719,83.90036010742188,42.2692985534668
2013-04-16,21.896835327148438,31.07560920715332,40.13229751586914,132.8000030517578,76.98330688476562,75.18973541259766,62.20405197143555,125.25140380859375,83.21131896972656,42.970184326171875
2013-04-17,21.5755672454834,30.58376121520996,39.297027587890625,132.8699951171875,75.64805603027344,75.29513549804688,60.986289978027344,123.42131805419922,83.7639389038086,42.51460266113281
2013-04-18,21.803836822509766,30.58376121520996,39.176753997802734,134.3000030517578,75.22816467285156,75.36334991455078,60.144596099853516,122.64945220947266,83.96855926513672,42.45035934448242
2013-04-19,21.753108978271484,31.030902862548828,39.49081802368164,135.47000122070312,76.09314727783203,75.47502136230469,60.96840286254883,123.71570587158203,83.79119110107422,43.104522705078125
2013-04-22,21.82074546813965,31.179941177368164,39.65785598754883,137.89999389648438,76.31149291992188,75.49978637695312,61.59514617919922,124.26473999023438,83.85259246826172,43.046119689941406
2013-04-23,21.68547248840332,31.328983306884766,40.219154357910156,136.8800048828125,77.5207748413086,75.59899139404297,62.186134338378906,125.54579162597656,83.55926513671875,43.285579681396484
2013-04-24,21.922197341918945,31.515291213989258,40.566619873046875,138.3699951171875,77.92387390136719,75.62999725341797,62.15927505493164,125.6253890991211,83.77070617675781,43.3790397644043
2013-04-25,22.209644317626953,31.798471450805664,40.780452728271484,141.6300048828125,78.4361343383789,75.58660888671875,62.49059295654297,126.13465118408203,83.40916442871094,43.2330207824707
2013-04-26,22.08283233642578,31.4780330657959,40.8138542175293,140.91000366210938,78.01625061035156,75.85950469970703,62.29359436035156,125.91189575195312,84.17316436767578,43.092830657958984
2013-04-29,22.378732681274414,31.805919647216797,41.33506393432617,142.3000030517578,78.57892608642578,75.86563110351562,62.866661071777344,126.7552719116211,83.86624908447266,43.46080017089844
2013-04-30,22.209644317626953,32.26051712036133,41.388511657714844,142.77000427246094,79.02400207519531,75.73545837402344,63.32326889038086,127.05773162841797,83.9139633178711,43.96895217895508
2013-05-01,21.812288284301758,31.910247802734375,41.141273498535156,141.11000061035156,77.10926818847656,76.0725326538086,63.02783966064453,125.94368743896484,84.7760238647461,43.61851119995117
2013-05-02,22.09128189086914,32.163631439208984,41.26823043823242,141.9199981689453,78.33538055419922,76.0725326538086,63.82473373413086,127.11335754394531,84.6666488647461,43.904701232910156
2013-05-03,22.336462020874023,32.431915283203125,41.796112060546875,142.08999633789062,79.57829284667969,75.3572769165039,64.57688903808594,128.40234375,82.67047119140625,44.07991409301758
2013-05-06,22.36182403564453,32.476619720458984,41.7426643371582,142.14999389648438,80.09052276611328,75.34485626220703,64.82759857177734,128.72866821289062,82.46539306640625,44.3077278137207
2013-05-07,22.285736083984375,32.7076416015625,41.809478759765625,140.3800048828125,80.74554443359375,75.28889465332031,64.79180145263672,129.38107299804688,82.14407348632812,44.55302810668945
2013-05-08,22.38718605041504,32.961021423339844,42.250484466552734,142.4600067138672,80.98069763183594,75.3572769165039,65.10517120361328,129.96998596191406,82.27393341064453,44.576377868652344
2013-05-09,22.378732681274414,32.72254943847656,41.84288787841797,140.80999755859375,80.70355987548828,75.195556640625,65.015625,129.60389709472656,82.06205749511719,44.28433609008789
2013-05-10,22.277278900146484,32.46917724609375,41.889671325683594,139.60000610351562,81.31661224365234,74.80374908447266,65.40960693359375,130.02569580078125,81.18016815185547,44.447906494140625
2013-05-13,22.17582893371582,32.171077728271484,41.86962127685547,138.42999267578125,81.25785064697266,74.61097717285156,65.4902114868164,130.1290283203125,80.55802917480469,44.65815353393555
2013-05-14,22.0997371673584,32.320125579833984,41.94980239868164,137.80999755859375,82.29913330078125,74.41188049316406,65.8304672241211,131.4738006591797,79.68302917480469,44.821693420410156
2013-05-15,22.04901123046875,32.327579498291016,42.13021469116211,134.6300048828125,82.46711730957031,74.673095703125,65.96477508544922,132.18197631835938,80.21623992919922,45.265586853027344
2013-05-16,22.02364730834961,32.21579360961914,41.84288787841797,134.08999633789062,82.25716400146484,75.01522827148438,65.89313507080078,131.56130981445312,81.05027770996094,45.03195571899414
2013-05-17,22.133556365966797,32.357398986816406,42.13021469116211,131.07000732421875,83.18091583251953,74.69175720214844,66.52886199951172,132.83445739746094,80.02486419677734,45.28310012817383
2013-05-20,22.277278900146484,32.43935775756836,42.36408996582031,135.1199951171875,83.3153305053711,74.60474395751953,66.43035888671875,132.8264923095703,79.92915344238281,45.38825225830078
2013-05-21,22.15046501159668,32.372291564941406,42.45095443725586,132.8800048828125,83.33210754394531,74.88460540771484,66.50199890136719,133.01744079589844,80.55802917480469,45.64522171020508
2013-05-22,22.04901123046875,32.014591217041016,42.0233039855957,131.94000244140625,82.11444091796875,74.29376983642578,65.92000579833984,132.0308380126953,79.36177062988281,44.53550720214844
2013-05-23,22.15046501159668,31.776119232177734,41.42192840576172,134.61000061035156,82.21519470214844,74.36836242675781,65.7677993774414,131.6488494873047,79.73775482177734,43.70028305053711
2013-05-24,22.065921783447266,31.500385284423828,41.06109619140625,133.75999450683594,82.19839477539062,74.31863403320312,65.73196411132812,131.53746032714844,79.84709167480469,43.58930206298828
2013-05-28,22.268827438354492,31.67178726196289,41.16801452636719,133.49000549316406,83.26490783691406,73.60337829589844,66.16173553466797,132.3252716064453,77.8235855102539,43.215492248535156
2013-05-29,22.125102996826172,31.269371032714844,40.77376937866211,134.8300018310547,82.4923324584961,73.57222747802734,65.84834289550781,131.46580505371094,78.6986312866211,42.29849624633789
2013-05-30,22.125102996826172,31.269371032714844,40.93413543701172,136.6999969482422,83.04658508300781,73.66556549072266,66.19754791259766,131.9512481689453,78.5072021484375,41.901329040527344
2013-05-31,21.863018035888672,30.703006744384766,40.138973236083984,133.9199981689453,82.13119506835938,73.29859924316406,65.58868408203125,130.05740356445312,78.2405776977539,41.340633392333984
2013-06-03,22.133556365966797,31.157583236694336,40.292659759521484,136.50999450683594,82.91222381591797,73.10580444335938,65.70508575439453,130.77357482910156,78.65519714355469,41.57425308227539
2013-06-04,22.218101501464844,30.777523040771484,40.43966293334961,135.22999572753906,82.03046417236328,72.81884765625,65.36483001708984,130.1449737548828,77.92881774902344,40.996028900146484
2013-06-05,22.116649627685547,30.226058959960938,39.537593841552734,135.52000427246094,80.98069763183594,72.71277618408203,64.51420593261719,128.32290649414062,79.00468444824219,40.657264709472656
2013-06-06,22.20119285583496,30.47943687438965,39.75809860229492,136.52999877929688,81.83731079101562,73.0246810913086,64.82759857177734,129.48455810546875,78.95670318603516,41.31142044067383
2013-06-07,22.251916885375977,30.322940826416016,40.292659759521484,133.27999877929688,82.46711730957031,72.7377700805664,65.71405029296875,131.1316680908203,77.54505157470703,41.317264556884766
2013-06-10,22.16737174987793,29.913070678710938,40.3327522277832,133.94000244140625,82.97100067138672,72.51314544677734,65.74089813232422,131.1316680908203,77.17501068115234,40.960968017578125
2013-06-11,21.972923278808594,29.34670639038086,39.838279724121094,133.25,82.07240295410156,72.37582397460938,65.08728790283203,129.7789764404297,78.09324645996094,40.35353469848633
2013-06-12,21.998287200927734,29.14549446105957,39.79150390625,134.25,81.25785064697266,72.12632751464844,64.33514404296875,128.7047576904297,76.97628784179688,39.80451583862305
2013-06-13,22.142009735107422,29.76402473449707,40.39957809448242,133.74000549316406,82.69385528564453,72.89993286132812,65.14995574951172,130.66217041015625,78.18238067626953,40.83830642700195
2013-06-14,22.235008239746094,29.294536590576172,39.95854949951172,134.42999267578125,82.05565643310547,72.8499984741211,64.72015380859375,129.8425750732422,77.997314453125,40.99019241333008
2013-06-17,22.285736083984375,29.562814712524414,40.533203125,133.77000427246094,82.59308624267578,72.74395751953125,65.34693908691406,130.84518432617188,77.58616638183594,41.10698318481445
2013-06-18,22.328006744384766,29.689504623413086,40.820533752441406,132.1300048828125,83.5672607421875,72.6004867553711,65.88419342041016,131.8795928955078,77.62726593017578,41.317264556884766
2013-06-19,22.36182403564453,28.77289390563965,40.058780670166016,130.58999633789062,82.54273223876953,71.5711441040039,65.14995574951172,130.05740356445312,76.82550811767578,40.0498161315918
2013-06-20,21.634748458862305,27.48365592956543,38.58873748779297,123.5999984741211,80.3592529296875,70.58536529541016,63.600887298583984,126.83483123779297,75.56462860107422,38.38520812988281
2013-06-21,21.499479293823242,27.878620147705078,38.7156982421875,125.05000305175781,80.59442138671875,70.00513458251953,63.26314163208008,127.24201965332031,74.28316497802734,38.9050407409668
2013-06-24,21.406478881835938,27.3122615814209,38.10763168334961,123.93000030517578,79.53629302978516,69.54973602294922,62.63437271118164,125.63420867919922,74.591552734375,38.728736877441406
2013-06-25,21.423389434814453,27.893524169921875,38.59541702270508,123.47000122070312,80.30048370361328,69.78057098388672,63.092506408691406,126.842041015625,73.92682647705078,39.377357482910156
2013-06-26,21.36421012878418,28.333208084106445,38.74911117553711,118.27999877929688,80.6783676147461,70.31082916259766,63.658363342285156,128.0979461669922,74.40652465820312,39.97291946411133
2013-06-27,21.35575294494629,28.901721954345703,39.139060974121094,115.94000244140625,81.92964172363281,70.94721984863281,63.92783737182617,128.8498077392578,75.16719818115234,40.77485275268555
2013-06-28,21.245847702026367,29.06783676147461,39.06407928466797,119.11000061035156,81.45938110351562,70.90351104736328,64.01768493652344,128.32186889648438,75.68109130859375,40.52128982543945
2013-07-01,21.381118774414062,29.158432006835938,39.432220458984375,121.12999725341797,82.7862319946289,71.0869140625,64.41290283203125,129.0737762451172,75.83363342285156,40.432838439941406
2013-07-02,21.465660095214844,28.637475967407227,39.23452377319336,120.05000305175781,82.72721099853516,71.31219482421875,64.4398422241211,128.95384216308594,75.78549194335938,41.0519905090332
2013-07-03,21.660114288330078,28.37323760986328,39.24816131591797,120.73999786376953,82.89590454101562,71.10572814941406,64.70030975341797,129.00979614257812,75.55884552001953,40.78074645996094
2013-07-05,21.609384536743164,28.1920166015625,39.432220458984375,118.08999633789062,84.06832122802734,70.20440673828125,65.19439697265625,130.4016876220703,72.98326110839844,40.58614730834961
2013-07-08,21.71929168701172,28.22977066040039,39.67765426635742,119.51000213623047,84.40571594238281,70.78026580810547,65.25725555419922,131.14559936523438,73.69072723388672,40.627437591552734
2013-07-09,21.854562759399414,28.599729537963867,39.89581298828125,120.62000274658203,85.19013214111328,70.84284210205078,65.65245819091797,132.08949279785156,73.76625061035156,41.205284118652344
2013-07-10,21.922197341918945,28.327922821044922,40.01171112060547,120.94999694824219,85.4262924194336,70.63627624511719,66.02972412109375,132.1374969482422,73.18922424316406,41.222991943359375
2013-07-11,22.032102584838867,29.717147827148438,41.047950744628906,124.23999786376953,86.43003845214844,71.46868896484375,67.34114074707031,133.937255859375,74.04781341552734,42.21950149536133
2013-07-12,22.116649627685547,29.400035858154297,40.7752685546875,124.12999725341797,86.6071548461914,71.26839447021484,67.6375961303711,133.9932403564453,73.98603057861328,41.96006393432617
2013-07-15,22.057466506958008,29.702028274536133,41.02751159667969,124.18000030517578,87.36624908447266,71.72529602050781,67.790283203125,134.50526428222656,74.37751770019531,42.1369743347168
2013-07-16,22.08283233642578,29.82284164428711,41.00022888183594,124.88999938964844,86.92768096923828,71.61894226074219,67.70046997070312,134.00128173828125,74.63160705566406,42.16645050048828
2013-07-17,22.065921783447266,30.094650268554688,41.122955322265625,123.31999969482422,87.26505279541016,71.88799285888672,67.87114715576172,134.34521484375,74.76900482177734,42.31975555419922
2013-07-18,22.158920288085938,29.739782333374023,41.39564514160156,124.01000213623047,87.84705352783203,71.70024871826172,67.70046997070312,135.0811767578125,73.83492279052734,42.6794548034668
2013-07-19,22.17582893371582,29.656740188598633,41.36156463623047,125.11000061035156,87.98198699951172,72.09456634521484,66.99981689453125,135.32115173339844,75.00251770019531,42.649967193603516
2013-07-22,22.158920288085938,29.951189041137695,41.593353271484375,128.83999633789062,88.16756439208984,72.25727081298828,67.19743347167969,135.58514404296875,75.11241149902344,42.77969741821289
2013-07-23,22.19273567199707,30.275840759277344,41.681983947753906,129.7100067138672,88.1085205078125,72.14463806152344,66.70341491699219,135.29713439941406,74.79647064208984,42.732521057128906
2013-07-24,22.015195846557617,29.966293334960938,41.6274528503418,127.4800033569336,87.37472534179688,71.79414367675781,66.91900634765625,134.8012237548828,73.8486328125,41.901092529296875
2013-07-25,21.989831924438477,30.13994789123535,41.70925521850586,128.6699981689453,88.17598724365234,71.70649719238281,67.34114074707031,135.12918090820312,73.82115936279297,41.96596145629883
2013-07-26,21.854562759399414,30.071990966796875,41.450191497802734,128.77999877929688,87.82174682617188,71.78163146972656,67.70046997070312,135.27316284179688,74.27447509765625,42.001338958740234
2013-07-29,21.846107482910156,29.694488525390625,41.054779052734375,128.47000122070312,87.20600891113281,71.66268920898438,67.5747299194336,134.8571319580078,73.73184204101562,41.68881607055664
2013-07-30,21.770017623901367,29.62653350830078,41.047950744628906,128.1199951171875,87.28191375732422,71.6814956665039,67.93400573730469,134.8571319580078,73.70439147949219,41.56498336791992
2013-07-31,21.922197341918945,29.452880859375,41.14340591430664,127.95999908447266,87.43376159667969,71.68777465820312,68.05973052978516,134.95315551757812,73.97224426269531,40.886871337890625
2013-08-01,21.972923278808594,29.988941192626953,41.702430725097656,126.61000061035156,88.623046875,71.116455078125,68.75142669677734,136.51300048828125,72.54695129394531,40.72768020629883
2013-08-02,21.88838005065918,29.981386184692383,42.043304443359375,126.36000061035156,88.69895935058594,71.46797943115234,69.13763427734375,136.74496459960938,73.34565734863281,40.52720642089844
2013-08-05,21.778474807739258,29.792640686035156,41.95466995239258,125.69999694824219,89.00260162353516,71.19807434082031,69.18256378173828,136.5450439453125,72.78107452392578,40.497718811035156
2013-08-06,21.60093116760254,29.415130615234375,41.89331817626953,123.97000122070312,88.1085205078125,71.24198913574219,68.7693862915039,135.76902770996094,72.99451446533203,40.3561897277832
2013-08-07,21.457204818725586,29.098037719726562,41.70925521850586,124.1500015258789,87.48436737060547,71.39895629882812,68.64359283447266,135.3291473388672,73.53846740722656,40.25004196166992
2013-08-08,21.567113876342773,29.656740188598633,42.08421325683594,126.86000061035156,87.84705352783203,71.5496597290039,68.98494720458984,135.8250732421875,73.73815155029297,40.26775360107422
2013-08-09,21.71929168701172,29.717147827148438,42.159202575683594,126.86000061035156,87.7542495727539,71.5496597290039,68.70648193359375,135.43313598632812,73.85519409179688,40.62152099609375
2013-08-12,21.98137664794922,29.996490478515625,42.043304443359375,129.1300048828125,88.21817016601562,71.51197814941406,68.86817169189453,135.27316284179688,73.35255432128906,40.332603454589844
2013-08-13,21.972923278808594,30.177701950073242,42.316001892089844,127.73999786376953,88.10008239746094,71.00345611572266,69.25439453125,135.67308044433594,72.29222106933594,39.7783317565918
2013-08-14,22.15046501159668,30.275840759277344,42.33646011352539,129.0,87.7542495727539,70.88422393798828,68.99394226074219,134.97715759277344,72.40237426757812,39.625
2013-08-15,22.36182403564453,29.928543090820312,41.981956481933594,131.69000244140625,86.1263427734375,70.3819808959961,67.82624053955078,133.08932495117188,71.4245834350586,38.899742126464844
2013-08-16,22.370277404785156,29.671842575073242,42.05694580078125,132.5800018310547,85.763671875,70.03040313720703,67.79927062988281,132.64944458007812,71.17671966552734,37.944480895996094
2013-08-19,22.34491539001465,29.113128662109375,41.7569694519043,132.00999450683594,84.89492797851562,69.64742279052734,67.68250274658203,131.80148315429688,70.55699920654297,37.44327926635742
2013-08-20,22.302642822265625,29.060283660888672,41.702430725097656,132.4499969482422,86.11795043945312,70.07427978515625,67.97891235351562,132.449462890625,71.10099029541016,38.292388916015625
2013-08-21,22.277278900146484,28.380781173706055,41.21157455444336,132.07000732421875,85.59496307373047,69.65371704101562,67.7453842163086,131.6334991455078,70.32288360595703,38.203941345214844
2013-08-22,22.285736083984375,28.841333389282227,41.613807678222656,132.80999755859375,86.80113220214844,69.97386169433594,68.41009521484375,132.83338928222656,71.03897857666016,38.43389892578125
2013-08-23,22.46327781677246,29.181081771850586,41.975128173828125,134.89999389648438,87.02041625976562,70.44474029541016,68.86817169189453,133.28134155273438,71.81016540527344,38.834877014160156
2013-08-26,22.5900936126709,28.86397933959961,41.66835021972656,135.4499969482422,87.02887725830078,70.58909606933594,68.90409088134766,132.7854766845703,72.16822814941406,38.722843170166016
2013-08-27,22.809906005859375,28.19957160949707,40.9593391418457,136.75,84.98770141601562,70.8904800415039,67.49385833740234,130.64964294433594,73.07711029052734,38.53413772583008
2013-08-28,22.84372329711914,28.259965896606445,40.911617279052734,136.7100067138672,85.15640258789062,70.90300750732422,67.75434112548828,131.1135711669922,72.4849624633789,38.29827117919922
2013-08-29,22.60700225830078,28.486474990844727,40.84343719482422,135.8699951171875,86.00830078125,70.97205352783203,68.23043060302734,131.32159423828125,73.06336212158203,38.35725021362305
2013-08-30,22.539365768432617,28.705425262451172,40.33894729614258,134.6199951171875,84.66717529296875,70.97205352783203,67.790283203125,130.9055633544922,72.98072052001953,38.03295135498047
2013-09-03,22.657724380493164,28.886621475219727,41.11613845825195,136.4199981689453,85.24071502685547,70.69239807128906,68.17652893066406,131.49752807617188,71.95133209228516,37.70272445678711
2013-09-04,22.46327781677246,29.400035858154297,41.48427963256836,134.66000366210938,85.99142456054688,70.43419647216797,68.90409088134766,132.58543395996094,71.79255676269531,38.02703857421875
2013-09-05,22.412553787231445,29.747344970703125,41.450191497802734,132.1999969482422,86.1263427734375,69.85475158691406,69.0208969116211,132.75341796875,70.79154968261719,37.626075744628906
2013-09-06,22.539365768432617,30.18524169921875,41.6751708984375,134.14999389648438,86.36254119873047,69.95551300048828,69.1017074584961,132.81739807128906,71.14368438720703,38.209842681884766
2013-09-09,22.39564323425293,30.97800064086914,42.247833251953125,133.91000366210938,87.66992950439453,70.13814544677734,69.91011047363281,134.08924865722656,71.1781005859375,39.00587463378906
2013-09-10,22.19273567199707,31.212064743041992,42.72506332397461,131.74000549316406,88.53026580810547,69.82953643798828,70.2514419555664,135.0811767578125,70.68106079101562,38.976383209228516
2013-09-11,22.2265567779541,31.234708786010742,42.875038146972656,131.6999969482422,88.57243347167969,70.15702819824219,70.11674499511719,135.5050811767578,71.30933380126953,39.28889465332031
2013-09-12,22.336462020874023,30.87230110168457,42.62960433959961,127.66999816894531,87.92292785644531,70.1066665649414,70.07184600830078,135.14511108398438,71.21267700195312,39.035369873046875
2013-09-13,22.268827438354492,31.076154708862305,42.834136962890625,127.81999969482422,88.40374755859375,70.15078735351562,70.11674499511719,135.4490966796875,71.48880767822266,39.14739990234375
2013-09-16,21.989831924438477,31.423450469970703,43.16819381713867,126.44999694824219,88.59773254394531,70.23263549804688,69.9281005859375,136.2330780029297,71.01249694824219,39.53657531738281
2013-09-17,21.761564254760742,31.355506896972656,43.19546890258789,126.5,89.47492980957031,70.42161560058594,70.3951644897461,136.8409423828125,71.5992660522461,39.51298141479492
2013-09-18,22.235008239746094,32.669227600097656,44.34761428833008,132.00999450683594,90.3268051147461,71.4544906616211,71.23954772949219,138.4248046875,72.48300170898438,40.85150909423828
2013-09-19,22.15046501159668,32.495567321777344,44.136268615722656,131.75,90.2340316772461,71.00102996826172,71.41020202636719,138.19281005859375,72.0549545288086,40.81612014770508
2013-09-20,21.947561264038086,31.770769119262695,43.815853118896484,127.95999908447266,89.90509033203125,71.06401824951172,71.16515350341797,137.2266387939453,72.43463897705078,40.14979934692383
2013-09-23,21.78692626953125,31.884017944335938,43.802215576171875,127.55000305175781,89.9135513305664,71.48601531982422,71.02099609375,136.5915985107422,72.96624755859375,39.874900817871094
2013-09-24,21.778474807739258,31.612205505371094,43.734046936035156,127.66000366210938,90.21206665039062,71.66874694824219,71.02099609375,136.2700653076172,73.75328826904297,39.5714111328125
2013-09-25,21.812288284301758,31.370603561401367,43.78176498413086,128.7899932861328,90.04293060302734,71.88910675048828,70.77770233154297,135.876220703125,73.9051742553711,39.702335357666016
2013-09-26,21.98137664794922,31.49895668029785,43.965824127197266,127.79000091552734,90.54190826416016,71.71275329589844,71.32731628417969,136.3987274169922,73.38736724853516,39.94629669189453
2013-09-27,21.871469497680664,31.129003524780273,43.80902862548828,128.97000122070312,90.13595581054688,71.65605163574219,71.23722076416016,135.77171325683594,73.5668716430664,39.7796745300293
2013-09-30,21.778474807739258,30.774152755737305,43.495426177978516,128.17999267578125,90.16132354736328,71.49861907958984,71.0660171508789,135.0482635498047,73.4563980102539,39.3571891784668
2013-10-01,21.634748458862305,31.385711669921875,43.727230072021484,124.58999633789062,91.21000671386719,71.4265365600586,71.7867660522461,136.11732482910156,73.2334976196289,39.92845153808594
2013-10-02,21.846107482910156,31.50650978088379,43.713592529296875,127.05999755859375,90.837890625,71.6413803100586,71.75977325439453,135.9887237548828,73.34429168701172,39.987953186035156
2013-10-03,21.812288284301758,31.385711669921875,43.4272575378418,127.18000030517578,89.90762329101562,71.6793212890625,70.92189025878906,134.73483276367188,73.22661590576172,39.291751861572266
2013-10-04,21.879926681518555,31.793415069580078,43.529518127441406,126.52999877929688,90.5080795288086,71.60983276367188,71.5345230102539,135.75563049316406,73.17123413085938,39.21438217163086
2013-10-07,22.032102584838867,31.5216064453125,43.079566955566406,127.63999938964844,89.45095825195312,71.73614501953125,70.93990325927734,134.58206176757812,73.46885681152344,39.39289855957031
2013-10-08,22.108192443847656,31.219606399536133,42.74551010131836,127.4000015258789,88.00475311279297,71.72352600097656,69.57048797607422,133.0146026611328,73.48960876464844,38.96446228027344
2013-10-09,21.947561264038086,31.453657150268555,42.92958450317383,126.11000061035156,87.64956665039062,71.57189178466797,69.3542709350586,133.111083984375,72.90129852294922,38.97040557861328
2013-10-10,22.2265567779541,32.193572998046875,43.699947357177734,124.2699966430664,89.76386260986328,71.6729736328125,70.82276916503906,135.9807891845703,73.01896667480469,39.964149475097656
2013-10-11,22.108192443847656,32.337013244628906,43.93175506591797,122.5999984741211,91.06623840332031,71.76777648925781,71.38135528564453,136.85687255859375,72.99818420410156,40.36285400390625
2013-10-14,22.0997371673584,32.52578353881836,44.08173370361328,122.83000183105469,91.52293395996094,71.5466079711914,71.88590240478516,137.4034881591797,72.40985107421875,40.38665008544922
2013-10-15,22.02364730834961,32.20866775512695,43.870391845703125,123.7300033569336,90.62646484375,71.55924224853516,71.60661315917969,136.40670776367188,72.36136627197266,40.23786926269531
2013-10-16,22.19273567199707,32.465370178222656,44.197628021240234,123.54000091552734,91.75126647949219,72.09004974365234,72.41743469238281,138.311767578125,73.26813507080078,40.99360275268555
2013-10-17,22.074377059936523,32.669227600097656,44.78392028808594,127.41999816894531,92.5546875,72.62084197998047,72.83187103271484,139.23619079589844,73.93267822265625,41.612464904785156
2013-10-18,22.20119285583496,32.699432373046875,45.049808502197266,126.8499984741211,93.61185455322266,72.7155532836914,74.01209259033203,140.1765899658203,74.09186553955078,41.57080841064453
2013-10-21,22.15046501159668,32.64657974243164,45.11798858642578,126.9800033569336,93.42577362060547,72.5260238647461,74.17428588867188,140.1846160888672,73.85649871826172,41.32088851928711
2013-10-22,22.125102996826172,32.96367645263672,45.56793975830078,129.33999633789062,93.67102813720703,72.9683609008789,74.28240966796875,140.9965057373047,74.68019104003906,41.701725006103516
2013-10-23,21.78692626953125,32.193572998046875,45.12480545043945,128.69000244140625,93.35811614990234,72.94937133789062,73.83193969726562,140.32131958007812,74.97090148925781,41.779090881347656
2013-10-24,21.79538345336914,32.12561798095703,45.43840408325195,129.89999389648438,93.85708618164062,72.87355041503906,74.1562728881836,140.7874755859375,74.68019104003906,41.767181396484375
2013-10-25,21.863018035888672,32.27663040161133,45.30887222290039,130.4600067138672,93.94165802001953,72.86721801757812,74.68780517578125,141.43052673339844,74.95708465576172,42.278926849365234
2013-10-28,21.947561264038086,32.465370178222656,45.23387908935547,130.55999755859375,93.89937591552734,72.93672943115234,74.70584869384766,141.65560913085938,74.70095825195312,41.975460052490234
2013-10-29,21.88838005065918,32.57107162475586,45.32933044433594,129.77000427246094,94.16999816894531,73.03781127929688,74.83197021484375,142.41122436523438,74.7978744506836,41.73146438598633
2013-10-30,21.95601463317871,32.389869689941406,45.16571044921875,129.60000610351562,92.8844985961914,72.89251708984375,74.75987243652344,141.70384216308594,74.34796142578125,41.38039779663086
2013-10-31,21.770017623901367,32.05766296386719,44.91346740722656,127.73999786376953,92.3432846069336,72.7913818359375,74.58871459960938,141.3019256591797,74.5072021484375,41.13641357421875
2013-11-01,21.499479293823242,32.07276916503906,44.69530487060547,126.94999694824219,91.94578552246094,72.5948715209961,74.60673522949219,141.63955688476562,73.70069122314453,41.35063934326172
2013-11-04,21.406478881835938,32.269065856933594,44.91346740722656,126.80999755859375,93.00292205810547,72.61389923095703,74.7148208618164,142.13790893554688,73.77008819580078,41.42799758911133
2013-11-05,21.34729766845703,31.61976432800293,44.52486801147461,126.55999755859375,92.68154907226562,72.30329132080078,74.7959213256836,141.68777465820312,72.88864135742188,40.7496452331543
2013-11-06,21.36421012878418,31.717912673950195,44.91346740722656,127.19999694824219,92.2840805053711,72.38565826416016,74.77790069580078,142.41122436523438,72.9233169555664,40.690120697021484
2013-11-07,21.21202850341797,31.14410400390625,44.20444869995117,126.16000366210938,90.72795104980469,72.53147888183594,73.37245178222656,140.61062622070312,73.5410385131836,40.184326171875
2013-11-08,21.33039093017578,31.076154708862305,44.4635009765625,124.27999877929688,92.3770980834961,71.82144927978516,74.36346435546875,142.50770568847656,71.77122497558594,39.642826080322266
2013-11-11,21.423389434814453,30.917604446411133,44.5589485168457,123.87000274658203,92.50395965576172,71.70103454589844,74.246337890625,142.53176879882812,71.50056457519531,39.68447494506836
2013-11-12,21.2796630859375,30.751497268676758,44.40896987915039,122.44999694824219,92.580078125,71.75174713134766,74.36346435546875,142.24241638183594,71.83370208740234,39.505958557128906
2013-11-13,21.372665405273438,30.804363250732422,44.55214309692383,122.8499984741211,93.46807098388672,71.91653442382812,75.26443481445312,143.38381958007812,72.09742736816406,39.761837005615234
2013-11-14,21.465660095214844,31.302663803100586,44.75666046142578,124.2699966430664,93.37503814697266,72.30957794189453,75.4986801147461,144.09918212890625,72.54159545898438,40.04151153564453
2013-11-15,21.43184471130371,31.899110794067383,45.11798858642578,124.31999969482422,93.73023986816406,72.30957794189453,75.64283752441406,144.72621154785156,72.6873779296875,40.190277099609375
2013-11-18,21.28812026977539,32.18601989746094,45.11798858642578,122.9000015258789,93.07058715820312,72.63289642333984,74.904052734375,144.21978759765625,73.1246337890625,39.940364837646484
2013-11-19,21.254301071166992,31.989709854125977,45.00209426879883,122.94999694824219,92.49554443359375,72.37930297851562,74.68780517578125,143.9063262939453,72.56939697265625,39.660682678222656
2013-11-20,21.271207809448242,31.55180549621582,44.68849182128906,120.12000274658203,92.46168518066406,72.0687026977539,74.50762939453125,143.4561767578125,71.33399200439453,39.17866897583008
2013-11-21,21.541749954223633,31.5216064453125,44.96799850463867,119.94000244140625,94.12773895263672,72.20819091796875,75.26443481445312,144.6136474609375,71.45197296142578,39.4821662902832
2013-11-22,21.609384536743164,31.748119354248047,45.0975341796875,119.91999816894531,94.59286499023438,72.46176147460938,75.6698226928711,145.33706665039062,72.11824035644531,39.32743453979492
2013-11-25,21.584022521972656,31.340404510498047,44.9611701965332,120.45999908447266,94.71126556396484,72.58853912353516,75.8499984741211,145.19235229492188,72.3264389038086,39.142967224121094
2013-11-26,21.5755672454834,31.44611930847168,44.9611701965332,119.81999969482422,95.41321563720703,72.73433685302734,76.24645233154297,145.23260498046875,72.59711456298828,39.0061149597168
2013-11-27,21.5755672454834,31.649959564208984,45.07026672363281,119.45999908447266,95.9460220336914,72.74701690673828,76.77799987792969,145.58624267578125,72.47219848632812,39.33933639526367
2013-11-29,21.567113876342773,31.97461700439453,45.15888977050781,120.69999694824219,95.99673461914062,72.68997955322266,77.23748779296875,145.48977661132812,72.49300384521484,38.976356506347656
2013-12-02,21.541749954223633,31.302663803100586,44.824832916259766,117.58000183105469,95.03263092041016,72.34522247314453,77.01223754882812,145.11199951171875,71.92919921875,38.75023651123047
2013-12-03,21.66856575012207,31.196958541870117,44.511234283447266,117.95999908447266,94.5759506225586,72.52969360351562,76.94915771484375,144.4849853515625,72.19367980957031,38.67287826538086
2013-12-04,21.710840225219727,31.159204483032227,44.27261734008789,119.95999908447266,94.32222747802734,72.29435729980469,77.0212173461914,144.46896362304688,71.50453186035156,38.81569290161133
2013-12-05,21.68547248840332,30.97800064086914,44.0203742980957,118.30000305175781,94.3899154663086,72.13538360595703,76.92214965820312,143.8339385986328,71.30266571044922,38.95255661010742
2013-12-06,21.761564254760742,31.665054321289062,44.56578063964844,118.55000305175781,95.12568664550781,72.28807067871094,77.48072814941406,145.4416046142578,71.6437759399414,39.23223876953125
2013-12-09,21.68547248840332,31.71036148071289,44.5180549621582,119.72000122070312,95.10027313232422,72.3961410522461,77.79606628417969,145.81134033203125,71.81085205078125,39.42265319824219
2013-12-10,21.753108978271484,31.725465774536133,44.443058013916016,121.81999969482422,94.23764038085938,72.6886978149414,77.74198913574219,145.288818359375,72.32596588134766,39.321502685546875
2013-12-11,21.753108978271484,31.023300170898438,44.027191162109375,120.86000061035156,92.69001007080078,72.48521423339844,76.74195861816406,143.65708923339844,71.76905822753906,38.4169921875
2013-12-12,21.55020523071289,30.842103958129883,43.7067756652832,118.29000091552734,92.89299774169922,72.36434173583984,76.54375457763672,143.1829071044922,71.49757385253906,38.2027702331543
2013-12-13,21.465660095214844,30.917604446411133,43.679500579833984,119.37999725341797,93.1974105834961,72.56151580810547,76.4446029663086,143.16676330566406,71.84565734863281,38.29798126220703
2013-12-16,21.533292770385742,31.121458053588867,43.99311065673828,119.69000244140625,94.30531311035156,72.61872863769531,76.86808776855469,144.05905151367188,71.58116149902344,38.42890167236328
2013-12-17,21.43184471130371,30.84966278076172,43.802215576171875,118.6500015258789,94.16999816894531,72.83499145507812,76.71492004394531,143.60079956054688,71.90132904052734,38.607425689697266
2013-12-18,21.47411346435547,31.46368980407715,44.49124526977539,117.61000061035156,95.46395874023438,72.83499145507812,77.60687255859375,146.05247497558594,71.53935241699219,39.291751861572266
2013-12-19,21.524843215942383,30.884700775146484,44.49124526977539,114.81999969482422,94.75352478027344,72.72686767578125,77.390625,145.88368225097656,71.46977233886719,38.75023651123047
2013-12-20,21.693927764892578,30.838987350463867,44.74567413330078,115.94000244140625,96.35192108154297,73.0639419555664,78.17877197265625,146.73223876953125,72.56961822509766,38.98824691772461
2013-12-23,21.693927764892578,31.06753158569336,45.206398010253906,115.56999969482422,97.4445571899414,72.94947814941406,79.001220703125,147.5161895751953,72.15892028808594,39.06562042236328
2013-12-24,21.761564254760742,31.250368118286133,45.295799255371094,116.0999984741211,97.81810760498047,72.93041229248047,79.03734588623047,147.83946228027344,71.58116149902344,39.10065460205078
2013-12-26,21.79538345336914,30.983734130859375,45.54335403442383,116.73999786376953,97.82661437988281,72.87806701660156,79.2994384765625,148.59109497070312,71.3052978515625,39.13088607788086
2013-12-27,21.854562759399414,31.46368980407715,45.77716064453125,117.12000274658203,97.76717376708984,72.81427001953125,79.10061645507812,148.58297729492188,71.10274505615234,39.21549606323242
2013-12-30,21.727745056152344,31.600812911987305,45.96969985961914,115.38999938964844,97.70774841308594,73.03117370605469,78.98313903808594,148.55873107910156,71.59161376953125,39.227569580078125
2013-12-31,21.693927764892578,31.844606399536133,46.1416130065918,116.12000274658203,97.93696594238281,72.84616088867188,79.49829864501953,149.26182556152344,71.13765716552734,39.016048431396484
2014-01-02,21.381118774414062,30.618053436279297,45.323307037353516,118.0,96.87574768066406,72.98648071289062,78.87464904785156,147.8313751220703,71.35414123535156,39.02210998535156
2014-01-03,21.245847702026367,30.56471824645996,45.37144088745117,119.29000091552734,97.36817169189453,73.09496307373047,78.30526733398438,147.80709838867188,71.35414123535156,39.239654541015625
2014-01-06,21.271207809448242,30.275232315063477,45.31642150878906,119.5,96.57862091064453,73.25442504882812,78.01607513427734,147.37884521484375,71.65450286865234,39.43909454345703
2014-01-07,21.254301071166992,30.404743194580078,45.57086944580078,118.81999969482422,97.38512420654297,73.197021484375,78.73908233642578,148.28396606445312,71.83606719970703,39.614356994628906
2014-01-08,21.0513973236084,30.305696487426758,45.55711364746094,118.12000274658203,97.51249694824219,72.88445281982422,78.91082000732422,148.3162078857422,71.6405258178711,39.42097473144531
2014-01-09,20.882308959960938,30.145715713500977,45.5227165222168,118.45999908447266,97.53797149658203,73.05030059814453,78.64871978759766,148.4132843017578,72.05950927734375,39.42097473144531
2014-01-10,21.017578125,30.679006576538086,45.94219970703125,120.26000213623047,98.07278442382812,73.44583892822266,78.90178680419922,148.8173065185547,72.91857147216797,39.95882797241211
2014-01-13,21.009126663208008,30.31332015991211,45.54335403442383,121.0199966430664,96.73141479492188,73.586181640625,77.73588562011719,146.83734130859375,73.28170776367188,39.69292449951172
2014-01-14,21.009126663208008,30.64090919494629,45.907814025878906,119.88999938964844,97.91999053955078,73.36927795410156,79.21814727783203,148.43753051757812,72.94645690917969,39.98301315307617
2014-01-15,21.06830406188965,30.63329315185547,46.10034942626953,119.66000366210938,98.65009307861328,73.38842010498047,79.86885833740234,149.23760986328125,72.86965942382812,40.28517150878906
2014-01-16,21.034488677978516,30.4656982421875,46.07971954345703,119.79000091552734,98.76895904541016,73.56067657470703,79.87787628173828,149.04364013671875,73.35852813720703,40.35768127441406
2014-01-17,21.059850692749023,30.31332015991211,45.94219970703125,120.93000030517578,98.42086791992188,73.64360809326172,79.42598724365234,148.4132843017578,73.66584777832031,40.122005462646484
2014-01-21,21.11057472229004,30.267614364624023,46.16225051879883,119.69999694824219,99.00666046142578,73.54151916503906,80.03153991699219,148.84970092773438,73.72172546386719,40.484596252441406
2014-01-22,21.21202850341797,30.671377182006836,46.16225051879883,119.19000244140625,99.5075454711914,73.36290740966797,80.23941040039062,148.94664001464844,73.54010009765625,40.659854888916016
2014-01-23,21.195119857788086,29.917171478271484,45.85279846191406,121.79000091552734,98.83688354492188,73.64360809326172,79.96827697753906,147.72634887695312,74.5807113647461,40.56317901611328
2014-01-24,21.203575134277344,29.132490158081055,44.594390869140625,122.29000091552734,96.31543731689453,73.59258270263672,78.39566040039062,144.5743865966797,75.06256103515625,40.05552673339844
2014-01-27,21.059850692749023,29.01821517944336,44.38809585571289,120.95999908447266,94.90615844726562,73.45226287841797,77.63644409179688,143.86322021484375,74.5387954711914,39.747310638427734
2014-01-28,21.161300659179688,29.201051712036133,44.77318572998047,120.94999694824219,95.90792846679688,73.80946350097656,77.59126281738281,144.71994018554688,74.72036743164062,40.07968521118164
2014-01-29,21.144397735595703,28.782033920288086,44.27119827270508,122.47000122070312,94.52408599853516,73.95618438720703,76.759765625,143.32986450195312,75.3349838256836,39.86214065551758
2014-01-30,21.059850692749023,29.04868507385254,44.49811935424805,119.7699966430664,95.93339538574219,73.99446105957031,78.17877197265625,144.8491668701172,75.11846923828125,40.466468811035156
2014-01-31,21.034488677978516,29.094385147094727,43.741703033447266,120.08999633789062,95.22024536132812,74.2177505493164,77.97090148925781,144.0006561279297,75.62127685546875,40.68403244018555
2014-02-03,21.034488677978516,28.271617889404297,42.847740173339844,121.31999969482422,92.24037170410156,74.69636535644531,76.18135833740234,140.75985717773438,76.54273986816406,40.03739547729492
2014-02-04,21.195119857788086,28.842979431152344,43.34286117553711,120.98999786376953,92.93655395507812,74.3379898071289,76.7417221069336,141.74583435058594,75.7305679321289,40.52086639404297
2014-02-05,21.23739242553711,28.736331939697266,43.432247161865234,121.29000091552734,92.24037170410156,74.10128021240234,76.5428695678711,141.56796264648438,75.03034973144531,40.43626022338867
2014-02-06,21.321937561035156,29.338176727294922,44.20243453979492,121.23999786376953,92.9704818725586,74.0308837890625,77.51898193359375,143.4348602294922,74.7082748413086,40.73238754272461
2014-02-07,21.567113876342773,29.50577735900879,44.78005599975586,122.16999816894531,94.02320098876953,74.26122283935547,78.90178680419922,145.21292114257812,74.7712631225586,41.040592193603516
2014-02-10,21.44875144958496,29.17818832397461,44.628780364990234,122.91999816894531,94.2694091796875,74.293212890625,79.35369873046875,145.47964477539062,74.9813003540039,41.4273567199707
2014-02-11,21.558658599853516,29.81052017211914,45.337074279785156,124.36000061035156,95.1098861694336,74.13966369628906,80.25749969482422,147.07168579101562,74.5472412109375,41.59053039550781
2014-02-12,21.60093116760254,29.818126678466797,45.41270446777344,124.43000030517578,95.48343658447266,73.9157485961914,80.4111328125,147.14443969726562,74.16210174560547,41.614715576171875
2014-02-13,21.71929168701172,29.848602294921875,45.550228118896484,125.48999786376953,96.69745635986328,74.22281646728516,81.00763702392578,147.9040985107422,74.58224487304688,41.77184295654297
2014-02-14,21.79538345336914,30.214284896850586,45.722145080566406,127.1500015258789,96.8332748413086,74.36370086669922,81.17032623291016,148.72035217285156,74.6242904663086,41.93501663208008
2014-02-18,22.108192443847656,29.93240737915039,46.11410140991211,127.4000015258789,97.84356689453125,74.5172119140625,81.5679931640625,148.898193359375,74.79231262207031,42.140480041503906
2014-02-19,22.16737174987793,29.72671127319336,45.80466842651367,126.2699966430664,96.841796875,74.43402099609375,81.00763702392578,147.91221618652344,74.47718048095703,42.116310119628906
2014-02-20,22.209644317626953,29.83336639404297,45.96282958984375,127.5999984741211,97.88603973388672,74.3379898071289,81.38723754882812,148.78501892089844,74.2951431274414,42.025657653808594
2014-02-21,22.15046501159668,30.039066314697266,46.05222702026367,127.58000183105469,98.19163513183594,74.41478729248047,81.27879333496094,148.61529541015625,74.68730163574219,42.128387451171875
2014-02-24,22.24346351623535,30.039066314697266,46.451072692871094,128.99000549316406,98.91327667236328,74.4532241821289,81.71260833740234,149.43963623046875,74.49818420410156,42.23114013671875
2014-02-25,22.142009735107422,29.696229934692383,46.34104537963867,129.2100067138672,99.0151596069336,74.74115753173828,81.6222152709961,149.38307189941406,75.16339111328125,42.37013626098633
2014-02-26,22.08283233642578,29.71908950805664,46.18287658691406,128.11000061035156,99.62643432617188,74.9843521118164,81.54993438720703,149.39117431640625,75.56246948242188,42.46681594848633
2014-02-27,22.015195846557617,30.282852172851562,46.34104537963867,128.1999969482422,100.16974639892578,75.11225891113281,82.07904052734375,150.17507934570312,75.97559356689453,42.35200881958008
2014-02-28,22.09128189086914,30.077150344848633,46.42356491088867,127.62000274658203,99.77074432373047,75.0674819946289,81.9882583618164,150.5548858642578,76.01759338378906,42.74482727050781
2014-03-03,22.39564323425293,29.543859481811523,45.44020462036133,130.2899932861328,99.23591613769531,75.26383209228516,81.38021087646484,149.49615478515625,76.52503204345703,42.76898956298828
2014-03-04,22.311100006103516,30.04667854309082,46.34104537963867,128.67999267578125,101.73184967041016,74.85956573486328,82.41481018066406,151.5974578857422,75.37397003173828,43.38542556762695
2014-03-05,22.125102996826172,30.069538116455078,46.299774169921875,128.88999938964844,101.67240905761719,74.82105255126953,82.6417007446289,151.73489379882812,75.5354232788086,43.3310432434082
2014-03-06,22.328006744384766,30.496158599853516,46.781131744384766,130.1699981689453,101.65544128417969,74.59642028808594,82.56908416748047,152.08230590820312,74.79136657714844,42.968421936035156
2014-03-07,22.2265567779541,30.107622146606445,46.526710510253906,129.08999633789062,101.62150573730469,74.32689666748047,82.16069030761719,152.14703369140625,74.3211441040039,42.503082275390625
2014-03-10,22.040559768676758,29.90193748474121,46.23788833618164,129.1300048828125,101.28192138671875,74.21139526367188,82.23328399658203,152.06626892089844,74.42648315429688,42.27949142456055
2014-03-11,22.04901123046875,29.566722869873047,45.900936126708984,129.86000061035156,100.22917938232422,74.2370834350586,81.87934875488281,151.31460571289062,74.6229476928711,42.54539108276367
2014-03-12,21.989831924438477,29.62766456604004,45.72902297973633,131.75999450683594,100.53482818603516,74.5001449584961,82.18792724609375,151.35508728027344,75.14236450195312,42.67230987548828
2014-03-13,21.88838005065918,29.094385147094727,44.8763313293457,132.2100067138672,99.37171936035156,74.7632827758789,81.02628326416016,149.65785217285156,76.15303039550781,42.47288131713867
2014-03-14,22.00674057006836,29.25438117980957,44.78005599975586,133.10000610351562,99.78770446777344,74.67986297607422,80.47267150878906,149.23760986328125,76.16709899902344,42.58164596557617
2014-03-17,21.761564254760742,29.612436294555664,45.343936920166016,131.63999938964844,100.22917938232422,74.58362579345703,81.18054962158203,150.5872802734375,75.59858703613281,42.67230987548828
2014-03-18,21.871469497680664,30.02382469177246,45.62586975097656,130.6199951171875,101.68939208984375,74.81462097167969,82.16069030761719,151.66212463378906,75.8722915649414,42.79920959472656
2014-03-19,21.863018035888672,29.38388442993164,45.0688591003418,128.08999633789062,101.02722930908203,74.27555084228516,81.71598052978516,150.85397338867188,75.2827377319336,41.989410400390625
2014-03-20,21.761564254760742,29.51340675354004,44.89696502685547,127.86000061035156,101.1630859375,74.37823486328125,81.94290161132812,151.73489379882812,75.14933776855469,42.061920166015625
2014-03-21,21.778474807739258,29.696229934692383,44.80757522583008,128.47000122070312,100.69611358642578,74.63491821289062,80.95684814453125,151.1463165283203,75.96353149414062,42.448692321777344
2014-03-24,21.770017623901367,29.985740661621094,44.924461364746094,126.18000030517578,99.54999542236328,74.77613067626953,80.24734497070312,150.52127075195312,76.50402069091797,42.17070007324219
2014-03-25,21.913742065429688,30.32855796813965,45.41270446777344,126.41000366210938,99.52615356445312,74.80179595947266,80.5111312866211,151.2356414794922,76.21621704101562,42.555755615234375
2014-03-26,21.896835327148438,30.397117614746094,45.405826568603516,125.41000366210938,97.61955261230469,75.09056091308594,79.47415161132812,150.14791870117188,76.81277465820312,42.0751838684082
2014-03-27,22.09128189086914,30.793285369873047,45.63275146484375,124.58999633789062,97.37274932861328,75.1098403930664,79.0284652709961,149.8313446044922,77.1988296508789,42.34285354614258
2014-03-28,22.0997371673584,31.037065505981445,45.97657775878906,124.55999755859375,97.27910614013672,75.05207061767578,79.1830825805664,150.57000732421875,76.76370239257812,42.59832763671875
2014-03-31,22.08283233642578,31.242753982543945,46.21038055419922,123.61000061035156,99.02399444580078,75.0456314086914,79.74705505371094,151.80386352539062,76.57415771484375,42.95722198486328
2014-04-01,21.812288284301758,31.608436584472656,46.506065368652344,123.38999938964844,100.32627868652344,74.85902404785156,81.14788055419922,152.81039428710938,75.91970825195312,43.1518669128418
2014-04-02,21.761564254760742,31.66938591003418,46.59546661376953,124.31999969482422,100.77738189697266,74.75603485107422,81.3570785522461,153.32179260253906,75.48348999023438,43.18836975097656
2014-04-03,21.939105987548828,31.5474910736084,46.46479797363281,123.91999816894531,99.75598907470703,74.89762878417969,80.71125030517578,153.118896484375,75.8142318725586,43.09711837768555
2014-04-04,22.040559768676758,31.46368980407715,46.32040023803711,125.56999969482422,97.44935607910156,75.19364166259766,78.56452941894531,151.3087158203125,76.32086181640625,43.24310302734375
2014-04-07,21.989831924438477,31.600812911987305,46.10034942626953,124.91000366210938,96.02787780761719,75.37388610839844,77.81864929199219,149.6365509033203,76.77822875976562,43.38301467895508
2014-04-08,22.24346351623535,31.966501235961914,46.07285690307617,126.08999633789062,96.70030975341797,75.57341003417969,78.53726959228516,150.25343322753906,76.9612045288086,43.65065383911133
2014-04-09,22.302642822265625,32.21027755737305,46.66423797607422,126.31999969482422,98.09622192382812,75.63777160644531,79.88348388671875,151.8688201904297,76.58123016357422,43.54117202758789
2014-04-10,22.311100006103516,31.867469787597656,45.839054107666016,127.01000213623047,95.29590606689453,75.74077606201172,77.40928649902344,148.67868041992188,77.29191589355469,43.12752914428711
2014-04-11,22.209644317626953,31.867469787597656,45.563987731933594,126.93000030517578,93.97660064697266,75.79225158691406,76.5087890625,147.33929443359375,77.91819763183594,42.86598205566406
2014-04-14,22.412553787231445,31.798900604248047,45.82529067993164,127.8499984741211,94.24046325683594,75.84371948242188,77.10913848876953,148.50009155273438,77.71411895751953,43.1214599609375
2014-04-15,22.429458618164062,31.31893539428711,45.63275146484375,125.48999786376953,94.60643768310547,76.00460052490234,77.36384582519531,149.52288818359375,78.19967651367188,43.632408142089844
2014-04-16,22.471731185913086,31.715091705322266,46.19662094116211,125.54000091552734,95.6363754272461,76.03683471679688,78.39170837402344,151.08950805664062,78.29816436767578,43.9122314453125
2014-04-17,22.522457122802734,32.00458908081055,46.43730545043945,124.75,96.11304473876953,75.59915161132812,78.40989685058594,151.30059814453125,77.43968963623047,43.656761169433594
2014-04-21,22.446367263793945,31.806509017944336,46.49920654296875,124.23999786376953,96.56413269042969,75.7021255493164,78.9920654296875,151.82815551757812,77.37635803222656,43.90614700317383
2014-04-22,22.43791389465332,31.72271156311035,46.691741943359375,123.77999877929688,97.56002044677734,75.74077606201172,79.61969757080078,152.51815795898438,77.63672637939453,44.00345993041992
2014-04-23,22.421005249023438,31.494165420532227,46.58171463012695,123.76000213623047,96.94715118408203,75.90812683105469,78.91926574707031,152.16099548339844,78.08001708984375,43.82707595825195
2014-04-24,22.5562744140625,31.524635314941406,46.5748405456543,124.55999755859375,96.70030975341797,75.92098236083984,79.67430877685547,152.46946716308594,78.22785949707031,44.009544372558594
2014-04-25,22.46327781677246,31.0980167388916,46.3479118347168,125.43000030517578,94.99800872802734,75.90812683105469,78.40081787109375,151.21939086914062,78.34041595458984,43.839229583740234
2014-04-28,22.38718605041504,31.250368118286133,46.49232482910156,124.87999725341797,94.44474029541016,75.8179931640625,78.65547943115234,151.69833374023438,77.96041870117188,44.17988204956055
2014-04-29,22.446367263793945,31.5474910736084,46.794883728027344,124.86000061035156,94.68306732177734,75.8308334350586,79.28314971923828,152.40460205078125,77.8548355102539,44.210289001464844
2014-04-30,22.328006744384766,31.486543655395508,46.980560302734375,124.22000122070312,95.31292724609375,76.0432357788086,79.49235534667969,152.85910034179688,78.17858123779297,44.368446350097656
2014-05-01,22.158920288085938,31.524635314941406,47.11122131347656,123.80000305175781,95.27889251708984,76.36213684082031,79.7288589477539,152.8753662109375,79.01726531982422,44.5570182800293
2014-05-02,22.218101501464844,31.699865341186523,47.03556823730469,125.05999755859375,95.3554916381836,76.52348327636719,79.58333587646484,152.65614318847656,79.50401306152344,44.54484939575195
2014-05-05,22.16737174987793,31.524635314941406,47.001182556152344,126.22000122070312,95.23631286621094,76.32987213134766,80.00173950195312,152.9484405517578,79.02430725097656,44.636104583740234
2014-05-06,22.184282302856445,31.66938591003418,46.91868209838867,125.9800033569336,93.68720245361328,76.45893096923828,78.96475982666016,151.61715698242188,79.34173583984375,44.477928161621094
2014-05-07,22.24346351623535,31.836990356445312,46.97367477416992,124.16999816894531,93.7468032836914,76.47187805175781,78.73735809326172,152.51014709472656,79.0595474243164,45.01323318481445
2014-05-08,22.17582893371582,31.76079559326172,46.980560302734375,124.16999816894531,92.802001953125,76.49122619628906,78.66458129882812,152.3477020263672,78.72100067138672,45.11663818359375
2014-05-09,22.065921783447266,31.70746421813965,46.91178894042969,124.0999984741211,93.65316772460938,76.4073257446289,78.95568084716797,152.5750274658203,78.46708679199219,45.14704132080078
2014-05-12,22.116649627685547,32.240760803222656,47.22123336791992,124.94000244140625,95.78106689453125,76.2136459350586,80.25643920898438,154.06048583984375,78.14968872070312,45.28694534301758
2014-05-13,22.218101501464844,32.362648010253906,47.28999328613281,124.5999984741211,94.84477233886719,76.49766540527344,80.31100463867188,154.19847106933594,78.82681274414062,44.994964599609375
2014-05-14,22.319551467895508,32.59120178222656,47.20061111450195,125.80999755859375,93.30418395996094,76.87852478027344,79.89263916015625,153.4679412841797,79.68030548095703,45.01323318481445
2014-05-15,22.184282302856445,32.286468505859375,46.994300842285156,124.7699966430664,92.67433166503906,77.01410675048828,79.26496124267578,152.1204376220703,80.31515502929688,44.98888397216797
2014-05-16,22.209644317626953,32.71308898925781,47.09746551513672,124.5,93.26165771484375,76.92373657226562,79.783447265625,152.64808654785156,80.08942413330078,45.40253448486328
2014-05-19,22.19273567199707,32.71308898925781,47.001182556152344,124.58000183105469,94.26599884033203,76.85270690917969,80.33831787109375,153.2081298828125,79.49691772460938,45.22005081176758
2014-05-20,22.235008239746094,32.44646072387695,46.70549011230469,124.69000244140625,92.8275146484375,76.85270690917969,80.04723358154297,152.24229431152344,79.67327117919922,45.08015441894531
2014-05-21,22.277278900146484,32.697853088378906,47.0699462890625,124.38999938964844,93.30418395996094,76.71067810058594,80.81131744384766,153.5247344970703,79.18656921386719,44.78207778930664
2014-05-22,22.294191360473633,32.92640686035156,47.1318473815918,124.66999816894531,94.27449798583984,76.68489837646484,81.16607666015625,153.8981475830078,79.07368469238281,44.7030143737793
2014-05-23,22.34491539001465,32.86546325683594,47.255615234375,124.51000213623047,95.30441284179688,76.768798828125,81.75730895996094,154.5150909423828,79.49691772460938,45.098384857177734
2014-05-27,22.158920288085938,32.58357620239258,47.59257125854492,121.8499984741211,96.6747817993164,77.03992462158203,82.77611541748047,155.4647674560547,79.96246337890625,45.42078399658203
2014-05-28,22.16737174987793,32.7740364074707,47.43440628051758,121.19999694824219,96.17261505126953,77.40779113769531,82.52142333984375,155.35121154785156,80.95001220703125,45.134891510009766
2014-05-29,22.17582893371582,32.86546325683594,47.723228454589844,120.94000244140625,96.49604034423828,77.18191528320312,83.04901885986328,156.15480041503906,80.51973724365234,45.22611618041992
2014-05-30,22.00674057006836,32.41598129272461,47.730098724365234,120.43000030517578,96.06193542480469,77.19479370117188,83.05809020996094,156.40640258789062,80.48445892333984,45.43294906616211
2014-06-02,21.98137664794922,32.515018463134766,47.82637405395508,119.69999694824219,95.542724609375,76.76628112792969,82.97623443603516,156.5850067138672,79.8862075805664,45.57284927368164
2014-06-03,21.964468002319336,32.697853088378906,47.709468841552734,120.01000213623047,95.31292724609375,76.4167251586914,82.9398422241211,156.5038604736328,78.90309143066406,45.54851531982422
2014-06-04,21.90528678894043,32.515018463134766,47.695716857910156,119.76000213623047,95.68743896484375,76.37789154052734,83.24908447265625,156.8204345703125,78.88194274902344,45.63976287841797
2014-06-05,21.930652618408203,32.85784149169922,48.025787353515625,120.66000366210938,97.69618225097656,76.53971099853516,83.94954681396484,157.84320068359375,78.91728973388672,46.47919464111328
2014-06-06,22.02364730834961,33.18543243408203,48.28709030151367,120.61000061035156,98.63243103027344,76.7015380859375,84.4316177368164,158.59814453125,78.91728973388672,46.28453826904297
2014-06-09,22.116649627685547,33.30732727050781,48.23896408081055,120.6500015258789,99.50064086914062,76.54622650146484,84.36797332763672,158.76046752929688,78.80413818359375,45.724918365478516
2014-06-10,22.057466506958008,33.48253631591797,48.13581466674805,121.38999938964844,99.30487823486328,76.40377044677734,84.51351165771484,158.77671813964844,78.51416015625,45.38428497314453
2014-06-11,21.998287200927734,33.3682746887207,47.89513397216797,121.41000366210938,98.8197021484375,76.46202850341797,84.49529266357422,158.22474670410156,78.6556625366211,45.26262664794922
2014-06-12,22.311100006103516,33.20827865600586,47.908878326416016,122.63999938964844,98.21537780761719,76.70802307128906,83.7312240600586,157.10452270507812,79.35575866699219,45.14704132080078
2014-06-13,22.311100006103516,33.22351837158203,47.94325637817383,122.95999908447266,98.3856201171875,76.695068359375,83.976806640625,157.58346557617188,79.3133316040039,45.26262664794922
2014-06-16,22.378732681274414,33.07115173339844,47.95702362060547,122.41999816894531,98.8622817993164,76.6886215209961,84.04959106445312,157.71336364746094,79.51132202148438,45.03148651123047
2014-06-17,22.404096603393555,33.07876968383789,47.92262649536133,122.27999877929688,99.56021118164062,76.4296875,84.09505462646484,158.15171813964844,78.88194274902344,45.14704132080078
2014-06-18,22.49709701538086,33.44446563720703,48.335235595703125,122.66999816894531,100.2326431274414,76.86988830566406,84.56806182861328,159.31246948242188,79.49015045166016,45.46335220336914
2014-06-19,22.716909408569336,33.253997802734375,48.596534729003906,126.94000244140625,100.31773376464844,76.59800720214844,84.51351165771484,159.4910430908203,78.47173309326172,45.84048843383789
2014-06-20,22.75918197631836,33.18543243408203,48.51402282714844,126.5,100.64971923828125,76.74685668945312,84.6129150390625,159.8148651123047,79.06581115722656,45.99864959716797
2014-06-23,22.674636840820312,33.11686706542969,48.38336181640625,126.8499984741211,100.45394134521484,76.74036407470703,84.63115692138672,159.76589965820312,78.81829071044922,45.81007766723633
2014-06-24,22.708452224731445,33.10163116455078,48.08079528808594,126.9800033569336,99.38147735595703,77.06403350830078,84.54906463623047,158.8033905029297,79.61743927001953,45.84384536743164
2014-06-25,22.742271423339844,33.1715087890625,48.063899993896484,126.98999786376953,100.22411346435547,77.14175415039062,85.08724212646484,159.52120971679688,79.82247161865234,45.75175857543945
2014-06-26,22.649274826049805,33.209896087646484,48.09911346435547,126.7300033569336,100.05384826660156,77.28418731689453,85.13278198242188,159.40707397460938,80.20439147949219,45.70876693725586
2014-06-27,22.60700225830078,33.286685943603516,48.12729263305664,126.66000366210938,100.726318359375,77.27120208740234,85.50675964355469,159.71697998046875,80.08419036865234,46.05872344970703
2014-06-30,22.471731185913086,33.19453811645508,48.16958236694336,128.0399932861328,101.1263427734375,77.20000457763672,85.65264129638672,159.63540649414062,80.28217315673828,45.948219299316406
2014-07-01,22.404096603393555,33.509361267089844,48.59230041503906,127.69999694824219,102.1562271118164,76.90141296386719,86.59209442138672,160.7039031982422,79.61005401611328,46.193790435791016
2014-07-02,22.36182403564453,33.709014892578125,48.669803619384766,127.69999694824219,101.76237487792969,76.62875366210938,86.73804473876953,160.86705017089844,78.75920104980469,46.08327865600586
2014-07-03,22.319551467895508,33.90864944458008,48.768436431884766,127.16000366210938,102.37754821777344,76.55085754394531,87.28529357910156,161.65823364257812,78.47560119628906,45.81930160522461
2014-07-07,22.142009735107422,33.885616302490234,48.387977600097656,127.0199966430664,100.6259765625,76.68716430664062,87.02081298828125,161.0953826904297,79.04993438720703,45.9543571472168
2014-07-08,22.08283233642578,33.73203659057617,47.88071823120117,127.06999969482422,99.4041519165039,76.97278594970703,85.97189331054688,160.0595245361328,79.93624114990234,46.08941650390625
2014-07-09,21.930652618408203,33.924007415771484,48.035709381103516,127.83999633789062,99.53229522705078,77.09608459472656,86.6103744506836,160.77728271484375,80.0,46.1630973815918
2014-07-10,21.964468002319336,33.739707946777344,47.50730895996094,128.5399932861328,98.47281646728516,77.0376968383789,86.3366928100586,160.14112854003906,80.021240234375,46.371849060058594
2014-07-11,21.770017623901367,33.70132064819336,47.53548049926758,128.77999877929688,98.34465789794922,77.27784729003906,86.89310455322266,160.36129760742188,80.5317611694336,46.37799072265625
2014-07-14,21.854562759399414,33.962406158447266,47.887752532958984,125.72000122070312,98.84876251220703,77.11558532714844,87.41297912597656,161.16880798339844,80.18438720703125,46.605159759521484
2014-07-15,21.651657104492188,33.939361572265625,47.76799011230469,124.52999877929688,97.87469482421875,77.0312271118164,87.11197662353516,160.86705017089844,80.021240234375,46.63584518432617
2014-07-16,21.68547248840332,34.023826599121094,48.063899993896484,124.97000122070312,97.60985565185547,77.21297454833984,87.45858764648438,161.4624481201172,80.44673919677734,46.7831916809082
2014-07-17,21.7362003326416,33.386505126953125,47.45093536376953,127.08999633789062,96.10604858398438,77.50508880615234,86.30023956298828,159.62728881835938,81.46058654785156,46.543758392333984
2014-07-18,21.592477798461914,33.90864944458008,47.8243522644043,126.12999725341797,97.6012954711914,77.40121459960938,87.66835021972656,161.258544921875,81.19824981689453,47.00423812866211
2014-07-21,21.693927764892578,34.023826599121094,47.6482048034668,126.33999633789062,97.2082748413086,77.40121459960938,87.55890655517578,160.9567108154297,81.60242462158203,46.83230209350586
2014-07-22,21.60093116760254,34.338645935058594,47.85958480834961,125.73999786376953,98.02849578857422,77.45963287353516,88.11528778076172,161.65823364257812,81.77256774902344,46.97966766357422
2014-07-23,21.660114288330078,34.36935806274414,47.958213806152344,125.62000274658203,98.14811706542969,77.55054473876953,88.6807861328125,162.01707458496094,81.66620635986328,47.06562042236328
2014-07-24,21.634748458862305,34.52293395996094,48.07094955444336,124.3499984741211,97.95161437988281,77.24544525146484,88.58045196533203,162.0251922607422,81.05650329589844,47.00423812866211
2014-07-25,21.71929168701172,34.38471984863281,47.8736572265625,125.79000091552734,97.0630111694336,77.5440673828125,88.23383331298828,161.26669311523438,82.01365661621094,46.67881774902344
2014-07-28,21.677019119262695,34.62274932861328,47.88071823120117,125.58000183105469,96.57598114013672,77.45310974121094,88.26121520996094,161.3319549560547,81.90023040771484,47.00423812866211
2014-07-29,21.609384536743164,34.415435791015625,47.782073974609375,125.19999694824219,96.8408432006836,77.52456665039062,88.10615539550781,160.63864135742188,82.19801330566406,46.77706527709961
2014-07-30,21.516386032104492,34.24650192260742,47.71162796020508,124.83000183105469,97.22535705566406,77.16754150390625,88.4527359008789,160.66311645507812,81.05650329589844,46.67881774902344
2014-07-31,21.406478881835938,33.647579193115234,46.91547775268555,123.38999938964844,95.00387573242188,76.9533462524414,86.66508483886719,157.4902801513672,80.81539154052734,45.98505783081055
2014-08-01,21.23739242553711,33.83186340332031,46.591400146484375,124.37999725341797,94.56806945800781,77.34976959228516,86.34584045410156,157.00909423828125,81.44100952148438,45.87453842163086
2014-08-04,21.39802360534668,34.14667892456055,46.809810638427734,123.98999786376953,95.4053955078125,77.36930084228516,86.93869018554688,158.1427764892578,81.22770690917969,46.193790435791016
2014-08-05,21.296571731567383,33.62455368041992,46.21094512939453,123.87000274658203,95.16620635986328,77.44743347167969,86.27287292480469,156.609375,81.49075317382812,45.7210578918457
2014-08-06,21.43184471130371,33.39419174194336,46.09822082519531,125.66999816894531,95.46522521972656,77.31073760986328,86.20902252197266,156.6584014892578,81.54055786132812,45.702640533447266
2014-08-07,21.47411346435547,33.26364517211914,45.724815368652344,126.18000030517578,95.00387573242188,77.51250457763672,85.9354248046875,155.81011962890625,82.30117797851562,45.72720718383789
2014-08-08,21.372665405273438,33.5631103515625,45.99253845214844,126.19000244140625,95.92664337158203,77.49302673339844,86.5556411743164,157.6126708984375,82.12346649169922,45.99732971191406
2014-08-11,21.406478881835938,33.993106842041016,46.168670654296875,125.95999908447266,96.8408432006836,77.5255355834961,87.06639862060547,158.06942749023438,82.11638641357422,46.28588104248047
2014-08-12,21.271207809448242,34.03151321411133,46.133445739746094,125.98999786376953,96.17439270019531,77.48646545410156,87.0299072265625,157.84918212890625,81.58316040039062,46.21222686767578
2014-08-13,21.254301071166992,34.215789794921875,46.39411926269531,126.19999694824219,96.92630004882812,77.6427001953125,87.95108795166016,158.9176483154297,82.11638641357422,46.88142776489258
2014-08-14,21.000669479370117,34.26954650878906,46.64070510864258,126.30999755859375,97.07157135009766,77.72734832763672,88.40713500976562,159.66802978515625,82.77750396728516,46.850730895996094
2014-08-15,21.085214614868164,34.17740249633789,46.591400146484375,125.4800033569336,96.88359069824219,78.00074768066406,88.8358383178711,159.63540649414062,83.68035888671875,46.80162048339844
2014-08-18,20.907672882080078,34.50757598876953,46.894344329833984,124.95999908447266,98.29341888427734,77.82498168945312,89.5198745727539,160.97305297851562,82.84855651855469,47.26209259033203
2014-08-19,20.9499454498291,34.6688346862793,47.007080078125,124.68000030517578,98.63516998291016,77.77289581298828,90.02149200439453,161.8131866455078,82.59263610839844,47.36030960083008
2014-08-20,21.009126663208008,34.59971618652344,46.8591194152832,124.22000122070312,98.21650695800781,77.59712982177734,90.02149200439453,162.24542236328125,82.45757293701172,47.57518768310547
2014-08-21,21.059850692749023,34.453826904296875,47.0564079284668,122.87999725341797,98.43012237548828,77.86406707763672,90.20391082763672,162.71853637695312,82.9196548461914,47.50151824951172
2014-08-22,21.026033401489258,34.36168670654297,46.830936431884766,123.19000244140625,98.43865203857422,77.96171569824219,90.34073638916016,162.46563720703125,83.38175201416016,47.12086868286133
2014-08-25,21.059850692749023,34.61508560180664,47.133907318115234,122.73999786376953,98.9000473022461,78.08533477783203,90.65995025634766,163.28939819335938,83.69457244873047,47.01650619506836
2014-08-26,21.06830406188965,34.8223991394043,47.14094924926758,123.3499984741211,99.79715728759766,78.1374282836914,90.75114440917969,163.3954620361328,83.42442321777344,47.108619689941406
2014-08-27,21.102121353149414,34.9990119934082,47.2325325012207,123.31999969482422,99.54940795898438,78.2677001953125,90.76939392089844,163.33021545410156,84.13530731201172,47.13927459716797
2014-08-28,21.119029998779297,34.653472900390625,47.021175384521484,124.0,99.0367431640625,78.43693542480469,90.66910552978516,163.240478515625,84.57608032226562,47.13315200805664
2014-08-29,21.161300659179688,34.59971618652344,47.00002670288086,123.86000061035156,99.59213256835938,78.49552917480469,91.00653076171875,163.70542907714844,84.63291931152344,47.3848762512207
2014-09-02,20.856945037841797,34.545963287353516,47.09162139892578,121.6500015258789,100.13893127441406,78.12212371826172,91.27104187011719,163.6238555908203,83.17294311523438,47.39101028442383
2014-09-03,20.94148826599121,34.9990119934082,47.422752380371094,122.1500015258789,99.5066909790039,78.2265396118164,90.73289489746094,163.53411865234375,83.6361312866211,47.5138053894043
2014-09-04,20.856945037841797,34.9068603515625,47.19729995727539,121.4800033569336,99.1221923828125,77.67167663574219,90.65081787109375,163.29759216308594,82.61719512939453,47.335758209228516
2014-09-05,20.8231258392334,35.20632553100586,47.20435333251953,122.05999755859375,99.43831634521484,77.6846923828125,91.10686492919922,164.03167724609375,82.46044158935547,47.83919906616211
2014-09-08,20.721675872802734,34.79168701171875,46.704132080078125,120.7300033569336,99.59213256835938,77.55416870117188,91.2801742553711,163.60757446289062,82.49607849121094,47.790077209472656
2014-09-09,20.552587509155273,34.36168670654297,46.57025909423828,120.87000274658203,98.41302490234375,77.3452377319336,90.52313232421875,162.57167053222656,82.43192291259766,47.495384216308594
2014-09-10,20.40886116027832,34.215789794921875,46.837982177734375,120.26000213623047,98.99401092529297,77.22119903564453,91.27104187011719,163.1833953857422,81.91183471679688,46.74636459350586
2014-09-11,20.307411193847656,33.98543167114258,46.57729721069336,119.47000122070312,99.63484191894531,77.16246795654297,91.19807434082031,163.37100219726562,81.64102935791016,46.7831916809082
2014-09-12,20.14677619934082,33.62455368041992,46.51390075683594,118.37999725341797,98.5753402709961,76.79032135009766,90.73289489746094,162.41673278808594,80.78604888916016,45.346553802490234
2014-09-15,20.172142028808594,33.45560836791992,46.41526412963867,118.63999938964844,97.498779296875,76.8099365234375,89.8573226928711,162.29437255859375,80.90717315673828,45.125518798828125
2014-09-16,20.358139038085938,33.89329528808594,46.61252975463867,118.83000183105469,97.77216339111328,76.79684448242188,90.64173126220703,163.517822265625,80.5793685913086,45.567562103271484
2014-09-17,20.27359390258789,33.578468322753906,46.28139877319336,117.54000091552734,98.02849578857422,76.58795166015625,90.77854919433594,163.73800659179688,80.37274932861328,45.555294036865234
2014-09-18,20.079143524169922,33.62455368041992,46.64070510864258,117.77999877929688,98.62662506103516,76.72510528564453,91.46255493164062,164.61074829101562,80.6292953491211,45.15623474121094
2014-09-19,20.01996421813965,33.37114715576172,46.47866439819336,117.08999633789062,97.37914276123047,77.02540588378906,91.40591430664062,164.46238708496094,81.65532684326172,45.21147918701172
2014-09-22,19.850873947143555,32.86435317993164,46.27434539794922,116.8499984741211,96.0120620727539,77.09722137451172,90.55564880371094,163.19235229492188,81.75505828857422,44.85538864135742
2014-09-23,19.850873947143555,32.68007278442383,45.88685607910156,117.5999984741211,95.11492156982422,77.22119903564453,90.30877685546875,162.25808715820312,82.26095581054688,44.53000259399414
2014-09-24,19.935420989990234,33.148468017578125,46.11933898925781,117.05000305175781,95.97598266601562,77.03840637207031,91.2779312133789,163.52830505371094,81.80490112304688,44.411014556884766
2014-09-25,19.893146514892578,32.42668533325195,45.4429931640625,117.38999938964844,94.3566665649414,77.26689910888672,89.35801696777344,160.8896942138672,82.77396392822266,44.21272277832031
2014-09-26,19.859329223632812,32.572574615478516,45.633216857910156,117.05999755859375,95.20487976074219,77.09722137451172,90.30877685546875,162.16798400878906,82.65283966064453,44.80759811401367
2014-09-29,19.977691650390625,31.91222381591797,45.21049118041992,117.02999877929688,95.12775421142578,77.0645523071289,90.1899185180664,161.87303161621094,83.31546020507812,44.745628356933594
2014-09-30,19.631059646606445,31.91222381591797,45.175270080566406,116.20999908447266,93.6883773803711,77.17550659179688,90.31793975830078,161.44692993164062,82.8452377319336,44.52256393432617
2014-10-01,19.563426971435547,31.25952911376953,44.63981628417969,116.7699966430664,92.36038970947266,77.64360809326172,88.87345886230469,159.2589874267578,84.45166015625,44.559749603271484
2014-10-02,19.487335205078125,31.428451538085938,44.160728454589844,116.73999786376953,93.24285888671875,77.6370620727539,88.87345886230469,159.28359985351562,83.71592712402344,44.4853630065918
2014-10-03,19.301340103149414,31.697214126586914,44.160728454589844,114.61000061035156,93.9454116821289,77.85968780517578,89.75113677978516,161.0372314453125,84.07311248779297,44.76422119140625
2014-10-06,19.54651641845703,32.111854553222656,44.44253921508789,116.02999877929688,93.14002227783203,77.89894104003906,89.55912017822266,160.84872436523438,84.12310028076172,44.88193893432617
2014-10-07,19.470428466796875,31.8277530670166,43.68867874145508,116.36000061035156,91.60643005371094,78.18042755126953,88.28833770751953,158.3658447265625,85.2588119506836,44.528751373291016
2014-10-08,19.394338607788086,32.30382537841797,44.379146575927734,117.47000122070312,93.36283111572266,78.57976531982422,90.00707244873047,161.13552856445312,85.28024291992188,45.49541091918945
2014-10-09,19.16607093811035,31.79703712463379,43.188453674316406,117.63999938964844,90.84388732910156,78.25243377685547,88.55345916748047,157.93971252441406,84.90880584716797,45.49541091918945
2014-10-10,19.09843635559082,31.105955123901367,42.54027557373047,117.58999633789062,89.73863220214844,78.31792449951172,86.34101104736328,156.13690185546875,85.751708984375,45.53878402709961
2014-10-13,19.09843635559082,31.420785903930664,42.48391342163086,118.5199966430664,89.37881469726562,78.5208740234375,84.98793029785156,153.5720672607422,86.27314758300781,45.58216857910156
2014-10-14,18.81098747253418,31.605073928833008,42.589599609375,118.58999633789062,90.424072265625,78.69761657714844,84.99705505371094,153.80970764160156,86.83744812011719,46.31957244873047
2014-10-15,18.574262619018555,31.20578384399414,42.33596420288086,118.98999786376953,91.3322525024414,78.75653839111328,84.44850158691406,152.76901245117188,87.52318572998047,46.139869689941406
2014-10-16,18.7602596282959,30.92168426513672,41.94141387939453,119.22000122070312,92.36038970947266,78.57976531982422,83.91824340820312,152.6378631591797,86.96599578857422,46.2142333984375
2014-10-17,18.827896118164062,31.2672119140625,42.72345733642578,118.98999786376953,92.08621978759766,78.54704284667969,85.02447509765625,154.44061279296875,86.48026275634766,46.26999282836914
2014-10-20,18.692625045776367,31.359359741210938,42.991188049316406,119.80000305175781,93.1657485961914,78.69107818603516,86.29527282714844,155.94020080566406,86.79458618164062,46.97640609741211
2014-10-21,18.844804763793945,31.48988914489746,43.5054931640625,120.0199966430664,94.69937896728516,78.6452407836914,88.56259155273438,159.02957153320312,86.10176086425781,47.40397262573242
2014-10-22,18.633447647094727,31.282573699951172,43.188453674316406,119.33999633789062,93.34565734863281,78.51435089111328,88.1054916381836,157.89869689941406,86.19457244873047,47.416378021240234
2014-10-23,18.85325813293457,31.274885177612305,43.6041374206543,118.5199966430664,94.99925231933594,78.36375427246094,89.43115997314453,159.73426818847656,85.4303207397461,47.7819709777832
2014-10-24,18.734895706176758,31.4975643157959,43.84367752075195,118.3499984741211,95.16204071044922,78.39646911621094,90.16252136230469,160.96339416503906,85.5159683227539,47.744789123535156
2014-10-27,18.68416976928711,31.251855850219727,43.59708786010742,118.05999755859375,95.11064910888672,78.49467468261719,90.22653198242188,160.74220275878906,85.67316436767578,48.09800338745117
2014-10-28,18.836349487304688,31.88150405883789,44.259361267089844,118.0999984741211,97.81805419921875,78.23281860351562,91.5887680053711,162.58592224121094,85.13741302490234,48.308677673339844
2014-10-29,19.056163787841797,31.92757797241211,43.92117691040039,116.41000366210938,97.58668518066406,78.08877563476562,91.25047302246094,162.34007263183594,85.33030700683594,48.03601837158203
2014-10-30,18.895530700683594,32.22703552246094,44.23823547363281,115.19000244140625,98.4177474975586,78.14115905761719,91.44246673583984,163.3807830810547,85.40170288085938,48.33964920043945
2014-10-31,18.870166778564453,32.36525344848633,45.05549621582031,112.66000366210938,99.86575317382812,78.12808227539062,92.70410919189453,165.2490997314453,85.1802978515625,48.946937561035156
2014-11-03,18.701080322265625,32.09650421142578,44.667999267578125,112.1500015258789,99.69437408447266,77.97378540039062,92.97838592529297,165.33929443359375,85.1802978515625,49.3745002746582
2014-11-04,18.430538177490234,32.12721252441406,44.414363861083984,112.22000122070312,99.23173522949219,78.08537292480469,92.66754150390625,164.76564025878906,85.44518280029297,49.455055236816406
2014-11-05,18.48126792907715,31.843114852905273,44.4989128112793,109.79000091552734,99.41163635253906,77.94097900390625,92.67668914794922,165.8063201904297,85.32345581054688,49.34971237182617
2014-11-06,18.4981746673584,31.451494216918945,44.259361267089844,109.87999725341797,99.84004211425781,77.70458221435547,92.96928405761719,166.4700164794922,84.77210235595703,48.971710205078125
2014-11-07,18.582719802856445,31.651147842407227,44.2805061340332,112.97000122070312,99.99424743652344,78.19698333740234,92.8869400024414,166.62576293945312,85.7459716796875,48.90974426269531
2014-11-10,18.405176162719727,31.735607147216797,44.4777717590332,110.45999908447266,100.49118041992188,77.8031005859375,93.21609497070312,167.1502227783203,84.95830535888672,49.31251907348633
2014-11-11,18.4981746673584,31.704896926879883,44.74549865722656,112.04000091552734,100.5597152709961,77.7965316772461,93.5086669921875,167.31410217285156,85.01557922363281,49.120426177978516
2014-11-12,18.438995361328125,31.64345932006836,44.36504364013672,111.5,101.01380920410156,77.78994750976562,93.6732406616211,167.1338348388672,84.9439926147461,48.748626708984375
2014-11-13,18.100818634033203,31.55900001525879,44.5764045715332,111.66999816894531,100.15704345703125,77.70458221435547,94.0754623413086,167.32228088378906,85.14445495605469,49.01508712768555
2014-11-14,18.295270919799805,31.820070266723633,44.63981628417969,114.47000122070312,99.97712707519531,77.8031005859375,94.36804962158203,167.36329650878906,85.55970764160156,48.6123046875
2014-11-17,18.21917724609375,31.482221603393555,44.46367263793945,114.05000305175781,99.14603424072266,77.6192626953125,94.08464813232422,167.4697723388672,85.34493255615234,48.829193115234375
2014-11-18,18.12618064880371,31.651147842407227,44.9498176574707,115.05000305175781,99.72007751464844,77.68490600585938,94.7885971069336,168.436767578125,85.58126068115234,49.03987121582031
2014-11-19,18.033184051513672,31.635793685913086,44.815948486328125,113.68000030517578,98.65766906738281,77.27130126953125,94.35890197753906,168.16629028320312,85.03704833984375,48.599918365478516
2014-11-20,18.18536376953125,31.5820369720459,44.54822540283203,114.86000061035156,99.76293182373047,77.56673431396484,94.7794418334961,168.4613037109375,85.48101043701172,48.76102828979492
2014-11-21,18.379812240600586,32.58793258666992,44.93571853637695,115.38999938964844,99.88285064697266,77.9015884399414,94.96227264404297,169.36270141601562,85.99656677246094,49.064666748046875
2014-11-24,18.21917724609375,32.319183349609375,45.196407318115234,115.11000061035156,101.07381439208984,78.02631378173828,95.70282745361328,169.83798217773438,86.06815338134766,49.2381706237793
2014-11-25,18.1346378326416,32.111854553222656,45.27389907836914,115.37999725341797,101.15089416503906,78.36109924316406,95.8490982055664,169.715087890625,86.78416442871094,49.32492446899414
2014-11-26,18.092363357543945,32.51882553100586,45.450042724609375,115.16000366210938,101.48506164550781,78.63027954101562,96.47078704833984,170.14942932128906,87.02049255371094,49.80204772949219
2014-11-28,17.263835906982422,31.86614418029785,45.08369064331055,112.11000061035156,99.97712707519531,78.84040069580078,96.91879272460938,169.78884887695312,87.70790100097656,49.926002502441406
2014-12-01,17.618919372558594,31.32095718383789,45.04140853881836,116.58000183105469,98.4177474975586,78.56714630126953,95.82167053222656,168.6088409423828,87.19620513916016,49.80204772949219
2014-12-02,17.24692726135254,31.313282012939453,45.16822052001953,115.13999938964844,99.6001205444336,78.04048919677734,96.20568084716797,169.6986846923828,86.34933471679688,50.11188888549805
2014-12-03,17.14547348022461,31.39774513244629,45.111854553222656,116.33000183105469,100.5597152709961,78.1195068359375,96.37938690185547,170.35426330566406,86.6866226196289,50.06232452392578
2014-12-04,17.094749450683594,31.451494216918945,44.963905334472656,115.87999725341797,100.07994079589844,78.24458312988281,96.33365631103516,170.16574096679688,87.41146087646484,50.19243621826172
2014-12-05,17.05247688293457,31.390079498291016,45.062538146972656,114.43000030517578,100.83389282226562,77.92195892333984,96.34278869628906,170.4444122314453,86.9019546508789,49.938377380371094
2014-12-08,16.756574630737305,30.92935562133789,44.667999267578125,115.77999877929688,99.57444763183594,78.29067993164062,95.65709686279297,169.3053436279297,87.96407318115234,50.25440979003906
2014-12-09,16.87493324279785,30.637563705444336,44.42844772338867,118.19000244140625,101.24514770507812,78.3564682006836,95.95882415771484,169.1906280517578,88.41625213623047,50.48368835449219
2014-12-10,16.612850189208984,30.184534072875977,43.86481475830078,117.95999908447266,99.09461975097656,78.3301773071289,94.4503173828125,166.47830200195312,89.0621337890625,50.43411636352539
2014-12-11,16.460670471191406,29.931129455566406,43.808448791503906,117.69000244140625,99.48875427246094,78.25114440917969,94.8982925415039,167.32228088378906,89.42808532714844,50.52705764770508
2014-12-12,16.325397491455078,29.43971061706543,42.96300506591797,117.41000366210938,98.28068542480469,78.376220703125,93.86518859863281,164.6182098388672,90.64097595214844,50.08709716796875
2014-12-15,16.06331443786621,29.01738929748535,42.25141906738281,114.38999938964844,97.28683471679688,78.56058502197266,92.8961181640625,163.48731994628906,90.45442199707031,49.43647384643555
2014-12-16,15.970316886901855,28.971311569213867,42.554359436035156,114.94999694824219,97.14977264404297,78.53421020507812,91.40591430664062,162.17623901367188,91.5739517211914,49.36831283569336
2014-12-17,16.06331443786621,29.63727569580078,43.06304168701172,114.2699966430664,100.14848327636719,78.55401611328125,93.06981658935547,165.3556365966797,90.7486572265625,50.502288818359375
2014-12-18,16.012590408325195,30.04230499267578,43.831390380859375,115.1500015258789,101.63925170898438,78.63299560546875,95.3097152709961,169.4447021484375,89.13385772705078,50.8554801940918
2014-12-19,16.249311447143555,30.252613067626953,43.89542007446289,114.7699966430664,101.87056732177734,78.5934829711914,95.72909545898438,170.16561889648438,90.33234405517578,50.8306999206543
2014-12-22,15.953407287597656,30.673221588134766,44.108856201171875,112.55000305175781,102.5645523071289,78.84369659423828,95.96765899658203,170.94837951660156,90.45442199707031,51.680538177490234
2014-12-23,16.114038467407227,30.39281463623047,43.96656799316406,112.73999786376953,102.69308471679688,78.24458312988281,95.62810516357422,171.1791229248047,88.66021728515625,51.53605651855469
2014-12-24,15.90268325805664,30.46291160583496,44.165767669677734,112.7699966430664,102.98977661132812,78.4967269897461,95.71074676513672,171.1956329345703,89.14280700683594,51.32249069213867
2014-12-26,15.885773658752441,30.704378128051758,44.27960205078125,114.83000183105469,103.66056060791016,78.55616760253906,96.38976287841797,171.7476043701172,89.4736328125,51.50464630126953
2014-12-29,15.733593940734863,30.517438888549805,43.959449768066406,113.66999816894531,104.09916687011719,78.7080307006836,96.3714370727539,171.9783935546875,90.14249420166016,51.78730773925781
2014-12-30,15.716686248779297,30.579750061035156,43.55393981933594,115.19999694824219,103.48857116699219,78.77397918701172,95.72909545898438,171.05552673339844,90.38700103759766,51.74961471557617
2014-12-31,15.598322868347168,30.60312271118164,43.28358840942383,113.58000183105469,102.86939239501953,78.82682800292969,94.74717712402344,169.358154296875,90.55960083007812,50.87653732299805
2015-01-02,15.412325859069824,30.198095321655273,43.09861755371094,114.08000183105469,102.2760009765625,79.10407257080078,94.46271514892578,169.26754760742188,91.56645965576172,51.64283752441406
2015-01-05,15.192513465881348,29.6606502532959,42.08127212524414,115.80000305175781,100.9086685180664,79.42752838134766,93.07706451416016,166.2106170654297,93.00479888916016,51.92548370361328
2015-01-06,15.048788070678711,29.5360164642334,41.60459518432617,117.12000274658203,99.16292572021484,79.7509994506836,91.82907104492188,164.6450958251953,94.68049621582031,52.440528869628906
2015-01-07,14.955792427062988,30.174732208251953,42.06703186035156,116.43000030517578,100.38406372070312,79.85659790039062,93.01283264160156,166.6967315673828,94.49351501464844,53.244503021240234
2015-01-08,15.014970779418945,30.688796997070312,42.63618850708008,115.94000244140625,102.08679962158203,79.59913635253906,94.79306030273438,169.65475463867188,93.24212646484375,53.44549560546875
2015-01-09,14.989608764648438,30.587543487548828,42.429866790771484,117.26000213623047,101.10646057128906,79.81037139892578,94.16905975341797,168.2952423095703,94.26344299316406,53.47061538696289
2015-01-12,14.65988826751709,30.338293075561523,42.33026885986328,118.55999755859375,100.77105712890625,79.96222686767578,93.18719482421875,166.97691345214844,94.80277252197266,53.87887954711914
2015-01-13,14.600707054138184,30.60312271118164,42.543697357177734,118.16000366210938,100.84845733642578,80.03484344482422,93.15965270996094,166.50726318359375,94.80277252197266,53.79722595214844
2015-01-14,14.76133918762207,30.431764602661133,42.42275619506836,117.97000122070312,100.44424438476562,80.17349243164062,92.6457748413086,165.5020294189453,95.52197265625,54.26206970214844
2015-01-15,14.558433532714844,30.50185775756836,42.69309616088867,120.94000244140625,98.75015258789062,80.58938598632812,91.44364166259766,163.9858856201172,97.0250473022461,54.38766098022461
2015-01-16,14.83742904663086,30.75889778137207,43.24802017211914,122.5199966430664,100.35828399658203,80.14046478271484,92.51730346679688,166.13641357421875,95.78805541992188,54.858726501464844
2015-01-20,14.63452434539795,30.71217155456543,43.39741897583008,124.19999694824219,99.93688201904297,80.32533264160156,93.25142669677734,166.49081420898438,97.06102752685547,54.425350189208984
2015-01-21,14.727521896362305,31.389812469482422,43.73890686035156,124.2300033569336,99.61871337890625,80.29232788085938,93.72856140136719,167.33114624023438,95.93904113769531,54.38766098022461
2015-01-22,14.710613250732422,31.98957061767578,43.902530670166016,125.2300033569336,101.64823913574219,80.25274658203125,95.46295928955078,169.819580078125,95.59387969970703,55.35496520996094
2015-01-23,14.617616653442383,31.74810028076172,43.65353012084961,124.2300033569336,101.57942199707031,80.72136688232422,95.67401123046875,168.88853454589844,96.9243392944336,55.197906494140625
2015-01-26,14.566889762878418,31.763681411743164,44.25114059448242,122.98999786376953,102.5597915649414,80.70158386230469,95.5638656616211,169.28396606445312,96.62954711914062,55.66273498535156
2015-01-27,14.642977714538574,31.592321395874023,44.31515884399414,124.4000015258789,102.06961822509766,80.76101684570312,93.08625030517578,167.05105590820312,96.78053283691406,55.681575775146484
2015-01-28,14.431618690490723,31.249605178833008,43.65353012084961,123.41999816894531,100.34968566894531,81.30890655517578,92.60908508300781,164.90872192382812,98.36271667480469,55.31096649169922
2015-01-29,14.363985061645508,31.249605178833008,44.25114059448242,120.76000213623047,101.73423767089844,81.11746978759766,93.49919128417969,166.4330596923828,97.7154769897461,55.505680084228516
2015-01-30,14.710613250732422,30.39281463623047,43.55393981933594,123.44999694824219,99.4983139038086,81.78419494628906,92.77423095703125,164.3401641845703,99.44871520996094,54.36253356933594
2015-02-02,14.913519859313965,30.938051223754883,44.080406188964844,122.41999816894531,100.4098892211914,81.86034393310547,93.58177947998047,166.37539672851562,99.0732192993164,54.21806716918945
2015-02-03,15.327783584594727,31.52223014831543,44.78470993041992,121.05000305175781,102.20722198486328,81.19841003417969,94.48104095458984,168.78135681152344,96.97618865966797,54.68915557861328
2015-02-04,14.989608764648438,31.366451263427734,44.41476058959961,121.58000183105469,101.8288345336914,81.31092071533203,94.39850616455078,168.13868713378906,97.14195251464844,54.4630126953125
2015-02-05,15.192513465881348,31.55337905883789,45.0265998840332,121.79000091552734,103.14458465576172,81.05278015136719,95.2152099609375,169.8360137939453,96.07542419433594,55.11626434326172
2015-02-06,15.234785079956055,31.015939712524414,44.464569091796875,118.63999938964844,103.03278350830078,80.20552825927734,94.63706970214844,169.3664093017578,94.37468719482422,53.51458740234375
2015-02-09,15.386963844299316,30.969209671020508,44.25114059448242,119.16999816894531,102.21578979492188,80.25849914550781,94.33425903320312,168.6083526611328,94.22343444824219,53.13774490356445
2015-02-10,15.192513465881348,30.891319274902344,44.65665054321289,118.47000122070312,102.86939239501953,80.04003143310547,95.8024673461914,170.40463256835938,93.473876953125,53.30731201171875
2015-02-11,15.074153900146484,30.665433883666992,44.41476058959961,117.06999969482422,102.72319030761719,80.09300231933594,96.15118408203125,170.50344848632812,93.64682006835938,53.1502799987793
2015-02-12,15.302419662475586,31.31970977783203,45.1048583984375,117.33999633789062,103.89273071289062,80.2981948852539,97.27071380615234,172.14317321777344,93.33700561523438,53.7846794128418
2015-02-13,15.47150707244873,31.678001403808594,45.40365219116211,117.9800033569336,104.51193237304688,79.98043823242188,98.10578918457031,172.8517608642578,92.37853240966797,53.42665481567383
2015-02-17,15.479961395263672,31.607906341552734,45.510379791259766,116.01000213623047,104.83871459960938,79.60980224609375,98.19756317138672,173.12371826171875,90.9876708984375,53.29474639892578
2015-02-18,15.293967247009277,31.600114822387695,45.78071975708008,116.33999633789062,104.95048522949219,79.89441680908203,98.33519744873047,173.14016723632812,91.52819061279297,53.790958404541016
2015-02-19,15.243240356445312,31.46769905090332,45.8376350402832,115.94000244140625,104.95909118652344,79.88117218017578,98.82154083251953,173.0165557861328,90.92283630371094,52.635257720947266
2015-02-20,15.18405818939209,31.678001403808594,46.26449203491211,115.27999877929688,105.24291229248047,80.00032043457031,99.48225402832031,174.05482482910156,91.18949890136719,53.144004821777344
2015-02-23,15.08260440826416,31.358654022216797,46.100868225097656,115.43000030517578,105.34609985351562,80.27169799804688,99.58319854736328,174.0300750732422,92.23436737060547,53.57111740112305
2015-02-24,15.09106159210205,31.81041717529297,46.38542938232422,115.26000213623047,105.48369598388672,80.79463958740234,99.65660095214844,174.52444458007812,93.4450912475586,52.515907287597656
2015-02-25,15.319329261779785,31.74810028076172,46.420997619628906,115.69999694824219,105.60409545898438,80.86742401123047,99.4088363647461,174.37611389160156,93.84859466552734,52.528446197509766
2015-02-26,15.192513465881348,31.75588607788086,46.29295349121094,116.06999969482422,105.99107360839844,80.43054962158203,99.91355895996094,174.17013549804688,92.56587982177734,51.95690155029297
2015-02-27,15.361599922180176,31.732528686523438,46.31428146362305,116.16000366210938,105.41487884521484,80.62252044677734,99.47307586669922,173.57687377929688,93.34420776367188,52.36514663696289
2015-03-02,15.1417875289917,31.68579864501953,46.38542938232422,115.68000030517578,106.18023681640625,79.92366027832031,100.37232971191406,174.67274475097656,91.60549926757812,52.66663360595703
2015-03-03,15.234785079956055,31.444324493408203,46.100868225097656,115.47000122070312,105.5524673461914,79.87725067138672,99.90436553955078,173.9558868408203,91.27340698242188,52.56616973876953
2015-03-04,15.099515914916992,31.10161018371582,45.9158821105957,115.11000061035156,105.22569274902344,79.82411193847656,99.51893615722656,173.22251892089844,91.3022232055664,52.06367874145508
2015-03-05,15.040336608886719,31.054880142211914,46.02259826660156,115.0,105.53529357910156,79.9303207397461,99.69329071044922,173.41207885742188,91.18669891357422,52.21442413330078
2015-03-06,14.854338645935059,30.579750061035156,45.39655303955078,111.86000061035156,104.20233917236328,79.08075714111328,98.56463623046875,170.97311401367188,89.17222595214844,50.48082733154297
2015-03-09,14.812067031860352,30.46291160583496,45.46770095825195,111.97000122070312,104.65814208984375,79.39935302734375,98.8490982055664,171.68174743652344,89.9953842163086,50.88283920288086
2015-03-10,14.617616653442383,29.785276412963867,44.47878646850586,111.41999816894531,103.45415496826172,79.52545166015625,97.01375579833984,168.896728515625,91.1794662475586,50.845115661621094
2015-03-11,14.693705558776855,30.011140823364258,44.592620849609375,110.75,104.09051513671875,79.9303207397461,96.45404052734375,168.501220703125,91.84376525878906,50.889095306396484
2015-03-12,14.626070976257324,30.198095321655273,45.14753341674805,110.72000122070312,105.81909942626953,79.85062408447266,97.08720397949219,170.64353942871094,91.77881622314453,51.77476119995117
2015-03-13,14.330169677734375,29.83200454711914,44.88431930541992,110.87999725341797,105.44068145751953,79.62496948242188,96.6650619506836,169.5970916748047,91.49715423583984,51.74333190917969
2015-03-16,14.313258171081543,30.1903076171875,45.389434814453125,110.80999755859375,106.05988311767578,79.70459747314453,97.91307067871094,171.86305236816406,92.37806701660156,52.2772216796875
2015-03-17,14.21180534362793,30.54080581665039,45.275596618652344,110.20999908447266,106.34367370605469,79.83739471435547,98.06908416748047,171.3521728515625,93.1434555053711,52.258365631103516
2015-03-18,14.600707054138184,31.288551330566406,46.24314880371094,112.37000274658203,107.19502258300781,80.8197021484375,99.03260803222656,173.41207885742188,94.94135284423828,53.35128402709961
2015-03-19,14.355531692504883,30.75889778137207,45.70245361328125,112.29000091552734,107.40142059326172,80.40818786621094,99.1794204711914,172.62106323242188,94.4575424194336,53.326175689697266
2015-03-20,14.549979209899902,31.21845054626465,46.712703704833984,113.56999969482422,108.34736633300781,80.63381958007812,99.82139587402344,174.14480590820312,94.95573425292969,54.66401290893555
2015-03-23,14.719069480895996,31.31192398071289,46.94746780395508,114.29000091552734,108.25276947021484,80.8197021484375,99.62826538085938,173.80548095703125,94.84027862548828,54.59494400024414
2015-03-24,14.600707054138184,31.43654441833496,46.847862243652344,114.56999969482422,108.22695922851562,80.93911743164062,99.2695541381836,172.82879638671875,95.75721740722656,54.13014602661133
2015-03-25,14.642977714538574,30.938051223754883,46.627323150634766,114.7300033569336,105.64178466796875,80.67366027832031,96.99777221679688,170.29620361328125,94.9485855102539,53.19625473022461
2015-03-26,14.82052230834961,30.649858474731445,46.221805572509766,115.4800033569336,105.51239013671875,80.17587280273438,96.66667175292969,169.8906707763672,93.46830749511719,52.918216705322266
2015-03-27,14.524617195129395,30.735532760620117,46.34275436401367,115.05999755859375,106.18522644042969,80.49446105957031,97.05294799804688,170.2796630859375,94.63087463378906,52.98772430419922
2015-03-30,14.600707054138184,31.327499389648438,46.371212005615234,113.75,107.62577056884766,80.63381958007812,98.16584777832031,172.35704040527344,94.16150665283203,53.74595642089844
2015-03-31,14.431618690490723,31.257394790649414,45.65266418457031,113.66000366210938,107.2807388305664,80.77982330322266,97.12653350830078,170.8507537841797,94.36371612548828,53.27205276489258
2015-04-01,14.693705558776855,31.6468448638916,45.97991180419922,115.5999984741211,107.32383728027344,81.01209259033203,96.62064361572266,170.24655151367188,95.6031494140625,53.19625473022461
2015-04-02,14.617616653442383,32.12198257446289,46.37832260131836,115.27999877929688,107.52226257324219,80.87897491455078,96.68505096435547,170.85903930664062,94.59020233154297,53.60061264038086
2015-04-06,14.80361270904541,32.53479766845703,46.847862243652344,116.69000244140625,107.99665069580078,80.9854507446289,97.47603607177734,172.0094757080078,94.06198120117188,54.156681060791016
2015-04-07,14.879700660705566,32.37123107910156,46.78384780883789,116.11000061035156,107.30661010742188,81.27828979492188,97.31048583984375,171.5542449951172,94.85065460205078,53.20254898071289
2015-04-08,14.592252731323242,33.04887771606445,46.98303985595703,115.47000122070312,108.22957611083984,81.25165557861328,98.08307647705078,172.1335906982422,94.879638671875,53.284706115722656
2015-04-09,14.592252731323242,33.376014709472656,47.04705810546875,114.66999816894531,107.8414077758789,80.83903503417969,98.69930267333984,172.8950653076172,93.6495590209961,52.178958892822266
2015-04-10,14.744433403015137,33.39937973022461,47.13955307006836,115.97000122070312,108.35896301269531,80.95220947265625,99.10399627685547,173.83851623535156,93.78704071044922,52.141048431396484
2015-04-13,14.676797866821289,33.20466232299805,46.840755462646484,115.13999938964844,108.42796325683594,80.92558288574219,98.85568237304688,173.0522918701172,93.91726684570312,52.00203323364258
2015-04-14,14.744433403015137,33.3526496887207,47.189353942871094,114.44000244140625,108.40206909179688,81.11192321777344,98.57056427001953,173.38333129882812,94.58296203613281,52.18525695800781
2015-04-15,15.040336608886719,33.58632278442383,47.402774810791016,115.43000030517578,109.16117858886719,81.16517639160156,99.1867904663086,174.16134643554688,94.50335693359375,51.79352569580078
2015-04-16,15.200967788696289,33.85114669799805,47.53083801269531,115.02999877929688,109.10079193115234,81.11856842041016,99.04882049560547,174.1116943359375,94.03307342529297,51.926204681396484
2015-04-17,15.16715145111084,33.259178161621094,46.933250427246094,115.5999984741211,107.33247375488281,81.33818817138672,97.503662109375,172.1087188720703,95.11112976074219,51.68610382080078
2015-04-20,15.099515914916992,33.22802734375,46.98303985595703,114.72000122070312,108.38484954833984,81.14520263671875,98.96604919433594,173.6813201904297,94.27182006835938,51.76192092895508
2015-04-21,14.989608764648438,33.42274856567383,47.402774810791016,115.37999725341797,108.272705078125,81.12525939941406,99.38912200927734,173.47433471679688,93.84491729736328,51.85039520263672
2015-04-22,15.040336608886719,33.781044006347656,47.49527359008789,113.83000183105469,108.43659973144531,80.59950256347656,99.9317855834961,174.3268585205078,92.41226959228516,51.95780944824219
2015-04-23,15.226333618164062,34.03029251098633,47.673133850097656,114.66000366210938,108.92829132080078,80.80581665039062,100.30891418457031,174.76547241210938,92.81024932861328,52.09680938720703
2015-04-24,15.217877388000488,34.1549186706543,47.950592041015625,113.05000305175781,108.56596374511719,80.95886993408203,101.67015838623047,175.17098999023438,93.38908386230469,52.20423889160156
2015-04-27,15.217877388000488,34.28733825683594,48.185359954833984,115.33000183105469,107.36698913574219,80.89899444580078,101.41263580322266,174.4427490234375,93.38908386230469,52.13471603393555
2015-04-28,15.243240356445312,34.341854095458984,48.24228286743164,116.33000183105469,107.96217346191406,80.4198226928711,101.21022033691406,174.99722290039062,92.10111236572266,52.03363037109375
2015-04-29,15.344691276550293,33.91345977783203,47.822540283203125,115.51000213623047,106.78902435302734,79.7542953491211,100.57559204101562,174.2771759033203,90.97241973876953,50.984745025634766
2015-04-30,15.463052749633789,33.39937973022461,47.317405700683594,113.47000122070312,104.52906036376953,79.82081604003906,98.9936294555664,172.5308837890625,91.13159942626953,50.157012939453125
2015-05-01,15.446146965026855,33.60189437866211,47.8438835144043,113.08000183105469,105.21050262451172,79.38042449951172,100.2996826171875,174.40133666992188,89.90483093261719,50.53611373901367
2015-05-04,15.437690734863281,33.79661560058594,47.794063568115234,114.0999984741211,105.59002685546875,79.12677001953125,100.46526336669922,174.89791870117188,89.05650329589844,50.5866584777832
2015-05-05,15.564509391784668,33.430538177490234,47.082645416259766,114.41999816894531,104.24437713623047,78.99337005615234,98.82809448242188,172.8950653076172,88.93327331542969,49.48722839355469
2015-05-06,15.564509391784668,33.01771926879883,47.20357894897461,114.36000061035156,104.60671997070312,78.65296936035156,98.14745330810547,172.18325805664062,87.41072845458984,49.39244079589844
2015-05-07,15.319329261779785,32.97098922729492,47.04705810546875,113.41999816894531,105.0035171508789,78.96663665771484,98.73609924316406,172.87022399902344,88.585205078125,50.15069580078125
2015-05-08,15.403874397277832,33.3915901184082,48.135555267333984,113.97000122070312,105.7884292602539,79.42046356201172,99.96858215332031,175.14620971679688,88.82453155517578,50.852046966552734
2015-05-11,15.336238861083984,33.072242736816406,47.71581268310547,113.52999877929688,105.84878540039062,78.61961364746094,99.58230590820312,174.31033325195312,86.6639175415039,50.087486267089844
2015-05-12,15.496870040893555,32.96319580078125,47.6873664855957,114.5,105.65904998779297,78.50616455078125,99.13159942626953,173.7888641357422,86.888671875,50.2391471862793
2015-05-13,15.513779640197754,33.0255012512207,48.04307556152344,116.55000305175781,105.65904998779297,78.43276977539062,99.33394622802734,173.822021484375,86.192626953125,49.758941650390625
2015-05-14,15.606780052185059,33.3526496887207,48.61932373046875,117.18000030517578,106.7804183959961,78.69972229003906,100.78716278076172,175.6344757080078,86.42462158203125,50.719337463378906
2015-05-15,15.598322868347168,33.609676361083984,48.67625045776367,117.52999877929688,106.65965270996094,79.2469253540039,100.78716278076172,175.82492065429688,88.157470703125,51.237483978271484
2015-05-18,15.556052207946777,33.2669677734375,48.51261901855469,117.5199966430664,107.86729431152344,78.63967895507812,101.22864532470703,176.37107849121094,86.67837524414062,51.10478210449219
2015-05-19,15.226333618164062,33.32149124145508,48.3276481628418,115.88999938964844,107.72062683105469,78.21920776367188,101.1182861328125,176.31324768066406,85.90985107421875,50.92786407470703
2015-05-20,15.192513465881348,33.298126220703125,48.420135498046875,116.08000183105469,107.91905212402344,78.3126220703125,101.1826400756836,176.18905639648438,86.05490112304688,50.883644104003906
2015-05-21,15.378512382507324,33.18128967285156,48.67625045776367,115.69000244140625,107.79828643798828,78.68634796142578,101.7069320678711,176.70220947265625,87.25843048095703,50.6435432434082
2015-05-22,15.20942211151123,33.29033660888672,48.36322021484375,115.5999984741211,107.33247375488281,78.63291931152344,101.60575866699219,176.2800750732422,87.29469299316406,50.580345153808594
2015-05-26,14.913519859313965,32.76068115234375,47.49527359008789,113.91000366210938,106.30599975585938,78.97997283935547,100.43766021728516,174.3848114013672,88.78821563720703,50.19491195678711
2015-05-27,14.710613250732422,32.76847457885742,47.95771026611328,113.88999938964844,107.60851287841797,79.06005859375,102.05640411376953,176.04005432128906,88.99127960205078,50.68777084350586
2015-05-28,14.786701202392578,32.3400764465332,47.872337341308594,114.0199966430664,107.51361846923828,78.89324951171875,101.82650756835938,175.8414306640625,88.77377319335938,50.5866584777832
2015-05-29,14.972700119018555,32.02851867675781,47.4099006652832,114.0999984741211,106.8666763305664,78.92655181884766,101.21947479248047,174.7489776611328,88.96954345703125,50.00535202026367
2015-06-01,14.938881874084473,31.903886795043945,47.28184127807617,114.0,107.20307159423828,78.4842758178711,101.55976104736328,175.10484313964844,88.0132827758789,50.618263244628906
2015-06-02,15.116425514221191,32.02851867675781,47.50238800048828,114.45999908447266,107.41010284423828,78.08272552490234,101.2378158569336,174.93099975585938,86.78538513183594,50.15069580078125
2015-06-03,14.921972274780273,31.864948272705078,47.7656135559082,113.63999938964844,108.47975158691406,77.580810546875,101.54136657714844,175.3944854736328,85.39028930664062,49.430355072021484
2015-06-04,14.786701202392578,31.38201904296875,47.253379821777344,112.83999633789062,107.3928451538086,77.98235321044922,100.76875305175781,173.91299438476562,86.50199127197266,49.33559036254883
2015-06-05,14.854338645935059,31.2418212890625,46.691349029541016,112.23999786376953,108.16918182373047,77.58751678466797,100.52959442138672,173.61508178710938,85.44837951660156,48.78587341308594
2015-06-08,14.862793922424316,31.234031677246094,46.627323150634766,112.56999969482422,107.66890716552734,77.53401184082031,99.50869750976562,172.54747009277344,85.35393524169922,48.69739532470703
2015-06-09,15.099515914916992,31.04709815979004,46.371212005615234,112.81999969482422,107.34110260009766,77.18596649169922,99.3431396484375,172.52259826660156,84.67820739746094,48.343570709228516
2015-06-10,15.158696174621582,31.49885368347168,47.34588623046875,113.77999877929688,108.6780776977539,76.9784927368164,100.70440673828125,174.59169006347656,83.9371109008789,48.68476867675781
2015-06-11,15.023426055908203,31.343076705932617,47.473934173583984,113.26000213623047,108.95414733886719,77.6611099243164,100.85159301757812,175.15447998046875,85.70269775390625,48.98174285888672
2015-06-12,14.871247291564941,31.343076705932617,47.096866607666016,113.2300033569336,108.62637329101562,77.52728271484375,100.02375793457031,173.81375122070312,85.70269775390625,48.937503814697266
2015-06-15,14.80361270904541,30.992565155029297,46.81230163574219,113.7300033569336,108.28132629394531,77.5139389038086,99.52708435058594,173.06886291503906,85.84078979492188,48.67213439941406
2015-06-16,14.845884323120117,31.0003604888916,46.798065185546875,113.31999969482422,109.0490493774414,77.70800018310547,100.06975555419922,174.0123291015625,86.51652526855469,49.06388473510742
2015-06-17,14.888157844543457,31.18729591369629,46.691349029541016,113.8499984741211,108.8851547241211,77.7012939453125,100.34568786621094,174.2937469482422,85.84803771972656,49.48091506958008
2015-06-18,14.888157844543457,31.475494384765625,47.11109924316406,115.31999969482422,110.3429183959961,77.56073760986328,101.80810546875,176.1062774658203,85.4266357421875,50.16330337524414
2015-06-19,14.752886772155762,31.202880859375,46.99726486206055,115.12000274658203,110.29117584228516,77.97565460205078,101.3047866821289,175.3245391845703,86.52375793457031,49.777896881103516
2015-06-22,14.80361270904541,31.654634475708008,47.886558532714844,113.63999938964844,111.0502700805664,77.3599853515625,102.05146026611328,176.22271728515625,84.75818634033203,49.26607894897461
2015-06-23,14.98115348815918,31.96620750427246,48.014610290527344,112.88999938964844,111.28314971923828,77.18596649169922,102.13446807861328,176.34747314453125,84.24947357177734,48.85536193847656
2015-06-24,14.879700660705566,31.740314483642578,47.60198974609375,112.58999633789062,110.3429183959961,77.40011596679688,101.60896301269531,175.0667266845703,84.97614288330078,48.58998489379883
2015-06-25,14.89660930633545,31.631248474121094,47.58100509643555,112.44000244140625,110.28254699707031,77.27303314208984,101.40615844726562,174.534423828125,84.67820739746094,48.097129821777344
2015-06-26,14.964244842529297,31.333057403564453,47.55929946899414,112.55999755859375,109.98064422607422,76.91832733154297,100.73319244384766,174.50119018554688,83.72638702392578,48.44307327270508
2015-06-29,14.89660930633545,30.634675979614258,46.09794235229492,113.06999969482422,107.20307159423828,77.58751678466797,98.35474395751953,170.84181213378906,85.94251251220703,47.68992614746094
2015-06-30,15.217877388000488,31.089797973632812,45.93156051635742,112.37000274658203,107.70340728759766,77.44027709960938,98.705078125,171.19943237304688,85.34674835205078,47.6707878112793
2015-07-01,15.031882286071777,31.066259384155273,46.22816467285156,111.9800033569336,108.02255249023438,77.19197082519531,99.48867797851562,172.57167053222656,84.1946792602539,48.45582580566406
2015-07-02,15.00651741027832,31.21535301208496,46.28603744506836,111.76000213623047,107.22474670410156,77.48725128173828,99.51634979248047,172.4136199951172,84.47135925292969,48.57711410522461
2015-07-06,14.516164779663086,30.34433364868164,45.35279846191406,112.05999755859375,107.1900634765625,77.79598236083984,99.28583526611328,171.92294311523438,86.03702545166016,48.88344192504883
2015-07-07,14.431618690490723,29.889217376708984,45.36725997924805,110.76000213623047,107.31134796142578,78.11809539794922,99.53475952148438,173.00418090820312,86.84529113769531,49.649375915527344
2015-07-08,14.363985061645508,28.861249923706055,44.311031341552734,111.08999633789062,105.67416381835938,78.22549438476562,97.80165100097656,170.1016082763672,87.5953140258789,49.457862854003906
2015-07-09,14.533071517944336,29.418394088745117,45.04171371459961,111.36000061035156,106.05529022216797,77.70874786376953,97.74629211425781,170.40940856933594,85.86951446533203,49.22174835205078
2015-07-10,14.600707054138184,30.16385269165039,46.51755142211914,111.48999786376953,107.52793884277344,77.21212768554688,99.23974609375,172.55502319335938,84.50777435302734,49.630218505859375
2015-07-13,14.609162330627441,30.367881774902344,46.69117736816406,110.98999786376953,108.74065399169922,77.0443115234375,100.98210144042969,174.45960998535156,84.24564361572266,49.70041275024414
2015-07-14,14.558433532714844,30.42281150817871,47.08183670043945,110.73999786376953,109.34703826904297,77.11145782470703,101.64586639404297,175.21641540527344,84.52234649658203,49.80253219604492
2015-07-15,14.389347076416016,30.07753562927246,46.908203125,110.16000366210938,108.76666259765625,77.31279754638672,101.7564697265625,175.158203125,85.4180679321289,49.885520935058594
2015-07-16,14.3217134475708,30.454193115234375,47.313331604003906,109.76000213623047,109.41633605957031,77.43358612060547,103.19458770751953,176.563720703125,86.0079116821289,50.287593841552734
2015-07-17,14.245624542236328,30.414966583251953,47.23375701904297,108.6500015258789,108.93991088867188,77.48725128173828,104.71570587158203,176.71337890625,86.4521255493164,50.10888671875
2015-07-20,14.017354965209961,30.218780517578125,47.35673141479492,105.69999694824219,108.35087585449219,77.30606842041016,105.07522583007812,176.8048858642578,86.0879898071289,50.16633224487305
2015-07-21,14.07653522491455,30.226640701293945,47.219276428222656,105.37000274658203,107.83979797363281,77.4671630859375,105.01065826416016,176.10629272460938,86.55402374267578,50.02592468261719
2015-07-22,13.87363052368164,29.795055389404297,46.85755920410156,104.80000305175781,108.2382583618164,77.56781768798828,103.82149505615234,175.7902374267578,87.0928726196289,50.24293518066406
2015-07-23,13.755270004272461,29.504714965820312,46.734580993652344,104.33000183105469,107.0428237915039,77.79598236083984,103.43426513671875,174.80059814453125,88.17793273925781,49.61743927001953
2015-07-24,13.645362854003906,29.08096694946289,46.22093200683594,105.3499984741211,105.3189926147461,77.76241302490234,102.42023468017578,172.987548828125,88.39642333984375,49.82806396484375
2015-07-27,13.38327693939209,28.53168487548828,45.88090515136719,104.86000061035156,104.44408416748047,77.7691421508789,101.57213592529297,171.98121643066406,88.86974334716797,49.917423248291016
2015-07-28,13.493185043334961,28.82201385498047,46.45966339111328,105.0199966430664,105.33629608154297,77.70874786376953,102.44788360595703,174.09365844726562,88.2215805053711,49.94932556152344
2015-07-29,13.535457611083984,29.104515075683594,46.62605285644531,105.16999816894531,105.63082122802734,77.64163208007812,102.83507537841797,175.2912139892578,87.89393615722656,50.27484130859375
2015-07-30,13.484728813171387,28.814176559448242,46.58989334106445,104.2699966430664,105.93402099609375,77.68186950683594,103.32366943359375,175.33279418945312,88.5711441040039,50.02592468261719
2015-07-31,13.29873275756836,29.128053665161133,46.86480712890625,104.93000030517578,106.5143814086914,78.08460235595703,103.20381927490234,175.0667266845703,89.22653198242188,50.421634674072266
2015-08-03,13.078919410705566,28.64154624938965,46.74180603027344,104.0999984741211,105.9859848022461,78.26627349853516,102.88117218017578,174.47621154785156,90.16577911376953,50.73439025878906
2015-08-04,13.155010223388672,28.743547439575195,46.77798843383789,104.30999755859375,105.73474884033203,77.86922454833984,102.68756866455078,174.13528442382812,89.45061492919922,50.36419677734375
2015-08-05,13.104283332824707,28.751401901245117,47.02395248413086,103.93000030517578,105.97732543945312,77.56632995605469,103.48040008544922,174.7091064453125,88.7791748046875,50.03230667114258
2015-08-06,13.095829010009766,28.50029182434082,46.828617095947266,104.38999938964844,104.54802703857422,77.71438598632812,101.82099914550781,173.27862548828125,89.56731414794922,50.102508544921875
2015-08-07,13.045103073120117,28.48460578918457,46.74180603027344,104.6500015258789,103.84635925292969,77.983642578125,101.69192504882812,172.94595336914062,90.74232482910156,50.287593841552734
2015-08-10,13.324097633361816,28.96327018737793,47.313331604003906,105.72000122070312,105.04178619384766,77.67403411865234,102.85350799560547,175.12486267089844,89.61841583251953,50.1280517578125
2015-08-11,13.146553993225098,28.327655792236328,46.58989334106445,106.26000213623047,104.1408920288086,77.99712371826172,101.53522491455078,173.5447235107422,91.04154968261719,50.45993423461914
2015-08-12,13.104283332824707,27.888227462768555,46.257102966308594,107.75,103.9416275024414,77.87591552734375,101.88554382324219,173.75265502929688,90.54529571533203,50.619483947753906
2015-08-13,13.045103073120117,27.841140747070312,46.22816467285156,106.86000061035156,103.59513092041016,77.60669708251953,101.71959686279297,173.5364532470703,90.25334930419922,50.676937103271484
2015-08-14,12.96055793762207,27.880380630493164,46.300506591796875,106.8499984741211,104.26216125488281,77.68075561523438,101.87631225585938,174.16847229003906,90.46498107910156,50.95139694213867
2015-08-17,12.909832954406738,27.574350357055664,46.21369934082031,107.12999725341797,105.3622817993164,77.92977142333984,102.72445678710938,175.1415557861328,90.87366485595703,51.38540267944336
2015-08-18,12.842196464538574,27.276159286499023,45.86644744873047,107.11000061035156,104.52201080322266,77.63363647460938,102.19898986816406,174.63426208496094,90.15850830078125,51.52580261230469
2015-08-19,12.698473930358887,26.938737869262695,45.46131134033203,108.55000305175781,103.43920135498047,78.01051330566406,101.52600860595703,173.25364685058594,91.04883575439453,51.219425201416016
2015-08-20,12.732290267944336,26.515003204345703,44.36167526245117,110.44000244140625,100.82312774658203,78.05764770507812,98.71430969238281,169.63584899902344,91.96839904785156,50.84290313720703
2015-08-21,12.520931243896484,25.698915481567383,43.348846435546875,111.12999725341797,99.6449966430664,78.07785034179688,94.39991760253906,164.52944946289062,92.24571228027344,49.89826965332031
2015-08-24,12.20811939239502,24.57678985595703,41.851322174072266,110.52999877929688,95.75553131103516,77.86246490478516,90.76773834228516,157.60157775878906,92.21651458740234,47.56228256225586
2015-08-25,12.258845329284668,24.89067268371582,42.249210357666016,109.16000366210938,95.01921844482422,77.46536254882812,90.42664337158203,155.74703979492188,90.7350082397461,46.25387954711914
2015-08-26,12.182755470275879,25.714609146118164,43.24755859375,107.66999816894531,97.43607330322266,77.41826629638672,94.9806900024414,161.72674560546875,88.98355102539062,47.50482940673828
2015-08-27,12.622384071350098,26.852420806884766,43.77568054199219,107.7300033569336,99.1772232055664,77.49234008789062,97.38678741455078,165.72705078125,89.03459167480469,48.423927307128906
2015-08-28,12.952104568481445,26.507156372070312,43.710575103759766,108.69999694824219,100.15614318847656,77.63363647460938,97.36833953857422,165.7353515625,89.29737091064453,48.35372543334961
2015-08-31,13.264915466308594,26.554235458374023,43.38502502441406,108.81999969482422,99.79228973388672,77.4384765625,96.16068267822266,164.39633178710938,88.61135864257812,47.249534606933594
2015-09-01,12.825287818908691,25.526281356811523,41.93090057373047,109.19999694824219,96.93367767333984,77.90758514404297,93.15540313720703,159.48948669433594,89.24979400634766,46.34962463378906
2015-09-02,12.935194969177246,25.895090103149414,42.55305480957031,108.62000274658203,98.67478942871094,77.79283905029297,95.78273010253906,162.5167694091797,88.48184967041016,46.828304290771484
2015-09-03,13.019739151000977,25.99710464477539,42.65434265136719,107.83999633789062,98.51891326904297,78.16407775878906,95.31256103515625,162.63320922851562,88.91337585449219,46.955955505371094
2015-09-04,12.85910701751709,25.22024917602539,41.67770004272461,107.48999786376953,97.77392578125,78.33958435058594,94.1786880493164,160.1715087890625,89.72522735595703,46.081546783447266
2015-09-08,12.952104568481445,26.020641326904297,42.900306701660156,107.5199966430664,100.00885009765625,77.97510528564453,96.83367156982422,164.1967315673828,88.40145111083984,46.7772331237793
2015-09-09,12.7830171585083,25.887245178222656,42.7266960144043,106.12999725341797,98.85671997070312,78.14381408691406,95.74584197998047,162.0011444091797,88.82556915283203,46.24110794067383
2015-09-10,12.892923355102539,26.154037475585938,43.00883102416992,106.37999725341797,99.30718994140625,77.98858642578125,96.7875747680664,162.8827362060547,88.22590637207031,46.34324264526367
2015-09-11,12.876014709472656,26.256053924560547,43.0015983581543,106.16000366210938,99.77495574951172,78.04261016845703,97.32225036621094,163.6229248046875,88.78172302246094,47.23039245605469
2015-09-14,12.715380668640137,26.216815948486328,42.67604064941406,106.22000122070312,99.31584167480469,78.03584289550781,97.02725982666016,163.01580810546875,88.92070770263672,47.25593185424805
2015-09-15,12.757654190063477,26.467920303344727,42.965423583984375,105.9000015258789,100.43329620361328,77.44860076904297,98.17037963867188,165.0533905029297,87.21658325195312,47.721839904785156
2015-09-16,12.969012260437012,27.111371994018555,43.62376403808594,107.30999755859375,101.29957580566406,77.59033966064453,98.72352600097656,166.48382568359375,86.88749694824219,48.232460021972656
2015-09-17,12.884468078613281,27.048601150512695,43.645469665527344,108.41000366210938,101.64606475830078,78.23155212402344,98.76036834716797,166.109619140625,87.9479751586914,48.78134536743164
2015-09-18,12.690019607543945,26.546396255493164,42.55305480957031,109.20999908447266,100.24273681640625,78.46784973144531,97.35574340820312,163.39512634277344,89.301025390625,48.69839096069336
2015-09-21,12.83374309539795,26.499309539794922,42.53135681152344,108.52999877929688,100.06084442138672,78.0696029663086,97.66068267822266,164.23948669433594,87.84556579589844,49.113250732421875
2015-09-22,12.757654190063477,26.004947662353516,41.51853561401367,107.79000091552734,98.54487609863281,78.4070816040039,96.2005844116211,162.10765075683594,89.06697082519531,48.49413299560547
2015-09-23,12.656200408935547,25.589054107666016,41.323204040527344,108.22000122070312,98.25035095214844,78.35980987548828,96.27450561523438,161.8485107421875,89.0596923828125,48.79838180541992
2015-09-24,12.732290267944336,25.47920036315918,41.20745086669922,110.48999786376953,98.08576202392578,78.37334442138672,95.92333221435547,161.26333618164062,89.66667938232422,48.3406982421875
2015-09-25,12.808379173278809,25.424272537231445,41.569175720214844,109.80999755859375,96.79483795166016,78.1370620727539,95.1101303100586,161.22157287597656,88.8914566040039,48.534095764160156
2015-09-28,12.630837440490723,24.88282585144043,40.75168991088867,108.41999816894531,94.08438110351562,78.27210998535156,92.40243530273438,157.17532348632812,90.4126968383789,47.77989196777344
2015-09-29,12.715380668640137,25.000530242919922,40.693809509277344,107.9800033569336,93.41541290283203,78.37334442138672,91.92193603515625,157.26731872558594,90.6686782836914,48.28914260864258
2015-09-30,12.808379173278809,25.72245216369629,41.46788787841797,106.86000061035156,94.8662109375,78.35980987548828,94.03816986083984,160.20162963867188,90.35421752929688,48.69525146484375
2015-10-01,12.723835945129395,25.863697052001953,41.598114013671875,106.7300033569336,94.70116424560547,78.34223175048828,94.4632568359375,160.61961364746094,90.73967742919922,48.93376922607422
2015-10-02,12.808379173278809,26.554235458374023,42.307090759277344,108.98999786376953,96.1085205078125,78.68746948242188,96.11742401123047,163.01895141601562,91.28938293457031,49.288326263427734
2015-10-05,12.97746753692627,27.12706756591797,43.14628982543945,108.7699966430664,98.40194702148438,78.47761535644531,97.49434661865234,165.91981506347656,90.0508041381836,50.119873046875
2015-10-06,13.231098175048828,27.079984664916992,43.196929931640625,109.86000061035156,97.724365234375,78.63328552246094,97.03227996826172,165.35142517089844,90.43923950195312,50.00384521484375
2015-10-07,13.20573616027832,27.80190658569336,43.73950958251953,109.69999694824219,99.45315551757812,78.91082763671875,97.6144790649414,166.70571899414062,90.13870239257812,50.57756805419922
2015-10-08,13.264915466308594,28.100095748901367,44.08676528930664,109.13999938964844,100.34796905517578,78.59945678710938,98.00263977050781,168.2104949951172,89.38383483886719,51.00300598144531
2015-10-09,13.324097633361816,28.20210075378418,44.16633987426758,110.87000274658203,100.54776763916016,78.63328552246094,98.44615936279297,168.31076049804688,89.61834716796875,50.91923141479492
2015-10-12,13.112736701965332,27.990234375,44.07952880859375,111.30999755859375,100.40009307861328,78.95148468017578,98.68647766113281,168.46958923339844,90.2999267578125,51.28021240234375
2015-10-13,13.028193473815918,27.53511619567871,43.52248001098633,111.86000061035156,99.02748107910156,78.8905029296875,98.04881286621094,167.40786743164062,90.45389556884766,50.880550384521484
2015-10-14,13.062010765075684,27.746978759765625,43.609291076660156,113.80999755859375,98.05448913574219,79.20197296142578,97.89170837402344,166.6053009033203,91.24540710449219,50.50019836425781
2015-10-15,13.028193473815918,28.421825408935547,44.35445022583008,113.29000091552734,100.40009307861328,79.16810607910156,99.4996566772461,169.16348266601562,90.79835510253906,51.18997573852539
2015-10-16,13.03664779663086,28.44536590576172,44.318267822265625,112.48999786376953,100.269775390625,79.19515991210938,99.91555786132812,169.9326171875,90.8276596069336,51.57675552368164
2015-10-19,12.799924850463867,28.155017852783203,44.16633987426758,112.0199966430664,100.4609146118164,79.18841552734375,100.48847961425781,170.01614379882812,90.57845306396484,52.29872131347656
2015-10-20,12.825287818908691,28.147172927856445,43.98548889160156,112.7300033569336,100.32190704345703,79.03945922851562,99.97098541259766,169.7989044189453,90.021484375,52.279388427734375
2015-10-21,12.715380668640137,27.7391300201416,43.96377182006836,111.7300033569336,98.79293060302734,79.43212890625,99.3610610961914,168.74545288085938,90.91561889648438,52.086002349853516
2015-10-22,12.757654190063477,28.311969757080078,44.45572280883789,111.69000244140625,99.66165924072266,79.60131072998047,101.38484954833984,171.59619140625,91.0694580078125,52.543678283691406
2015-10-23,12.681563377380371,28.476747512817383,44.89701843261719,111.5,100.6433334350586,79.31026458740234,104.22195434570312,173.47723388671875,90.2926025390625,52.03444290161133
2015-10-26,12.647747039794922,28.217802047729492,44.73063659667969,111.43000030517578,99.95704650878906,79.4524154663086,104.28661346435547,173.0508270263672,90.89359283447266,52.02153015136719
2015-10-27,12.588566780090332,27.896072387695312,44.33997344970703,111.68000030517578,98.86241912841797,79.47272491455078,104.49915313720703,172.7164306640625,91.1208267211914,52.00220489501953
2015-10-28,12.799924850463867,27.574350357055664,44.62934875488281,110.77999877929688,101.74662780761719,79.16128540039062,105.3678207397461,174.68101501464844,90.75435638427734,52.04730224609375
2015-10-29,12.723835945129395,27.315401077270508,44.30378723144531,109.72000122070312,100.66070556640625,78.60625457763672,105.20148468017578,174.58071899414062,89.31058502197266,51.97640609741211
2015-10-30,12.850650787353516,27.362483978271484,44.209747314453125,109.30000305175781,100.20028686523438,78.8093032836914,104.73018646240234,173.82827758789062,89.98478698730469,51.49939727783203
2015-11-02,12.7830171585083,27.90392303466797,44.62934875488281,108.58999633789062,102.2852783203125,78.47054290771484,105.91304016113281,175.88491821289062,89.57128143310547,52.595245361328125
2015-11-03,13.011284828186035,28.272724151611328,44.61488342285156,106.9800033569336,102.815185546875,78.4773178100586,106.28268432617188,176.39488220214844,88.83682250976562,52.066650390625
2015-11-04,12.791471481323242,28.045169830322266,44.36890411376953,105.97000122070312,102.76304626464844,78.38910675048828,106.29193878173828,175.85980224609375,88.93963623046875,51.834598541259766
2015-11-05,12.690019607543945,28.092247009277344,44.28934097290039,105.63999938964844,102.84123992919922,78.40941619873047,106.0054702758789,175.6842041015625,88.70462799072266,52.040870666503906
2015-11-06,12.613929748535156,27.699899673461914,44.08676528930664,104.0999984741211,103.57097625732422,77.90032196044922,106.07940673828125,175.59226989746094,87.40457916259766,50.42286682128906
2015-11-09,12.504022598266602,27.009361267089844,43.63100051879883,104.4000015258789,102.35475158691406,77.77130126953125,104.95198059082031,173.9537353515625,86.91246032714844,49.559043884277344
2015-11-10,12.478658676147461,26.891660690307617,43.60205841064453,104.18000030517578,102.65879821777344,77.96820068359375,104.6839828491211,174.35499572753906,87.16950988769531,50.126338958740234
2015-11-11,12.351842880249023,26.94658660888672,43.82632064819336,103.83000183105469,101.76403045654297,77.96139526367188,104.55457305908203,173.66949462890625,86.98590087890625,50.18434143066406
2015-11-12,12.174302101135254,26.687633514404297,43.25481033325195,103.8499984741211,99.8180160522461,77.93427276611328,103.53807067871094,171.24508666992188,87.40457916259766,49.84268569946289
2015-11-13,12.081302642822266,26.31882667541504,42.8930778503418,103.55999755859375,99.09698486328125,78.16504669189453,101.50501251220703,169.32235717773438,87.9040298461914,49.275413513183594
2015-11-16,12.140483856201172,26.82887840270996,43.435665130615234,103.70999908447266,99.94833374023438,78.17864227294922,102.96513366699219,171.8971405029297,87.82323455810547,49.84268569946289
2015-11-17,11.954487800598145,26.75040626525879,43.55141067504883,102.33999633789062,99.56609344482422,78.26008605957031,103.02981567382812,171.77178955078125,87.97008514404297,49.84268569946289
2015-11-18,12.005213737487793,27.040752410888672,43.94931411743164,102.43000030517578,101.25146484375,78.28047180175781,105.00743865966797,174.4971160888672,88.15373229980469,50.28105926513672
2015-11-19,12.005213737487793,27.28400993347168,44.1735725402832,103.55999755859375,100.82574462890625,78.51129150390625,105.08132934570312,174.3466033935547,88.74125671386719,50.43574523925781
2015-11-20,11.98830509185791,27.558650970458984,44.072296142578125,103.08999633789062,101.47734832763672,78.49771118164062,105.79287719726562,174.98202514648438,88.46955108642578,51.0674934387207
2015-11-23,12.081302642822266,27.29970359802246,43.797393798828125,102.26000213623047,101.9811782836914,78.52486419677734,105.48797607421875,174.78140258789062,88.74125671386719,51.177059173583984
2015-11-24,12.275754928588867,27.440950393676758,43.804622650146484,102.94000244140625,102.72830963134766,78.55206298828125,105.39554595947266,175.01547241210938,88.73399353027344,50.90633010864258
2015-11-25,12.258845329284668,27.22907829284668,43.90590286254883,102.45999908447266,103.5275650024414,78.62669372558594,105.48797607421875,174.9904022216797,88.93963623046875,51.11260223388672
2015-11-27,12.072848320007324,26.632709503173828,43.91313171386719,101.25,103.9184799194336,78.65386962890625,105.63580322265625,175.1910400390625,88.85147094726562,51.55740737915039
2015-11-30,11.996760368347168,26.67194938659668,43.8769645690918,101.91999816894531,103.46673583984375,78.68779754638672,105.3678207397461,174.4636993408203,89.20407104492188,51.177059173583984
2015-12-01,12.13202953338623,26.875965118408203,44.33997344970703,102.27999877929688,104.15304565429688,79.27941131591797,106.42133331298828,176.12730407714844,90.40896606445312,51.88615798950195
2015-12-02,11.878398895263672,26.554235458374023,43.86972427368164,100.69000244140625,103.03237915039062,79.08880615234375,105.76520538330078,174.32994079589844,90.43843078613281,50.82897186279297
2015-12-03,12.013668060302734,26.405147552490234,43.65993118286133,101.76000213623047,101.29488372802734,78.04035949707031,103.97240447998047,171.8888397216797,87.98001098632812,50.02962875366211
2015-12-04,11.996760368347168,26.58562660217285,44.01442337036133,104.0199966430664,102.32001495361328,78.46244049072266,106.40286254882812,175.24114990234375,88.75283813476562,50.983673095703125
2015-12-07,11.650130271911621,26.14619255065918,43.732269287109375,102.66999816894531,100.78233337402344,78.59862518310547,105.92227172851562,174.1794891357422,89.61400604248047,50.84186553955078
2015-12-08,11.590950012207031,25.855859756469727,43.08841323852539,102.83999633789062,100.22633361816406,78.49649810791016,105.93155670166016,173.0090789794922,89.65821838378906,50.796730041503906
2015-12-09,11.599404335021973,25.64398193359375,42.8930778503418,102.63999938964844,99.10565948486328,78.4760513305664,104.32357788085938,171.66310119628906,89.56255340576172,50.51311492919922
2015-12-10,11.557132720947266,25.471349716186523,42.900306701660156,102.55000305175781,99.435791015625,78.2922592163086,104.79484558105469,172.106201171875,89.6802749633789,50.15211868286133
2015-12-11,11.438770294189453,24.757272720336914,42.08281326293945,103.11000061035156,97.22051239013672,78.42840576171875,102.38294219970703,168.7705841064453,91.093505859375,50.061866760253906
2015-12-14,11.36268138885498,25.157472610473633,42.147926330566406,101.79000091552734,96.5255355834961,77.84971618652344,103.1591567993164,169.6232452392578,89.91582489013672,50.293922424316406
2015-12-15,11.337318420410156,25.54197883605957,42.357730865478516,101.5199966430664,97.91551971435547,77.85652923583984,103.78758239746094,171.4039306640625,89.38587188720703,50.84186553955078
2015-12-16,11.286592483520508,26.0441837310791,43.211395263671875,102.75,99.40972900390625,77.84296417236328,105.33086395263672,173.9119415283203,89.19450378417969,51.834598541259766
2015-12-17,11.168231010437012,25.706758499145508,42.66157531738281,100.5,98.34986877441406,77.93141174316406,103.79680633544922,171.26181030273438,90.202880859375,51.57675552368164
2015-12-18,11.21895694732666,25.62044334411621,42.213035583496094,102.04000091552734,96.84695434570312,77.93141174316406,101.8057632446289,168.21078491210938,90.70339965820312,50.97724151611328
2015-12-21,11.168231010437012,25.82047462463379,42.408634185791016,103.1500015258789,97.57666778564453,77.98591613769531,102.93663787841797,169.598388671875,90.6812973022461,51.177059173583984
2015-12-22,11.117504119873047,26.02767562866211,42.729732513427734,102.61000061035156,98.47148895263672,77.8837661743164,103.61328887939453,171.13734436035156,90.02618408203125,51.38335037231445
2015-12-23,11.320409774780273,26.39426040649414,43.4449348449707,102.30999755859375,99.71378326416016,77.95182800292969,104.38262939453125,173.25662231445312,89.3490219116211,51.91149139404297
2015-12-24,11.320409774780273,26.29863166809082,43.3719596862793,103.05000305175781,99.90226745605469,78.20584869384766,104.36410522460938,172.97071838378906,89.8609848022461,51.91149139404297
2015-12-28,11.159775733947754,26.115337371826172,43.26979064941406,102.2699966430664,99.4398193359375,78.1102066040039,104.30848693847656,172.57542419433594,90.12645721435547,52.19908905029297
2015-12-29,11.345773696899414,26.139244079589844,43.70037078857422,102.19999694824219,100.51299285888672,77.7074203491211,105.9491958618164,174.41714477539062,88.6291732788086,52.754669189453125
2015-12-30,11.235865592956543,25.732810974121094,43.43764114379883,101.41999816894531,99.50090789794922,77.7074203491211,104.99442291259766,173.18089294433594,88.54068756103516,52.5716552734375
2015-12-31,11.29504680633545,25.65311622619629,42.85380935668945,101.45999908447266,98.26195526123047,77.83714294433594,103.68742370605469,171.44851684570312,88.93894958496094,52.11412048339844
2016-01-04,11.210502624511719,24.951818466186523,42.19698715209961,102.88999938964844,95.98468780517578,77.79619598388672,101.49983215332031,169.05177307128906,89.58064270019531,51.486629486083984
2016-01-05,11.10059642791748,25.007604598999023,42.13130187988281,103.18000030517578,96.19408416748047,77.83714294433594,101.32374572753906,169.33773803710938,89.21920776367188,52.48014831542969
2016-01-06,10.923053741455078,24.529451370239258,41.437992095947266,104.66999816894531,94.728271484375,78.14440155029297,100.35044860839844,167.20169067382812,90.42147827148438,52.33635330200195
2016-01-07,10.872326850891113,23.772371292114258,40.576839447021484,106.1500015258789,92.19800567626953,78.20584869384766,97.2081298828125,163.19020080566406,90.58377838134766,51.316673278808594
2016-01-08,10.821600914001465,23.517351150512695,40.08786392211914,105.68000030517578,90.61003112792969,78.2672119140625,96.41098022460938,161.39898681640625,90.98945617675781,50.63036346435547
2016-01-11,10.5256986618042,23.509380340576172,40.255714416503906,104.73999786376953,90.2174301147461,78.01466369628906,96.70759582519531,161.55868530273438,89.99369049072266,50.9179573059082
2016-01-12,10.458064079284668,23.55719566345215,40.445465087890625,104.20999908447266,90.48789978027344,78.19215393066406,97.82917022705078,162.8622283935547,91.29185485839844,50.57807159423828
2016-01-13,10.398882865905762,23.310148239135742,39.817840576171875,104.72000122070312,87.5824203491211,78.43111419677734,94.4551010131836,158.80032348632812,92.19173431396484,49.85255432128906
2016-01-14,10.424245834350586,23.612985610961914,40.328704833984375,103.0199966430664,88.79521179199219,78.04193878173828,96.46659088134766,161.40733337402344,91.32876586914062,49.73489761352539
2016-01-15,10.20443058013916,22.68057632446289,38.869102478027344,104.08000183105469,87.35557556152344,77.92591094970703,93.47256469726562,157.94253540039062,92.7522964477539,49.39501190185547
2016-01-19,10.119887351989746,23.01528549194336,39.22669982910156,103.9800033569336,86.17768859863281,77.5776596069336,93.67650604248047,158.15281677246094,92.46456909179688,49.65645217895508
2016-01-20,10.043798446655273,22.513216018676758,38.336341857910156,105.37000274658203,86.53539276123047,77.69377136230469,93.38915252685547,156.12608337402344,93.43827819824219,48.32304000854492
2016-01-21,10.179069519042969,22.60088348388672,38.62096405029297,105.48999786376953,86.3347396850586,77.46846771240234,93.48182678222656,157.0006866455078,92.80394744873047,48.59101486206055
2016-01-22,10.483427047729492,23.3739013671875,39.75946044921875,105.0,88.44620513916016,77.51627349853516,96.18850708007812,160.22158813476562,92.44987487792969,49.94406509399414
2016-01-25,10.255158424377441,22.97544288635254,39.22669982910156,106.08000183105469,86.48307800292969,77.43434143066406,94.76103973388672,157.79959106445312,92.95144653320312,49.630313873291016
2016-01-26,10.458064079284668,23.310148239135742,39.927310943603516,107.29000091552734,88.21064758300781,77.65281677246094,95.6137924194336,159.95248413085938,92.99571228027344,50.66958999633789
2016-01-27,10.584878921508789,23.230451583862305,39.671878814697266,107.69000244140625,86.99784088134766,77.4411849975586,93.2315673828125,158.21165466308594,92.97361755371094,49.68913650512695
2016-01-28,10.703239440917969,23.5970458984375,39.78864669799805,106.54000091552734,86.98040008544922,77.52992248535156,94.54779815673828,159.0358123779297,93.10636138916016,49.31002426147461
2016-01-29,10.804692268371582,24.362092971801758,40.4892578125,106.94999694824219,89.83348846435547,77.93275451660156,96.52218627929688,162.9127655029297,93.89556884765625,50.323143005371094
2016-02-01,10.601787567138672,24.1309871673584,40.445465087890625,108.05000305175781,89.42339324951172,77.68415832519531,96.78173828125,162.85385131835938,93.60811614990234,50.408145904541016
2016-02-02,10.415790557861328,23.349998474121094,39.5040283203125,108.08999633789062,87.49518585205078,77.82796478271484,94.68687438964844,159.9188232421875,95.34473419189453,49.95061492919922
2016-02-03,10.677876472473145,24.011445999145508,39.832435607910156,109.25,87.60858917236328,77.63626098632812,94.232666015625,160.87754821777344,94.55401611328125,50.283935546875
2016-02-04,10.660968780517578,24.194734573364258,39.883522033691406,110.56999969482422,87.9488754272461,77.67045593261719,94.22339630126953,161.1298828125,95.01220703125,50.310096740722656
2016-02-05,10.593334197998047,23.915817260742188,39.27049255371094,112.31999969482422,85.54075622558594,77.65677642822266,90.9512939453125,158.0602569580078,95.12303924560547,49.355796813964844
2016-02-08,10.542607307434082,23.589075088500977,38.540687561035156,113.83000183105469,84.13602447509766,78.06077575683594,89.56090545654297,155.93263244628906,97.17008209228516,47.943939208984375
2016-02-09,10.272067070007324,23.2623348236084,38.09550857543945,113.58000183105469,83.56890869140625,77.79374694824219,89.28280639648438,155.94102478027344,97.27349853515625,47.06153106689453
2016-02-10,10.28897476196289,23.35796546936035,38.05172348022461,114.45999908447266,83.61251831054688,77.88957977294922,89.62578582763672,155.8064727783203,98.1307601928711,47.38834762573242
2016-02-11,10.415790557861328,22.967466354370117,37.4970817565918,119.05999755859375,82.70511627197266,78.14979553222656,89.4959945678711,153.77975463867188,98.81800842285156,46.715110778808594
2016-02-12,10.567970275878906,23.365938186645508,38.153892517089844,118.36000061035156,84.2756118774414,77.71155548095703,90.85860443115234,156.9502410888672,97.17744445800781,47.25109100341797
2016-02-16,10.449607849121094,23.883934020996094,38.92748260498047,114.7699966430664,86.27367401123047,77.34176635742188,92.90715789794922,159.59927368164062,96.15025329589844,48.12042236328125
2016-02-17,10.669422149658203,24.3541259765625,39.598899841308594,115.4800033569336,87.62604522705078,77.32121276855469,95.01128387451172,162.206298828125,95.55905151367188,48.53220748901367
2016-02-18,10.610241889953613,24.210678100585938,39.394554138183594,118.29000091552734,87.2072525024414,77.95121765136719,93.92678833007812,161.54188537597656,96.73402404785156,49.02243423461914
2016-02-19,10.517244338989258,24.099105834960938,39.35075759887695,117.58000183105469,87.64349365234375,77.89644622802734,94.20484924316406,161.46621704101562,96.81536102294922,49.30350112915039
2016-02-22,10.677876472473145,24.696807861328125,39.79594039916992,115.48999786376953,88.6207275390625,78.0539321899414,95.73429870605469,163.80409240722656,96.76361083984375,49.77412414550781
2016-02-23,10.534152030944824,24.170835494995117,39.146427154541016,117.22000122070312,87.80928039550781,78.21141815185547,94.15850067138672,161.73532104492188,97.15528106689453,49.64338302612305
2016-02-24,10.669422149658203,24.11504554748535,39.00776290893555,117.61000061035156,88.6556167602539,78.2867431640625,95.0576400756836,162.4753875732422,96.96315002441406,49.58455276489258
2016-02-25,10.660968780517578,24.194734573364258,39.47482681274414,117.91999816894531,89.4670639038086,78.72499084472656,95.99382019042969,164.44325256347656,97.31044006347656,50.597679138183594
2016-02-26,10.644060134887695,23.955663681030273,39.37266540527344,117.11000061035156,90.03416442871094,78.69763946533203,95.87333679199219,164.06480407714844,96.3719482421875,50.33624267578125
2016-02-29,10.779329299926758,24.16286277770996,39.139129638671875,118.63999938964844,89.6328125,78.75238800048828,95.01128387451172,162.77810668945312,96.79314422607422,50.14015197753906
2016-03-01,10.7877836227417,25.023544311523438,40.16083526611328,117.7699966430664,91.56107330322266,78.32316589355469,98.0609359741211,166.6045684814453,95.0887680053711,51.5519905090332
2016-03-02,10.846963882446289,25.358253479003906,40.43817138671875,118.68000030517578,92.50338745117188,78.48111724853516,98.0979995727539,167.35302734375,95.48119354248047,51.9245491027832
2016-03-03,10.906144142150879,25.64514923095703,40.83226776123047,120.7300033569336,93.47187042236328,78.85198211669922,97.91260528564453,168.0089569091797,95.82917022705078,52.19908905029297
2016-03-04,11.117504119873047,26.155187606811523,41.13148498535156,120.54000091552734,93.98664855957031,78.83818817138672,97.9496841430664,168.55555725097656,95.21463775634766,52.20560836791992
2016-03-07,11.320409774780273,26.115337371826172,41.080387115478516,121.13999938964844,95.00749206542969,78.92749786376953,97.34718322753906,168.69017028808594,95.18500518798828,52.342891693115234
2016-03-08,11.168231010437012,25.669055938720703,40.67900466918945,120.58000183105469,92.71278381347656,79.346435546875,96.54074096679688,166.848388671875,96.23636627197266,51.80692672729492
2016-03-09,11.337318420410156,25.828439712524414,40.83226776123047,119.58000183105469,93.18392181396484,79.25714111328125,97.16179656982422,167.67259216308594,95.65151977539062,52.09450912475586
2016-03-10,11.320409774780273,25.868288040161133,40.76658630371094,121.5,92.42485046386719,79.58673858642578,97.01348114013672,167.80709838867188,95.25906372070312,51.904964447021484
2016-03-11,11.36268138885498,26.410200119018555,41.83209228515625,119.41000366210938,94.40543365478516,79.81338500976562,98.70977783203125,170.5150604248047,94.2965316772461,53.06842041015625
2016-03-14,11.261228561401367,26.250816345214844,41.74451446533203,117.87000274658203,94.1611328125,80.04688262939453,98.8766098022461,170.29640197753906,94.59273529052734,53.07496643066406
2016-03-15,11.168231010437012,25.876262664794922,41.350425720214844,117.95999908447266,92.6953125,80.0194320678711,98.83953094482422,170.01885986328125,94.68156433105469,53.10110092163086
2016-03-16,11.36268138885498,26.39426040649414,41.71531677246094,120.58999633789062,93.3497085571289,80.40399169921875,99.72014617919922,171.00283813476562,94.96290588378906,53.741676330566406
2016-03-17,11.489497184753418,26.976015090942383,42.03643035888672,120.12999725341797,94.78063201904297,80.65121459960938,99.66451263427734,172.08767700195312,95.35530853271484,54.4998664855957
2016-03-18,11.48104190826416,27.119461059570312,41.96344757080078,119.80000305175781,95.63569641113281,80.83668518066406,99.82073974609375,172.76394653320312,95.55524444580078,54.26455307006836
2016-03-21,11.514860153198242,27.175247192382812,41.897762298583984,118.95999908447266,95.40882110595703,80.74047088623047,100.21117401123047,173.00906372070312,94.822265625,53.77479553222656
2016-03-22,11.599404335021973,27.111499786376953,41.82478713989258,119.30999755859375,95.2953872680664,80.58944702148438,100.51799011230469,172.9160614013672,94.80000305175781,53.77479553222656
2016-03-23,11.354226112365723,26.64927864074707,41.40150833129883,116.61000061035156,93.53377532958984,80.99456787109375,99.69056701660156,171.7749481201172,95.87360382080078,53.483985900878906
2016-03-24,11.286592483520508,26.58552360534668,41.12417221069336,116.33000183105469,93.81378173828125,80.96028900146484,99.71845245361328,171.69883728027344,95.91061401367188,53.5037956237793
2016-03-28,11.320409774780273,26.673189163208008,41.372318267822266,116.5999984741211,93.92756652832031,81.00830841064453,99.57898712158203,171.80027770996094,96.03651428222656,53.986305236816406
2016-03-29,11.29504680633545,27.039777755737305,41.81748580932617,118.76000213623047,96.53546905517578,81.372314453125,101.17808532714844,173.38938903808594,97.04338836669922,55.15616989135742
2016-03-30,11.252774238586426,27.31869888305664,42.13130187988281,117.0999984741211,96.54423522949219,81.27613830566406,101.67076873779297,174.1501922607422,96.02169036865234,55.05044937133789
2016-03-31,11.235865592956543,27.29479217529297,41.71531677246094,117.63999938964844,96.81549835205078,81.59896087646484,101.52205657958984,173.72756958007812,96.70281219482422,55.38752365112305
2016-04-01,11.04141616821289,27.215099334716797,41.27013397216797,116.93000030517578,97.24433898925781,81.86198425292969,102.6004867553711,174.91099548339844,96.95509338378906,55.314823150634766
2016-04-04,10.889237403869629,26.888357162475586,41.18255615234375,116.1500015258789,96.43043518066406,81.8688735961914,102.21002197265625,174.34463500976562,97.0144271850586,55.23549270629883
2016-04-05,10.863872528076172,26.362382888793945,40.37248992919922,117.66000366210938,95.3365249633789,82.13053894042969,101.22454833984375,172.6033172607422,98.07542419433594,54.87196731567383
2016-04-06,10.982234001159668,26.681156158447266,41.0293083190918,116.94000244140625,96.41294860839844,82.06172943115234,102.88866424560547,174.4883575439453,97.36311340332031,55.00416946411133
2016-04-07,10.948417663574219,26.147216796875,40.430877685546875,118.61000061035156,95.10900115966797,82.28208923339844,101.41047668457031,172.4004364013672,98.56507110595703,54.66046142578125
2016-04-08,11.210502624511719,26.601465225219727,41.20445251464844,118.43000030517578,95.48529815673828,82.09615325927734,101.33609771728516,172.8654022216797,97.94184875488281,54.96451187133789
2016-04-11,11.29504680633545,26.94414520263672,41.22636032104492,120.02999877929688,95.18775939941406,82.08924102783203,100.96424865722656,172.45957946777344,97.81572723388672,54.85214614868164
2016-04-12,11.54022216796875,27.358545303344727,41.839393615722656,120.05000305175781,96.211669921875,81.76556396484375,101.81024932861328,174.06565856933594,97.14054870605469,55.24870300292969
2016-04-13,11.599404335021973,27.844667434692383,42.503501892089844,118.7699966430664,98.28571319580078,82.04792022705078,103.11181640625,175.8239288330078,97.48188018798828,55.00416946411133
2016-04-14,11.5064058303833,27.70919418334961,42.64216995239258,117.11000061035156,98.1632080078125,81.99284362792969,103.12112426757812,175.83236694335938,97.0144271850586,54.700138092041016
2016-04-15,11.464134216308594,27.549808502197266,42.54728698730469,117.91999816894531,98.4082260131836,82.33716583251953,102.86077880859375,175.63792419433594,97.84537506103516,55.10991287231445
2016-04-18,11.514860153198242,27.677322387695312,42.91218185424805,117.73999786376953,99.15209197998047,82.4267578125,103.40929412841797,176.87210083007812,97.42251586914062,55.374298095703125
2016-04-19,11.760037422180176,28.099689483642578,43.65658187866211,119.58000183105469,99.23084259033203,82.57821655273438,102.77713775634766,177.43003845214844,97.1183090209961,55.40073776245117
2016-04-20,11.98830509185791,27.97217559814453,43.693077087402344,118.97000122070312,99.37962341308594,82.35092163085938,102.86077880859375,177.59906005859375,96.0499496459961,54.46219253540039
2016-04-21,11.937578201293945,27.693254470825195,43.43035125732422,119.41999816894531,98.88079071044922,82.31652069091797,102.87008666992188,176.64381408691406,95.47868347167969,53.490596771240234
2016-04-22,11.886853218078613,27.525901794433594,43.452239990234375,117.88999938964844,99.86093139648438,82.40603637695312,101.31752014160156,176.64381408691406,95.23384094238281,54.07222366333008
2016-04-25,11.878398895263672,27.3505802154541,43.233299255371094,118.2300033569336,99.15209197998047,82.2132339477539,101.31752014160156,176.339599609375,94.84062194824219,54.521671295166016
2016-04-26,12.030576705932617,27.64544105529785,43.38655471801758,118.69999694824219,100.12350463867188,82.17877960205078,100.82476806640625,176.60157775878906,94.4102783203125,54.733184814453125
2016-04-27,12.140483856201172,27.812789916992188,43.41574478149414,119.04000091552734,100.47354125976562,82.70216369628906,100.0159683227539,176.96510314941406,95.35253143310547,54.700138092041016
2016-04-28,12.20811939239502,27.525901794433594,42.824615478515625,121.29000091552734,99.32711029052734,82.77794647216797,98.80734252929688,175.3589630126953,95.74577331542969,54.58776092529297
2016-04-29,12.326480865478516,27.40635871887207,42.64216995239258,123.6500015258789,98.43447875976562,82.8674545288086,98.2867202758789,174.41224670410156,95.99060821533203,54.0854377746582
2016-05-02,12.157393455505371,27.334632873535156,43.04355239868164,123.23999786376953,99.30963134765625,82.76040649414062,99.21641540527344,175.79856872558594,95.02408599853516,54.92485427856445
2016-05-03,11.971396446228027,26.561614990234375,42.33564758300781,122.95999908447266,97.68185424804688,82.90542602539062,98.29600524902344,174.2686004638672,96.22105407714844,55.010772705078125
2016-05-04,11.979850769042969,26.131275177001953,41.846675872802734,122.20999908447266,96.87676239013672,82.76734161376953,97.66384887695312,173.29637145996094,96.74886322021484,55.79728698730469
2016-05-05,11.861489295959473,26.123302459716797,41.75910949707031,122.06999969482422,96.49171447753906,82.93306732177734,97.63597106933594,173.2626495361328,97.39566040039062,55.95596694946289
2016-05-06,11.937578201293945,26.16315460205078,41.87587356567383,123.18000030517578,97.06053924560547,82.75353240966797,98.15657043457031,173.8966064453125,96.97931671142578,56.570621490478516
2016-05-09,11.675493240356445,25.828439712524414,41.788299560546875,120.6500015258789,97.34058380126953,82.67066192626953,98.43547821044922,174.040283203125,97.28412628173828,57.19192123413086
2016-05-10,11.96294116973877,26.322538375854492,42.38673782348633,120.9800033569336,98.32072448730469,82.80876159667969,99.78353118896484,176.20433044433594,97.2916030883789,57.185306549072266
2016-05-11,12.241936683654785,26.258787155151367,42.02183151245117,122.12000274658203,97.1042709350586,82.89849853515625,98.8817367553711,174.55596923828125,97.84169006347656,55.96255111694336
2016-05-12,12.258845329284668,26.18705940246582,42.007240295410156,121.16000366210938,96.58797454833984,82.72590637207031,98.44478607177734,174.6066436767578,97.39566040039062,56.28641891479492
2016-05-13,12.241936683654785,25.71687126159668,41.576656341552734,121.70999908447266,95.94915008544922,82.87776184082031,98.08220672607422,173.08514404296875,98.33979034423828,55.78409194946289
2016-05-16,12.377206802368164,26.02767562866211,42.07292175292969,121.80000305175781,97.1655502319336,82.60157775878906,99.30939483642578,174.79263305664062,97.49226379394531,56.312835693359375
2016-05-17,12.470203399658203,25.908132553100586,41.76639938354492,122.22000122070312,95.62533569335938,82.57392120361328,98.06360626220703,173.16114807128906,97.65586853027344,55.268550872802734
2016-05-18,12.377206802368164,25.65311622619629,41.781002044677734,120.0999984741211,96.12416076660156,81.8696517944336,98.4168930053711,173.2119598388672,96.26566314697266,54.40269470214844
2016-05-19,12.343389511108398,25.41404151916504,41.48177719116211,119.87000274658203,95.3540267944336,82.0630111694336,97.90557098388672,172.6117401123047,96.68199157714844,53.79462814331055
2016-05-20,12.39411449432373,25.669055938720703,41.82478713989258,119.70999908447266,96.95552062988281,82.11824798583984,98.98397827148438,173.70223999023438,96.75629425048828,54.2242431640625
2016-05-23,12.326480865478516,25.621240615844727,41.68613052368164,119.37000274658203,96.84176635742188,82.11824798583984,98.85383605957031,173.46546936035156,96.9719009399414,54.23086929321289
2016-05-24,12.326480865478516,25.88422203063965,42.2918586730957,117.30000305175781,98.8370590209961,81.98008728027344,100.83405303955078,175.7140350341797,96.54071807861328,54.9050407409668
2016-05-25,12.470203399658203,26.195030212402344,42.737037658691406,116.9800033569336,99.41462707519531,82.12511444091797,101.55921936035156,176.90594482421875,96.17645263671875,54.9050407409668
2016-05-26,12.461750984191895,26.3703556060791,42.85380935668945,116.58000183105469,99.30088806152344,82.35993194580078,101.8567123413086,176.95660400390625,96.67453002929688,55.010772705078125
2016-05-27,12.512476921081543,26.362382888793945,42.81001281738281,115.62000274658203,100.28974151611328,82.29778289794922,102.38663482666016,177.7174072265625,96.53327941894531,55.30820083618164
2016-05-31,12.436387062072754,26.39426040649414,42.60567855834961,116.05999755859375,100.63980865478516,82.44279479980469,102.58187103271484,177.3792724609375,96.76376342773438,55.30158233642578
2016-06-01,12.563200950622559,26.378324508666992,42.56918716430664,115.94000244140625,101.32239532470703,82.50092315673828,102.59119415283203,177.7427215576172,97.15632629394531,55.34785842895508
2016-06-02,12.588566780090332,26.593494415283203,42.56918716430664,115.66999816894531,102.10128784179688,82.66716003417969,102.80500793457031,178.28379821777344,97.85658264160156,55.63206481933594
2016-06-03,12.673110008239746,26.999927520751953,42.84650421142578,118.87999725341797,101.48868560791016,83.33187866210938,102.32157135009766,177.75120544433594,99.24964904785156,55.85679244995117
2016-06-06,12.825287818908691,27.286819458007812,43.087345123291016,118.91999816894531,102.58258056640625,83.13107299804688,102.69345092773438,178.65570068359375,98.51209259033203,55.42716979980469
2016-06-07,12.952104568481445,27.533864974975586,43.40114974975586,118.81999969482422,102.88014221191406,83.25572967529297,102.4331283569336,178.9346466064453,98.75050354003906,55.76426696777344
2016-06-08,13.171916961669922,27.733102798461914,43.488731384277344,120.58000183105469,103.64152526855469,83.53273010253906,102.60978698730469,179.51785278320312,99.2793960571289,56.12115478515625
2016-06-09,13.146553993225098,27.414335250854492,42.95597839355469,121.25,102.97640228271484,83.65045928955078,102.44245147705078,179.27281188964844,99.92012786865234,56.246742248535156
2016-06-10,12.985921859741211,26.72100257873535,41.70802688598633,121.73999786376953,101.57621002197266,83.74739074707031,101.28031921386719,177.57371520996094,100.404296875,55.98234558105469
2016-06-13,12.985921859741211,26.34644889831543,41.102294921875,122.63999938964844,100.47354125976562,83.62271118164062,100.43431854248047,176.20433044433594,100.85125732421875,55.995582580566406
2016-06-14,12.90137767791748,26.258787155151367,40.445465087890625,122.7699966430664,100.18476104736328,83.43582153320312,100.43431854248047,175.85772705078125,100.77680206298828,55.85017395019531
2016-06-15,12.83374309539795,26.537702560424805,40.71549987792969,123.68000030517578,100.25475311279297,83.74739074707031,100.1460952758789,175.61256408691406,101.16412353515625,56.37894058227539
2016-06-16,12.613929748535156,26.442073822021484,40.803070068359375,122.37999725341797,100.24602508544922,83.8720474243164,100.443603515625,176.1366424560547,101.65581512451172,56.696189880371094
2016-06-17,12.909832954406738,26.51380157470703,41.20445251464844,123.94999694824219,99.81719970703125,83.62271118164062,99.2662582397461,175.48072814941406,101.02252960205078,56.6036491394043
2016-06-20,13.028193473815918,26.983997344970703,42.22617721557617,123.20999908447266,100.9023666381836,83.51887512207031,99.89082336425781,176.61080932617188,99.94244384765625,56.682987213134766
2016-06-21,12.926741600036621,27.19118881225586,42.56918716430664,120.83999633789062,100.70983123779297,83.4427261352539,100.20777893066406,177.11219787597656,99.48057556152344,56.899051666259766
2016-06-22,12.850650787353516,27.26026153564453,42.543128967285156,120.9000015258789,100.31600189208984,83.59505462646484,99.96537780761719,176.82327270507812,99.64443969726562,56.81236267089844
2016-06-23,12.952104568481445,27.918874740600586,43.719905853271484,120.11000061035156,102.23257446289062,83.51197052001953,101.3916015625,179.1259765625,98.50467681884766,57.099124908447266
2016-06-24,12.690019607543945,26.22414779663086,39.966102600097656,126.0,98.34693908691406,83.90666198730469,97.21549987792969,172.69371032714844,101.14928436279297,56.59226989746094
2016-06-27,12.664654731750488,25.886808395385742,39.19894790649414,126.68000030517578,95.11775970458984,84.25979614257812,95.28592681884766,169.6007843017578,103.67462158203125,56.632293701171875
2016-06-28,12.867560386657715,26.64983558654785,40.22678756713867,125.31999969482422,96.58797454833984,84.7237548828125,97.37399291992188,172.65969848632812,103.8907241821289,57.8260383605957
2016-06-29,13.05355453491211,27.32452392578125,40.96413803100586,125.83999633789062,98.7845230102539,84.69606018066406,99.09849548339844,175.5996856689453,103.09355926513672,58.52626037597656
2016-06-30,12.97746753692627,27.597604751586914,41.57487106323242,126.47000122070312,100.62230682373047,84.99384307861328,100.24504852294922,177.9958038330078,103.47351837158203,59.133113861083984
2016-07-01,13.138100624084473,27.86266326904297,41.57487106323242,128.41000366210938,100.9811019897461,85.43892669677734,100.74842834472656,178.36965942382812,104.9101791381836,59.15312576293945
2016-07-05,12.766107559204102,27.26829719543457,40.77048873901367,129.47000122070312,99.49339294433594,85.73052978515625,100.1332015991211,177.08663940429688,106.22368621826172,59.806678771972656
2016-07-06,12.816834449768066,27.19601058959961,40.69600296020508,130.22999572753906,100.2158203125,85.8833236694336,100.95352172851562,178.1487579345703,106.39530944824219,59.54662322998047
2016-07-07,12.45329475402832,27.12372398376465,40.53214645385742,129.74000549316406,100.42700958251953,85.89722442626953,101.25179290771484,178.03834533691406,106.38787078857422,58.93306350708008
2016-07-08,12.580113410949707,27.710052490234375,41.15032958984375,130.52000427246094,102.76763916015625,86.37628173828125,102.81783294677734,180.68936157226562,107.1715316772461,59.886722564697266
2016-07-11,12.52938461303711,27.975107192993164,41.75362777709961,129.2899932861328,103.95555877685547,86.15411376953125,103.40512084960938,181.32672119140625,106.23114776611328,60.28684997558594
2016-07-12,12.766107559204102,28.36866569519043,42.319679260253906,127.1500015258789,105.34585571289062,85.66802215576172,103.92709350585938,182.64369201660156,104.48474884033203,60.28016662597656
2016-07-13,12.605474472045898,28.320476531982422,42.27499008178711,128.32000732421875,104.93226623535156,86.0013198852539,103.67542266845703,182.6182403564453,105.71614837646484,60.613624572753906
2016-07-14,12.656200408935547,28.730100631713867,42.63993453979492,127.33000183105469,105.03787231445312,85.79302215576172,104.38385772705078,183.63790893554688,104.1787338256836,60.07345199584961
2016-07-15,12.622384071350098,28.665843963623047,42.42394256591797,126.83999633789062,105.32825469970703,85.46666717529297,104.21605682373047,183.39141845703125,103.283203125,60.093448638916016
2016-07-18,12.563200950622559,28.92286491394043,42.5282096862793,127.04000091552734,105.50424194335938,85.46666717529297,104.9058837890625,183.88426208496094,103.1861572265625,60.25352478027344
2016-07-19,12.487112998962402,28.62568473815918,42.193058013916016,127.20999908447266,104.97624969482422,85.61942291259766,104.52371215820312,183.69732666015625,103.76828002929688,60.546939849853516
2016-07-20,12.402569770812988,28.770261764526367,42.57290267944336,125.38999938964844,105.66261291503906,85.59166717529297,105.74482727050781,184.4620819091797,103.20105743408203,60.553611755371094
2016-07-21,12.334935188293457,28.681909561157227,42.40160369873047,127.30000305175781,105.16105651855469,85.68891143798828,105.5024642944336,183.76531982421875,103.41004180908203,60.67362976074219
2016-07-22,12.309571266174316,28.890737533569336,42.48353576660156,126.3499984741211,105.94418334960938,85.64026641845703,105.94059753417969,184.58956909179688,103.5892333984375,61.207149505615234
2016-07-25,12.174302101135254,28.601591110229492,42.431400299072266,125.47000122070312,105.78582763671875,85.59166717529297,105.9499282836914,184.0882110595703,103.51457977294922,61.09378433227539
2016-07-26,12.123575210571289,28.826480865478516,42.610145568847656,126.0,106.29618835449219,85.50836944580078,106.07107543945312,184.1731719970703,103.67875671386719,60.793663024902344
2016-07-27,12.005213737487793,28.92286491394043,42.76655197143555,128.02999877929688,106.59535217285156,85.86245727539062,106.80751037597656,183.97775268554688,104.96986389160156,60.320186614990234
2016-07-28,11.971396446228027,28.930896759033203,42.72187423706055,127.66000366210938,106.32257080078125,85.77916717529297,107.18035888671875,184.1902313232422,104.77587127685547,60.880393981933594
2016-07-29,12.072848320007324,29.083499908447266,43.22834014892578,128.97999572753906,106.53375244140625,86.09160614013672,107.41340637207031,184.4876251220703,105.64901733398438,61.65396499633789
2016-08-01,11.861489295959473,29.02727699279785,42.945308685302734,129.22000122070312,106.62174987792969,85.60639190673828,107.98200988769531,184.33462524414062,104.50355529785156,61.787357330322266
2016-08-02,11.84458065032959,28.818449020385742,42.72932434082031,130.27000427246094,105.13467407226562,85.12601470947266,107.1617431640625,183.1535186767578,103.42693328857422,60.80034255981445
2016-08-03,12.039031982421875,28.91482925415039,42.58034896850586,129.64999389648438,105.98820495605469,85.23744201660156,107.51595306396484,183.6888427734375,103.4867172241211,60.4468994140625
2016-08-04,12.08975887298584,29.07547378540039,42.826141357421875,129.8699951171875,106.08499145507812,85.59943389892578,107.82353973388672,183.88426208496094,104.26431274414062,60.20013427734375
2016-08-05,12.140483856201172,29.412809371948242,43.019779205322266,127.55000305175781,107.61608123779297,85.25133514404297,108.85826110839844,185.3882293701172,103.18013000488281,60.24018096923828
2016-08-08,12.20811939239502,29.621644973754883,43.10915756225586,127.44000244140625,107.56330108642578,85.3070068359375,108.7370834350586,185.27780151367188,103.37458038330078,60.34687042236328
2016-08-09,12.174302101135254,29.822437286376953,43.45176696777344,127.95999908447266,107.67765808105469,85.80821990966797,108.9887466430664,185.3882293701172,104.39137268066406,60.67362976074219
2016-08-10,12.030576705932617,29.830469131469727,43.60073471069336,128.55999755859375,106.9033432006836,86.05188751220703,108.70912170410156,184.92938232421875,104.79517364501953,60.6069450378418
2016-08-11,12.216572761535645,30.215999603271484,43.913551330566406,127.66999816894531,107.41368865966797,85.7664794921875,109.1751708984375,185.78762817382812,103.86058044433594,59.92007064819336
2016-08-12,12.309571266174316,30.103561401367188,43.80183792114258,127.4000015258789,107.519287109375,86.15634155273438,109.24976348876953,185.6261749267578,104.73535919189453,60.17346954345703
2016-08-15,12.512476921081543,30.416793823242188,43.97313690185547,127.83999633789062,108.583984375,85.89178466796875,109.71583557128906,186.1614532470703,103.7484130859375,60.113460540771484
2016-08-16,12.613929748535156,30.280254364013672,43.90610122680664,128.47000122070312,107.70408630371094,85.7386245727539,109.10992431640625,185.2013397216797,103.47177124023438,59.393211364746094
2016-08-17,12.664654731750488,30.087491989135742,43.89120864868164,128.5,107.38731384277344,85.97534942626953,109.30569458007812,185.5497283935547,104.09236145019531,59.633304595947266
2016-08-18,12.825287818908691,30.368608474731445,44.11464309692383,129.11000061035156,108.17919921875,86.1842041015625,109.33365631103516,185.966064453125,104.25682830810547,59.413211822509766
2016-08-19,12.7830171585083,30.1999454498291,43.78693771362305,127.97000122070312,108.17919921875,85.92657470703125,109.30569458007812,185.69412231445312,103.71099853515625,59.033084869384766
2016-08-22,12.664654731750488,29.798341751098633,43.83161926269531,127.77999877929688,108.42562103271484,86.218994140625,109.38961791992188,185.68560791015625,104.58583068847656,59.35321807861328
2016-08-23,12.715380668640137,29.677865982055664,44.017822265625,127.76000213623047,109.18236541748047,86.31644439697266,109.58535766601562,186.0595245361328,104.6979751586914,59.38655471801758
2016-08-24,12.563200950622559,29.758188247680664,43.913551330566406,126.33999633789062,108.29360961914062,86.26077270507812,108.87688446044922,185.10784912109375,104.45123291015625,59.12645721435547
2016-08-25,12.613929748535156,29.782278060913086,43.734806060791016,126.2300033569336,108.50479888916016,86.17723083496094,108.69977569580078,184.98040771484375,104.0549545288086,59.393211364746094
2016-08-26,12.571657180786133,29.525249481201172,43.47411346435547,126.05000305175781,108.2848129272461,85.90571594238281,108.85826110839844,184.63197326660156,103.44934844970703,58.80634689331055
2016-08-29,12.520931243896484,29.75014877319336,43.60818099975586,126.30000305175781,108.84797668457031,86.39302825927734,109.00740814208984,185.54119873046875,104.83259582519531,59.38655471801758
2016-08-30,12.402569770812988,29.669832229614258,43.548587799072266,125.02999877929688,109.05037689208984,86.2816390991211,108.6531982421875,185.23533630371094,104.4288330078125,59.273162841796875
2016-08-31,12.165847778320312,29.340524673461914,43.45921325683594,124.77999877929688,108.43443298339844,86.24683380126953,108.54132080078125,184.7084503173828,104.57836151123047,59.33319091796875
2016-09-01,12.030576705932617,29.565418243408203,43.75714874267578,125.29000091552734,108.51362609863281,86.24681854248047,108.82097625732422,184.71702575683594,104.69369506835938,59.18648910522461
2016-09-02,12.165847778320312,30.04732894897461,44.26361083984375,126.56999969482422,109.56074523925781,86.09329223632812,109.1751708984375,185.5497283935547,103.8398208618164,59.70000076293945
2016-09-06,12.25039005279541,30.689882278442383,44.561546325683594,128.7100067138672,109.66631317138672,86.39337158203125,109.85567474365234,186.11045837402344,104.59635162353516,60.160125732421875
2016-09-07,12.360297203063965,30.593502044677734,44.58387756347656,128.27000427246094,110.35267639160156,86.27471160888672,109.92092895507812,186.09344482421875,104.5213851928711,60.520233154296875
2016-09-08,12.580113410949707,30.513185501098633,44.457252502441406,127.58999633789062,110.1327133178711,85.66754913330078,109.2777328491211,185.66867065429688,103.2105484008789,59.78001022338867
2016-09-09,12.385660171508789,29.485097885131836,43.59328842163086,126.75,106.69214630126953,85.025390625,106.52783203125,181.22470092773438,101.51031494140625,57.41255187988281
2016-09-12,12.385660171508789,29.685897827148438,43.9507942199707,126.58999633789062,108.17919921875,85.03238677978516,108.43878173828125,183.8247833251953,101.5626449584961,58.09278106689453
2016-09-13,12.225027084350586,28.938920974731445,43.064476013183594,125.75,106.10261535644531,84.75323486328125,107.46932983398438,181.1822052001953,100.40912628173828,56.63426208496094
2016-09-14,12.13202953338623,29.02727699279785,43.00489044189453,126.18000030517578,106.12018585205078,84.80902862548828,107.98200988769531,181.1142120361328,100.55892181396484,56.815582275390625
2016-09-15,12.191208839416504,29.525249481201172,43.377288818359375,125.37000274658203,107.38731384277344,84.8648452758789,109.65990447998047,182.92413330078125,100.12447357177734,57.03047561645508
2016-09-16,12.20811939239502,29.324459075927734,42.81869888305664,125.05999755859375,107.22892761230469,84.96259307861328,109.60758209228516,182.2169952392578,100.93352508544922,57.05731964111328
2016-09-19,12.199665069580078,29.557384490966797,43.04213333129883,125.31999969482422,107.941650390625,84.9346694946289,109.13101196289062,182.25115966796875,100.60392761230469,57.57438278198242
2016-09-20,12.241936683654785,29.573450088500977,43.30281066894531,125.44000244140625,107.48410034179688,85.04634857177734,109.3365707397461,182.2596893310547,100.95600128173828,57.48707962036133
2016-09-21,12.39411449432373,30.400733947753906,44.0625114440918,127.2699966430664,109.04154968261719,85.4791030883789,110.4112548828125,184.30926513671875,101.77242279052734,58.22575378417969
2016-09-22,12.461750984191895,30.617595672607422,44.509395599365234,127.56999969482422,110.60785675048828,85.8280258178711,111.28968811035156,185.47071838378906,102.58138275146484,59.266571044921875
2016-09-23,12.318025588989258,30.22403907775879,44.13698959350586,127.6500015258789,109.82469940185547,85.76527404785156,110.5794677734375,184.4544677734375,102.4840087890625,59.44785690307617
2016-09-26,12.402569770812988,29.782278060913086,43.72734832763672,127.55000305175781,108.734130859375,85.89784240722656,109.65431213378906,182.95994567871094,103.13572692871094,59.58890151977539
2016-09-27,12.284207344055176,30.207971572875977,43.935882568359375,126.62000274658203,109.17526245117188,86.10721588134766,110.73833465576172,184.0958251953125,103.89225769042969,58.95766830444336
2016-09-28,12.571657180786133,30.48105239868164,44.248714447021484,126.22000122070312,110.0135498046875,86.16307830810547,110.92523193359375,185.00955200195312,103.66748809814453,59.44114303588867
2016-09-29,12.647747039794922,29.950950622558594,43.69755935668945,126.06999969482422,108.40762329101562,86.128173828125,110.12156677246094,183.33572387695312,103.92963409423828,58.64878845214844
2016-09-30,12.690019607543945,30.079465866088867,44.040164947509766,125.63999938964844,109.59883880615234,85.97461700439453,110.94392395019531,184.71922302246094,103.00089263916016,58.24587631225586
2016-10-03,12.799924850463867,30.288284301757812,43.92100143432617,125.31999969482422,109.25469970703125,85.73110961914062,110.78508758544922,184.27508544921875,102.66090393066406,57.158042907714844
2016-10-04,12.766107559204102,29.950950622558594,43.913551330566406,120.97000122070312,108.7164535522461,85.33228302001953,110.61685180664062,183.33572387695312,101.46029663085938,56.37912368774414
2016-10-05,12.842196464538574,30.38467788696289,44.09230422973633,120.77999877929688,109.36939239501953,85.24124908447266,111.00933074951172,184.14703369140625,100.98757934570312,55.237552642822266
2016-10-06,12.867560386657715,30.408763885498047,43.85395812988281,119.66000366210938,109.25469970703125,85.24823760986328,110.95326232910156,184.27508544921875,100.42477416992188,55.25770568847656
2016-10-07,12.83374309539795,30.272232055664062,43.63052749633789,119.73999786376953,108.38115692138672,85.45121765136719,110.7103042602539,183.64315795898438,100.49231719970703,55.16368103027344
2016-10-10,12.97746753692627,30.60152816772461,43.75714874267578,120.16000366210938,109.67825317382812,85.45121765136719,111.41117095947266,184.59970092773438,99.8995132446289,55.50617218017578
2016-10-11,12.90137767791748,29.894723892211914,43.13895797729492,119.55000305175781,107.67528533935547,85.18525695800781,109.82254791259766,182.26824951171875,99.67437744140625,54.96895217895508
2016-10-12,12.808379173278809,29.8385066986084,43.04213333129883,119.73999786376953,107.58702087402344,85.29724884033203,109.72905731201172,182.5073699951172,99.77194213867188,55.60017395019531
2016-10-13,12.892923355102539,29.573450088500977,42.87827682495117,120.02999877929688,106.69585418701172,85.50714111328125,109.3365707397461,181.90957641601562,100.14712524414062,56.036643981933594
2016-10-14,12.90137767791748,29.621644973754883,42.952754974365234,119.36000061035156,106.26346588134766,85.1082763671875,109.4674301147461,182.00347900390625,98.7439193725586,55.788211822509766
2016-10-17,12.918286323547363,29.589521408081055,42.826141357421875,119.68000030517578,106.13995361328125,85.38821411132812,109.16838073730469,181.37158203125,99.37420654296875,55.90906524658203
2016-10-18,12.943649291992188,30.11158561706543,43.250675201416016,120.41999816894531,106.74878692626953,85.59815216064453,110.1402587890625,182.5073699951172,99.69692993164062,56.264949798583984
2016-10-19,13.028193473815918,30.296323776245117,43.369842529296875,121.11000061035156,107.19878387451172,85.71012878417969,110.13090515136719,182.99417114257812,99.77943420410156,56.38583755493164
2016-10-20,12.909832954406738,30.207971572875977,43.436885833740234,120.73999786376953,106.8811264038086,85.68212127685547,110.00006103515625,182.6525421142578,99.88450622558594,56.258243560791016
2016-10-21,12.96055793762207,30.1999454498291,43.34005355834961,120.83000183105469,106.82817077636719,85.73110961914062,110.4112548828125,182.73794555664062,100.03453826904297,56.050086975097656
2016-10-24,12.969012260437012,30.32845687866211,43.33260726928711,120.55999755859375,107.50758361816406,85.48616790771484,111.73826599121094,183.5150604248047,99.59930419921875,56.177669525146484
2016-10-25,12.909832954406738,30.360572814941406,43.30281066894531,121.47000122070312,106.70465850830078,85.42320251464844,111.38314819335938,182.90020751953125,99.86198425292969,56.07695007324219
2016-10-26,12.825287818908691,30.039297103881836,43.10915756225586,120.79000091552734,105.64580535888672,85.0663070678711,110.62617492675781,182.53294372558594,99.1866226196289,55.34500503540039
2016-10-27,12.90137767791748,29.782278060913086,43.05703353881836,121.01000213623047,104.43696594238281,84.68144226074219,110.12156677246094,182.0462188720703,98.10606384277344,53.89456558227539
2016-10-28,12.816834449768066,29.661802291870117,43.04213333129883,121.58000183105469,104.14578247070312,84.58346557617188,109.43004608154297,181.50816345214844,97.888427734375,54.02215576171875
2016-10-31,12.647747039794922,29.830469131469727,43.064476013183594,121.94000244140625,104.5605239868164,84.66041564941406,109.3272476196289,181.51670837402344,98.48873901367188,54.90182876586914
2016-11-01,12.706926345825195,29.589521408081055,42.87827682495117,122.7300033569336,103.28108215332031,84.55377960205078,108.50486755371094,180.20156860351562,98.49630737304688,53.706546783447266
2016-11-02,12.55474853515625,29.236114501953125,42.58780288696289,123.63999938964844,101.9663314819336,84.68006134033203,107.63581085205078,179.11703491210938,98.92481994628906,52.920894622802734
2016-11-03,12.512476921081543,29.155794143676758,42.543128967285156,124.30000305175781,101.47220611572266,84.51168060302734,106.57982635498047,178.2971649169922,98.16549682617188,52.51129150390625
2016-11-04,12.427931785583496,28.858613967895508,42.13348388671875,124.38999938964844,102.12518310546875,84.7642593383789,106.20601654052734,178.10073852539062,99.04511260986328,52.92759704589844
2016-11-07,12.478658676147461,29.902759552001953,42.714420318603516,122.1500015258789,104.62228393554688,84.70812225341797,108.7291488647461,182.029052734375,98.20308685302734,53.854286193847656
2016-11-08,12.461750984191895,30.09552001953125,42.833580017089844,121.63999938964844,104.89580535888672,84.51874542236328,109.43937683105469,182.8489227294922,97.80463409423828,54.136314392089844
2016-11-09,12.520931243896484,29.115633010864258,42.87083435058594,121.55999755859375,108.125244140625,83.27678680419922,109.94400787353516,184.7875518798828,93.65455627441406,53.31707763671875
2016-11-10,12.419477462768555,28.288352966308594,42.75165939331055,119.75,109.85470581054688,83.20661926269531,108.16845703125,185.2487030029297,92.27116394042969,52.42396926879883
2016-11-11,12.182755470275879,27.750207901000977,42.49097442626953,117.0999984741211,112.3782730102539,82.8488540649414,108.21517944335938,184.82171630859375,91.75241088867188,52.739593505859375
2016-11-14,12.157393455505371,27.54940414428711,42.26008987426758,116.11000061035156,113.95770263671875,82.42080688476562,107.121826171875,184.9668426513672,91.20360565185547,53.98857498168945
2016-11-15,12.427931785583496,28.10361099243164,42.446292877197266,117.12000274658203,114.31066131591797,82.67340850830078,108.60768127441406,186.4101104736328,91.65470886230469,53.53867721557617
2016-11-16,12.275754928588867,27.87068748474121,41.999412536621094,116.7699966430664,114.30184173583984,82.79267120361328,109.25247192382812,186.05995178222656,92.48168182373047,53.38423156738281
2016-11-17,12.301116943359375,27.910850524902344,42.319679260253906,116.16999816894531,114.9724349975586,82.26644134521484,110.0467758178711,187.0164794921875,91.12093353271484,52.84030532836914
2016-11-18,12.402569770812988,27.782337188720703,41.85789489746094,115.1500015258789,115.58128356933594,81.80338287353516,109.63563537597656,186.5980224609375,90.85777282714844,52.9947509765625
2016-11-21,12.749199867248535,28.0554256439209,42.21540069580078,115.58000183105469,116.11952209472656,81.88760375976562,110.77570343017578,188.00709533691406,91.08326721191406,52.833587646484375
2016-11-22,12.732290267944336,28.481117248535156,42.319679260253906,115.54000091552734,117.17833709716797,82.0980453491211,111.11213684082031,188.37428283691406,91.05320739746094,53.7602424621582
2016-11-23,12.7830171585083,28.175899505615234,42.17070388793945,113.25,117.91073608398438,81.79637908935547,110.66356658935547,188.47679138183594,90.69990539550781,53.53196716308594
2016-11-25,12.690019607543945,28.312437057495117,42.29731750488281,112.61000061035156,118.29896545410156,81.80338287353516,111.0186996459961,189.17709350585938,90.83521270751953,53.840843200683594
2016-11-28,12.732290267944336,28.424884796142578,42.073890686035156,113.80000305175781,116.76361083984375,82.17526245117188,110.76637268066406,188.28892517089844,91.50435638427734,54.089290618896484
2016-11-29,12.478658676147461,28.465049743652344,42.34201431274414,113.2699966430664,116.7018814086914,82.28752899169922,111.14952850341797,188.6560821533203,91.8877944946289,54.60633850097656
2016-11-30,12.85910701751709,28.513242721557617,42.29731750488281,111.75,116.12835693359375,81.97879791259766,109.80382537841797,188.2035369873047,90.399169921875,53.981849670410156
2016-12-01,13.095829010009766,28.175899505615234,42.13348388671875,111.54000091552734,115.56362915039062,81.51937866210938,107.90679931640625,187.51177978515625,89.44464874267578,53.18948745727539
2016-12-02,13.188827514648438,28.208024978637695,42.23774719238281,112.13999938964844,115.50187683105469,81.89226531982422,108.12174224853516,187.60568237304688,90.10008239746094,53.719974517822266
2016-12-05,13.256461143493652,28.44095802307129,42.65483093261719,111.54000091552734,117.48719787597656,82.06814575195312,108.96277618408203,188.73297119140625,90.00212097167969,54.11615753173828
2016-12-06,13.197280883789062,28.593563079833984,42.945308685302734,111.43000030517578,118.75778198242188,82.0610580444336,109.22444152832031,189.33079528808594,89.93431854248047,54.465335845947266
2016-12-07,13.095829010009766,29.07547378540039,43.58583450317383,111.83000183105469,119.9136962890625,82.40579223632812,110.60751342773438,191.80735778808594,90.70275115966797,55.55317306518555
2016-12-08,13.12119197845459,29.20398712158203,43.548587799072266,111.56999969482422,121.80196380615234,82.06814575195312,110.80375671386719,192.27708435058594,89.63300323486328,55.93593978881836
2016-12-09,13.188827514648438,29.05138397216797,43.734806060791016,110.4000015258789,122.04020690917969,81.75151824951172,111.67284393310547,193.43849182128906,88.51802825927734,55.87547302246094
2016-12-12,13.273371696472168,28.858613967895508,43.5411491394043,110.81999969482422,120.751953125,81.67416381835938,111.16819763183594,193.21649169921875,88.6837387084961,56.24480056762695
2016-12-13,13.307188034057617,29.179885864257812,44.0103759765625,110.44999694824219,120.76077270507812,81.85704040527344,112.56998443603516,194.50596618652344,89.00017547607422,56.217952728271484
2016-12-14,13.180371284484863,28.312437057495117,43.362403869628906,108.83000183105469,119.25191497802734,81.33643341064453,112.3363265991211,192.9004364013672,88.00580596923828,54.989112854003906
2016-12-15,13.163464546203613,28.360633850097656,43.26557540893555,107.33999633789062,120.1431655883789,81.39273071289062,112.51388549804688,193.69467163085938,88.4502182006836,54.66679000854492
2016-12-16,13.222644805908203,28.232120513916016,43.29536056518555,108.05000305175781,119.92250061035156,81.32939147949219,112.09680938720703,193.31582641601562,88.24686431884766,55.48601150512695
2016-12-19,13.146553993225098,28.03936195373535,43.22834014892578,108.58999633789062,120.70780944824219,81.7234115600586,112.55607604980469,193.73678588867188,89.19606018066406,56.083648681640625
2016-12-20,13.20573616027832,28.135738372802734,43.377288818359375,107.79000091552734,121.73138427734375,81.67416381835938,112.98722839355469,194.48411560058594,88.7515869140625,56.211246490478516
2016-12-21,13.129645347595215,28.01875877380371,43.38933563232422,107.8499984741211,120.9372329711914,81.9344253540039,112.90287780761719,193.94296264648438,89.14336395263672,55.35844039916992
2016-12-22,13.112736701965332,27.685691833496094,43.291507720947266,107.58999633789062,119.89445495605469,81.94010162353516,112.58419799804688,193.60792541503906,88.98394775390625,55.265872955322266
2016-12-23,13.138100624084473,27.848161697387695,43.404380798339844,107.93000030517578,120.53233337402344,82.06705474853516,112.6591796875,193.89141845703125,89.16520690917969,55.40984344482422
2016-12-27,13.341004371643066,27.970016479492188,43.35171890258789,108.55999755859375,121.07279968261719,81.91895294189453,113.2402572631836,194.37249755859375,88.87820434570312,55.52642059326172
2016-12-28,13.349458694458008,28.181236267089844,43.186161041259766,108.86000061035156,119.83240509033203,82.22229766845703,112.3592300415039,192.76609802246094,89.52777099609375,55.19045639038086
2016-12-29,13.366369247436523,28.644290924072266,43.291507720947266,110.29000091552734,119.93875122070312,82.5397720336914,112.19989013671875,192.72317504882812,89.84502410888672,55.87605667114258
2016-12-30,13.391732215881348,28.441192626953125,43.44200897216797,109.61000061035156,119.47804260253906,82.6667251586914,111.04708862304688,192.0187530517578,89.98098754882812,56.58221435546875
2017-01-03,13.231098175048828,28.78238868713379,43.712913513183594,110.47000122070312,120.07160949707031,82.73729705810547,112.04056549072266,193.48770141601562,90.36620330810547,56.7673225402832
2017-01-04,13.332551002502441,29.00173568725586,44.20956039428711,110.86000061035156,122.0739974975586,83.01944732666016,112.6498031616211,194.6387939453125,90.713623046875,57.59691619873047
2017-01-05,13.400186538696289,29.31854820251465,44.585811614990234,112.58000183105469,120.6652603149414,83.46393585205078,113.28713989257812,194.48411560058594,92.13363647460938,57.782012939453125
2017-01-06,13.38327693939209,29.196701049804688,44.43531799316406,111.75,120.22223663330078,83.02653503417969,114.2806396484375,195.17996215820312,91.28766632080078,57.78887939453125
2017-01-09,13.180371284484863,29.172330856323242,44.36758804321289,112.66999816894531,119.4337158203125,83.18877410888672,114.65557098388672,194.5357208251953,92.02032470703125,57.267822265625
2017-01-10,13.12119197845459,29.342927932739258,44.3751106262207,113.1500015258789,120.57666015625,83.1394271850586,114.9085693359375,194.5357208251953,91.95992279052734,56.78103256225586
2017-01-11,13.264915466308594,29.69224739074707,44.608394622802734,113.5,120.78929138183594,83.26641082763672,115.2178955078125,195.08547973632812,92.26957702636719,56.43138885498047
2017-01-12,13.459365844726562,29.822229385375977,44.67611312866211,113.91000366210938,119.8589859008789,83.25934600830078,115.0398178100586,194.5958251953125,92.06562042236328,56.71934509277344
2017-01-13,13.434003829956055,29.797861099243164,44.84165954589844,114.20999908447266,120.72725677490234,83.0899887084961,115.43346405029297,195.04254150390625,91.6275863647461,56.63706588745117
2017-01-17,13.425548553466797,29.7816104888916,44.67611312866211,115.8499984741211,119.0881576538086,83.4498291015625,115.08665466308594,194.3553009033203,92.58680725097656,57.07583999633789
2017-01-18,13.307188034057617,29.619129180908203,44.548187255859375,114.87000274658203,119.47804260253906,82.89955139160156,115.32102966308594,194.7847900390625,91.40096282958984,57.17181396484375
2017-01-19,13.264915466308594,29.529773712158203,44.43531799316406,114.7699966430664,118.50338745117188,82.61732482910156,115.26475524902344,194.06324768066406,90.77407836914062,56.58908462524414
2017-01-20,13.417094230651855,29.586637496948242,44.6911735534668,115.05000305175781,119.11473846435547,82.76549530029297,115.517822265625,194.7761993408203,90.59276580810547,57.00045394897461
2017-01-23,13.417094230651855,30.025325775146484,44.80404281616211,115.79000091552734,118.61856842041016,83.14645385742188,115.61155700683594,194.26939392089844,91.49917602539062,57.48036193847656
2017-01-24,13.450912475585938,30.212169647216797,44.91691207885742,115.2699966430664,120.43488311767578,82.89955139160156,116.38949584960938,195.5149688720703,90.87223815917969,57.49406433105469
2017-01-25,13.366369247436523,30.545244216918945,45.38346862792969,114.31999969482422,121.56897735595703,82.58204650878906,117.5610580444336,197.20726013183594,89.73171997070312,57.116981506347656
2017-01-26,13.425548553466797,30.41526222229004,45.20286560058594,113.26000213623047,121.0816879272461,82.68083953857422,117.68290710449219,197.0010986328125,90.0338363647461,57.007293701171875
2017-01-27,13.315641403198242,30.439626693725586,45.12761306762695,113.48999786376953,120.6652603149414,82.77959442138672,117.90785217285156,196.69186401367188,90.35865020751953,56.45194625854492
2017-01-30,13.23955249786377,30.277156829833984,44.80404281616211,113.97000122070312,118.9818344116211,82.63853454589844,116.98933410644531,195.47207641601562,90.08673858642578,56.068023681640625
2017-01-31,13.315641403198242,30.334022521972656,44.871761322021484,115.55000305175781,119.81465911865234,82.78665161132812,116.7550048828125,195.45484924316406,90.713623046875,56.4725227355957
2017-02-01,13.459365844726562,30.35027503967285,45.052371978759766,115.19999694824219,119.74380493164062,82.68476867675781,117.5610580444336,195.53221130371094,90.1527328491211,55.79378890991211
2017-02-02,13.459365844726562,30.480247497558594,45.0749397277832,115.83999633789062,119.44253540039062,82.70604705810547,117.45796966552734,195.66102600097656,90.1148910522461,56.45883560180664
2017-02-03,13.450912475585938,30.66710090637207,45.25553894042969,116.12999725341797,121.26771545410156,82.79801940917969,117.79537200927734,197.0097198486328,90.0770263671875,56.7673225402832
2017-02-06,13.366369247436523,30.593984603881836,44.93196487426758,117.69999694824219,120.3551254272461,83.05968475341797,117.93598175048828,196.65750122070312,90.62201690673828,56.67137145996094
2017-02-07,13.307188034057617,30.439626693725586,44.886810302734375,117.45999908447266,119.82354736328125,83.2011947631836,118.36710357666016,196.6660919189453,91.28815460205078,56.4725227355957
2017-02-08,13.357913970947266,30.626474380493164,44.962066650390625,118.19000244140625,119.61087036132812,83.49124908447266,118.56392669677734,196.9237823486328,92.52953338623047,56.91816711425781
2017-02-09,13.425548553466797,30.76458168029785,45.15019226074219,117.29000091552734,121.2943115234375,83.15876770019531,118.99505615234375,198.0920867919922,91.46228790283203,57.05530548095703
2017-02-10,13.569272994995117,31.048908233642578,45.25553894042969,117.5999984741211,122.2156982421875,83.13755798339844,119.38873291015625,198.87374877929688,91.40928649902344,57.459774017333984
2017-02-13,13.417094230651855,31.14640235900879,45.4361457824707,116.80000305175781,122.53471374511719,83.10211944580078,120.06353759765625,199.95614624023438,91.1216049194336,57.48036193847656
2017-02-14,13.434003829956055,31.178895950317383,45.368412017822266,116.93000030517578,122.9422836303711,82.90406799316406,120.46658325195312,200.75503540039062,90.46307373046875,57.17869186401367
2017-02-15,13.450912475585938,31.43072509765625,45.54149627685547,117.44999694824219,123.67769622802734,82.84038543701172,121.17888641357422,201.80308532714844,90.04678344726562,56.986724853515625
2017-02-16,13.366369247436523,31.31698989868164,45.6468505859375,118.08000183105469,123.3321533203125,83.07386016845703,121.14141082763672,201.63125610351562,90.53878784179688,57.32266616821289
2017-02-17,13.341004371643066,31.187015533447266,45.52644348144531,117.68000030517578,123.25238037109375,83.28607177734375,121.66629028320312,201.9490966796875,91.07618713378906,57.43235778808594
2017-02-21,13.324097633361816,31.5282039642334,45.676944732666016,117.75,124.21808624267578,83.32145690917969,122.26611328125,203.15171813964844,90.91725158691406,58.16595458984375
2017-02-22,13.256461143493652,31.62569808959961,45.676944732666016,117.91000366210938,123.6688232421875,83.38512420654297,122.3130111694336,202.97137451171875,91.06863403320312,57.973995208740234
2017-02-23,13.29873275756836,31.633813858032227,45.77477264404297,118.94000244140625,122.93342590332031,83.59729766845703,121.85374450683594,203.10879516601562,91.34114074707031,58.2756462097168
2017-02-24,13.273371696472168,31.260133743286133,45.443660736083984,119.69999694824219,122.8448257446289,84.0217514038086,122.08805084228516,203.36656188964844,92.35548400878906,58.549903869628906
2017-02-27,13.23955249786377,31.16264533996582,45.47377395629883,119.12000274658203,124.04095458984375,83.82365417480469,122.23799896240234,203.68434143066406,91.81045532226562,58.858394622802734
2017-02-28,13.290278434753418,30.862070083618164,45.406036376953125,119.2300033569336,122.12712860107422,83.88028717041016,121.86309814453125,203.1345672607422,92.1511001586914,58.45389938354492
2017-03-01,13.349458694458008,31.34136962890625,45.8801155090332,119.05999755859375,124.35989379882812,83.38447570800781,123.19402313232422,205.97793579101562,90.60697174072266,58.2756462097168
2017-03-02,13.138100624084473,30.78894805908203,45.57911682128906,117.58000183105469,122.93342590332031,83.25682067871094,122.5754165649414,204.68080139160156,90.28082275390625,57.96025466918945
2017-03-03,13.20573616027832,31.0245418548584,45.85002899169922,117.51000213623047,122.8448257446289,83.3419189453125,122.80036163330078,204.80967712402344,90.51592254638672,57.73404312133789
2017-03-06,13.188827514648438,31.040790557861328,45.7070426940918,116.72000122070312,122.00311279296875,83.19294738769531,122.52859497070312,204.19976806640625,90.08366394042969,57.473487854003906
2017-03-07,13.129645347595215,31.073284149169922,45.549015045166016,115.77999877929688,121.20569610595703,82.78157043457031,122.32238006591797,203.58981323242188,89.81063079833984,57.199241638183594
2017-03-08,12.83374309539795,30.78082275390625,45.38346862792969,115.05999755859375,120.4083023071289,82.52619934082031,122.53790283203125,203.2118682861328,89.32522583007812,56.143428802490234
2017-03-09,12.723835945129395,30.53712272644043,45.556549072265625,114.47000122070312,119.92984771728516,82.07939910888672,122.63166809082031,203.46961975097656,88.61238861083984,55.300167083740234
2017-03-10,12.605474472045898,30.878313064575195,45.940330505371094,114.72000122070312,120.46144104003906,82.2850570678711,123.14714050292969,204.18252563476562,88.92330932617188,55.12875747680664
2017-03-13,12.588566780090332,31.30887222290039,46.18112564086914,114.73999786376953,120.7449722290039,82.00845336914062,123.35334777832031,204.28564453125,88.36206817626953,55.265872955322266
2017-03-14,12.53783893585205,31.130151748657227,45.82744216918945,114.12000274658203,120.1690902709961,82.07939910888672,123.05343627929688,203.5039520263672,88.78678131103516,55.25216293334961
2017-03-15,12.647747039794922,31.942523956298828,46.48212432861328,116.25,122.02967834472656,82.78863525390625,123.8125991821289,205.2650146484375,89.87128448486328,56.369686126708984
2017-03-16,12.630837440490723,32.13749313354492,46.70786666870117,116.7300033569336,122.1891860961914,82.6680908203125,123.72825622558594,204.86122131347656,89.41624450683594,56.26000213623047
2017-03-17,12.673110008239746,32.080623626708984,46.82828140258789,116.98999786376953,122.67646789550781,82.85956573486328,123.68505096435547,204.50144958496094,89.97750854492188,56.52051544189453
2017-03-20,12.664654731750488,32.454315185546875,46.73044204711914,117.51000213623047,122.14488983154297,83.05108642578125,123.79777526855469,204.277099609375,90.36424255371094,56.4725227355957
2017-03-21,12.59701919555664,32.09687805175781,46.519744873046875,118.54000091552734,118.69831085205078,83.25682067871094,121.91934204101562,201.65431213378906,91.11511993408203,56.22571563720703
2017-03-22,12.588566780090332,32.251224517822266,46.52727508544922,118.83000183105469,118.7248764038086,83.46957397460938,122.74584197998047,202.12884521484375,91.47911071777344,56.19464111328125
2017-03-23,12.563200950622559,32.259342193603516,46.63262176513672,118.66999816894531,119.41595458984375,83.41285705566406,122.4359130859375,201.91311645507812,91.35018157958984,56.6090087890625
2017-03-24,12.605474472045898,32.3405876159668,46.76054382324219,118.86000061035156,119.50216674804688,83.4979248046875,122.68949890136719,201.76646423339844,91.6762924194336,56.546844482421875
2017-03-27,12.588566780090332,32.251224517822266,46.880950927734375,119.52999877929688,119.72430419921875,83.67529296875,122.88671112060547,201.55941772460938,92.09342956542969,56.035804748535156
2017-03-28,12.664654731750488,32.3405876159668,47.10670471191406,119.04000091552734,120.65730285644531,83.4979248046875,123.63811492919922,203.026123046875,91.47911071777344,56.277503967285156
2017-03-29,12.7830171585083,32.3974609375,47.10670471191406,119.33000183105469,121.04827117919922,83.76746368408203,124.2110366821289,203.21592712402344,92.02520751953125,56.595176696777344
2017-03-30,12.83374309539795,32.22684860229492,46.94115447998047,118.47000122070312,121.96344757080078,83.54763793945312,124.41764068603516,203.86297607421875,91.2819595336914,56.69877243041992
2017-03-31,12.85910701751709,31.9993896484375,46.87342071533203,118.72000122070312,122.15897369384766,83.63270568847656,124.33311462402344,203.38848876953125,91.54740142822266,57.03715515136719
2017-04-03,12.808379173278809,32.17810821533203,46.80569839477539,119.3499984741211,120.87052154541016,84.00823211669922,124.2579574584961,203.0347442626953,92.4708023071289,57.20293426513672
2017-04-04,12.935194969177246,32.19436264038086,46.790645599365234,119.62000274658203,120.72837829589844,83.78778076171875,124.45520782470703,203.16412353515625,91.96916961669922,57.20293426513672
2017-04-05,12.96055793762207,32.09687805175781,46.54231643676758,119.62000274658203,119.35999298095703,83.89444732666016,123.94801330566406,202.5602264404297,92.2503890991211,57.28580093383789
2017-04-06,12.994375228881836,32.04001235961914,46.549842834472656,119.18000030517578,120.470703125,83.97267150878906,124.01374816894531,203.12965393066406,92.11358642578125,57.58964157104492
2017-04-07,13.028193473815918,31.98314666748047,46.519744873046875,119.45999908447266,120.41735076904297,83.76642608642578,123.94801330566406,202.92257690429688,91.7411880493164,57.67253112792969
2017-04-10,13.129645347595215,31.853168487548828,46.46707534790039,119.45999908447266,120.68396759033203,83.92291259765625,123.99501037597656,203.0433349609375,92.16678619384766,58.03164291381836
2017-04-11,13.155010223388672,31.780046463012695,46.685298919677734,121.19000244140625,121.64356994628906,84.31404876708984,123.45964050292969,202.80184936523438,93.04080200195312,58.43220520019531
2017-04-12,13.155010223388672,31.93440055847168,46.64767837524414,122.0199966430664,119.99088287353516,84.59143829345703,122.96187591552734,201.91311645507812,93.55003356933594,58.32859420776367
2017-04-13,13.197280883789062,31.796293258666992,46.3466682434082,122.5999984741211,118.81795501708984,84.73370361328125,122.47345733642578,200.60174560546875,93.8388442993164,58.1973876953125
2017-04-17,13.12119197845459,32.129371643066406,46.63262176513672,122.23999786376953,120.21302795410156,84.57010650634766,123.4878158569336,202.37905883789062,93.55003356933594,58.90180969238281
2017-04-18,13.070466041564941,31.72318458557129,46.42191696166992,122.81999969482422,120.23970794677734,85.06790924072266,123.2999496459961,201.77508544921875,94.77367401123047,59.0606575012207
2017-04-19,12.842196464538574,31.5282039642334,46.233795166015625,121.7300033569336,120.65730285644531,84.81192016601562,123.49723052978516,201.40415954589844,94.2568130493164,58.97779846191406
2017-04-20,12.791471481323242,31.918149948120117,46.602516174316406,121.95999908447266,122.19446563720703,84.69097900390625,124.53034973144531,203.0433349609375,93.89202117919922,58.98468017578125
2017-04-21,12.664654731750488,31.918149948120117,46.63262176513672,122.30999755859375,121.91905212402344,84.69097900390625,124.50214385986328,202.39627075195312,93.89202117919922,58.77058792114258
2017-04-24,12.622384071350098,32.37307357788086,47.814048767089844,121.4800033569336,123.4384994506836,84.57718658447266,126.00493621826172,204.6222381591797,93.4284439086914,58.12142562866211
2017-04-25,12.681563377380371,32.65740966796875,48.152679443359375,120.25,124.63801574707031,84.24293518066406,126.91600799560547,205.81288146972656,92.30363464355469,58.36314010620117
2017-04-26,12.613929748535156,32.53555679321289,48.017234802246094,120.83999633789062,125.27774810791016,84.44918060302734,126.73748016357422,205.68345642089844,92.8128433227539,57.92804718017578
2017-04-27,12.546294212341309,32.494930267333984,48.06237030029297,120.38999938964844,125.24227905273438,84.52741241455078,127.49823760986328,205.85597229003906,92.78244018554688,57.77613067626953
2017-04-28,12.512476921081543,32.54368209838867,48.009700775146484,120.7699966430664,123.5628890991211,84.62699127197266,127.72371673583984,205.40733337402344,92.98760986328125,57.17529296875
2017-05-01,12.53783893585205,32.730525970458984,48.205352783203125,119.66999816894531,124.27371215820312,84.36457824707031,128.860107421875,205.92498779296875,92.21459197998047,57.51370620727539
2017-05-02,12.402569770812988,32.966102600097656,48.453678131103516,119.6500015258789,123.64282989501953,84.6141586303711,129.07615661621094,206.00267028808594,92.68678283691406,57.41701889038086
2017-05-03,12.351842880249023,32.74678421020508,48.35585403442383,117.9800033569336,122.87869262695312,84.5713882446289,128.66294860839844,205.75245666503906,92.74771881103516,56.65044021606445
2017-05-04,12.055940628051758,32.381202697753906,48.814884185791016,116.79000091552734,122.70988464355469,84.4073715209961,128.7098388671875,205.99403381347656,92.29071807861328,56.37417984008789
2017-05-05,12.225027084350586,32.6492805480957,49.356685638427734,117.01000213623047,123.50068664550781,84.43586730957031,129.17942810058594,206.80503845214844,92.37452697753906,56.90596389770508
2017-05-08,12.174302101135254,32.64116287231445,48.98795700073242,116.75,122.98526763916016,84.2861328125,129.461181640625,206.77052307128906,91.87186431884766,56.505409240722656
2017-05-09,12.115120887756348,33.05546951293945,48.867557525634766,116.05000305175781,122.93199920654297,84.30037689208984,129.9120635986328,206.5807342529297,91.86421966552734,56.2015380859375
2017-05-10,12.309571266174316,33.27480697631836,48.942806243896484,116.04000091552734,123.69615173339844,84.41448211669922,129.98719787597656,206.95169067382812,91.75764465332031,56.643524169921875
2017-05-11,12.360297203063965,33.347930908203125,48.82240295410156,116.5,122.83428192138672,84.45726776123047,129.88389587402344,206.52891540527344,91.75764465332031,56.36038589477539
2017-05-12,12.360297203063965,33.48603820800781,49.09331512451172,116.83000183105469,122.18559265136719,84.8851547241211,130.17501831054688,206.18382263183594,92.45066833496094,56.132469177246094
2017-05-15,12.427931785583496,33.82723617553711,49.34163284301758,117.13999938964844,123.13636779785156,84.87800598144531,130.58827209472656,207.3227081298828,92.19934844970703,56.2982292175293
2017-05-16,12.444842338562012,33.85972595214844,49.65768814086914,117.6500015258789,123.18083190917969,84.999267578125,131.1330108642578,207.1328887939453,92.54206848144531,55.91838836669922
2017-05-17,12.52938461303711,33.28294372558594,49.09331512451172,119.79000091552734,119.85760498046875,85.51984405517578,127.79877471923828,203.45748901367188,93.89009094238281,56.146305084228516
2017-05-18,12.495567321777344,32.730525970458984,49.176090240478516,118.80999755859375,120.29298400878906,85.5055923461914,128.91644287109375,204.277099609375,93.99674987792969,56.457069396972656
2017-05-19,12.740744590759277,33.42916488647461,49.74798583984375,119.4000015258789,120.87052154541016,85.55550384521484,129.461181640625,205.60581970214844,94.21763610839844,56.760929107666016
2017-05-22,12.825287818908691,33.4616584777832,49.80818176269531,119.9000015258789,121.68797302246094,85.48419189453125,130.5507049560547,206.64976501464844,93.95865631103516,56.9819221496582
2017-05-23,12.7830171585083,33.49415588378906,49.81570816040039,119.13999938964844,122.08785247802734,85.22030639648438,130.68215942382812,207.1070556640625,93.32653045654297,57.0302619934082
2017-05-24,12.757654190063477,33.62413787841797,49.845802307128906,119.61000061035156,122.16785430908203,85.35585021972656,131.2833251953125,207.5901336669922,93.85199737548828,57.49296951293945
2017-05-25,12.478658676147461,33.78661346435547,49.845802307128906,119.4800033569336,122.24783325195312,85.3914794921875,132.40098571777344,208.58236694335938,93.88250732421875,57.4998664855957
2017-05-26,12.571657180786133,33.908477783203125,49.70283889770508,120.54000091552734,122.2122573852539,85.45565032958984,132.63575744628906,208.53916931152344,94.04244995117188,57.08551788330078
2017-05-30,12.470203399658203,33.72974395751953,49.65016174316406,120.13999938964844,121.2525863647461,85.65534973144531,132.74842834472656,208.35800170898438,94.50699615478516,56.72639846801758
2017-05-31,12.334935188293457,33.469783782958984,49.71036148071289,120.62000274658203,121.12821197509766,85.75518035888672,132.70147705078125,208.3062744140625,94.74312591552734,56.760929107666016
2017-06-01,12.25039005279541,33.754127502441406,50.03392791748047,120.72000122070312,123.46516418457031,85.77379608154297,133.21804809570312,209.9627685546875,94.75303649902344,57.057899475097656
2017-06-02,12.191208839416504,33.924720764160156,50.58327102661133,121.61000061035156,124.26482391357422,86.17424011230469,134.7396240234375,210.66159057617188,95.87496948242188,57.64491653442383
2017-06-05,12.123575210571289,33.88409423828125,50.304840087890625,121.7300033569336,123.4917984008789,85.9310531616211,134.71139526367188,210.50634765625,95.2796401977539,57.39628601074219
2017-06-06,12.20811939239502,33.90034103393555,50.161861419677734,123.0999984741211,123.37628936767578,86.18132781982422,134.17604064941406,209.8333740234375,95.79865264892578,57.12004089355469
2017-06-07,12.039031982421875,33.85972595214844,50.17691421508789,122.44999694824219,123.4917984008789,86.07406616210938,134.70199584960938,210.2215576171875,95.34072875976562,57.52059555053711
2017-06-08,12.039031982421875,34.06281661987305,50.086605072021484,121.6500015258789,125.1800765991211,85.9239273071289,134.84292602539062,210.3251495361328,95.08883666992188,57.38246536254883
2017-06-09,12.106666564941406,33.802860260009766,49.89848327636719,120.54000091552734,125.82868957519531,85.8381118774414,131.47109985351562,210.005859375,94.94384765625,57.78302764892578
2017-06-12,11.996760368347168,33.62413787841797,49.71036148071289,120.36000061035156,125.62433624267578,85.8595962524414,130.76675415039062,209.9627685546875,94.91329956054688,58.30098342895508
2017-06-13,12.047486305236816,33.78661346435547,50.09414291381836,120.4800033569336,126.26412200927734,85.9525146484375,131.82806396484375,210.9894256591797,94.92855072021484,58.43220520019531
2017-06-14,11.836126327514648,33.77848815917969,50.056514739990234,119.81999969482422,125.51769256591797,86.53882598876953,131.2550811767578,210.72198486328125,96.39397430419922,58.515079498291016
2017-06-15,11.886853218078613,33.42916488647461,49.537288665771484,119.31999969482422,124.87792205810547,86.33147430419922,130.6728057861328,210.3164825439453,96.24126434326172,58.812034606933594
2017-06-16,11.937578201293945,33.48603820800781,49.95869064331055,119.33999633789062,124.56694030761719,86.40299224853516,130.10589599609375,210.3624725341797,96.43212127685547,58.66010665893555
2017-06-19,11.861489295959473,33.819095611572266,50.161861419677734,118.43000030517578,125.49105834960938,86.29573822021484,132.28134155273438,212.11370849609375,96.29473876953125,58.666996002197266
2017-06-20,11.743128776550293,33.44532012939453,49.75811004638672,118.18000030517578,124.22041320800781,86.48880767822266,131.2454376220703,210.68321228027344,97.15716552734375,58.528892517089844
2017-06-21,11.616312026977539,33.51877212524414,49.69693374633789,118.5199966430664,123.909423828125,86.53166961669922,132.5449981689453,210.6311798095703,97.35560607910156,58.41149139404297
2017-06-22,11.633221626281738,33.69015121459961,49.68929672241211,118.91999816894531,124.38031005859375,86.60322570800781,132.5073699951172,210.53578186035156,97.56930541992188,58.46672821044922
2017-06-23,11.68394660949707,33.86970901489258,49.8116340637207,119.43000030517578,125.20673370361328,86.64608001708984,133.01596069335938,210.78721618652344,97.52350616455078,58.669620513916016
2017-06-26,11.709311485290527,34.1961669921875,49.895748138427734,118.36000061035156,125.35778045654297,86.80340576171875,132.3943328857422,210.92604064941406,97.88984680175781,59.087955474853516
2017-06-27,11.84458065032959,33.7962532043457,49.88810729980469,118.80999755859375,124.25595092773438,86.41014862060547,129.9928436279297,209.2267303466797,96.84417724609375,58.55805587768555
2017-06-28,11.920671463012695,34.05741500854492,50.323970794677734,118.9000015258789,126.15743255615234,86.50305938720703,131.86695861816406,211.09939575195312,96.52366638183594,58.69750213623047
2017-06-29,11.971396446228027,33.6248664855957,49.826934814453125,118.31999969482422,125.41104888916016,86.23851776123047,129.57847595214844,209.24404907226562,95.71466827392578,58.0281867980957
2017-06-30,12.216572761535645,33.779937744140625,49.857513427734375,118.0199966430664,125.21556091308594,86.16703796386719,129.62559509277344,209.6342010498047,95.49334716796875,58.0281867980957
2017-07-03,12.343389511108398,33.97580337524414,49.79634475708008,116.08999633789062,126.26412200927734,85.98063659667969,128.25999450683594,209.98968505859375,95.18592834472656,58.7672119140625
2017-07-05,12.157393455505371,33.910526275634766,49.79634475708008,116.5199966430664,125.81092071533203,86.1240005493164,129.52198791503906,210.47512817382812,95.2088394165039,57.93754196166992
2017-07-06,12.165847778320312,33.50244903564453,49.574588775634766,116.47000122070312,124.16803741455078,85.90174865722656,128.35415649414062,208.5504913330078,94.42108154296875,56.84992599487305
2017-07-07,12.047486305236816,33.56772994995117,49.58223342895508,115.27999877929688,125.37276458740234,85.83007049560547,129.7385711669922,209.90296936035156,93.85514831542969,57.1706428527832
2017-07-10,12.098212242126465,33.88603210449219,49.70457077026367,115.47000122070312,124.8283920288086,85.97348022460938,130.58616638183594,210.1283416748047,93.99282836914062,56.647743225097656
2017-07-11,12.216572761535645,34.163516998291016,49.819278717041016,115.62000274658203,125.19429779052734,86.00928497314453,130.9534454345703,209.97230529785156,94.1534194946289,56.58498764038086
2017-07-12,12.157393455505371,34.824588775634766,50.21692657470703,116.02999877929688,126.15802764892578,86.3892593383789,132.5073699951172,211.55015563964844,94.80348205566406,57.282203674316406
2017-07-13,12.148938179016113,34.995975494384766,50.362205505371094,115.81999969482422,126.2651138305664,86.23871612548828,132.79931640625,211.90565490722656,94.20697784423828,57.372798919677734
2017-07-14,12.284207344055176,35.43669128417969,50.713958740234375,116.7699966430664,126.47929382324219,86.43946075439453,133.84471130371094,212.8939666748047,94.32167053222656,57.9235954284668
2017-07-17,12.241936683654785,35.273468017578125,50.614559173583984,117.29000091552734,126.77378845214844,86.51832580566406,133.91061401367188,212.8679962158203,94.58173370361328,58.390750885009766
2017-07-18,12.29266357421875,35.37956619262695,50.660438537597656,118.11000061035156,126.4436264038086,86.8911361694336,134.80531311035156,212.98074340820312,95.40767669677734,58.2652473449707
2017-07-19,12.402569770812988,35.673370361328125,50.88219451904297,118.08000183105469,127.7019271850586,86.86247253417969,135.59637451171875,214.1337890625,95.44591522216797,58.70446014404297
2017-07-20,12.385660171508789,35.63256072998047,51.08866500854492,118.23999786376953,127.7911605834961,86.94129180908203,135.77536010742188,214.2291259765625,95.72125244140625,58.43255615234375
2017-07-21,12.216572761535645,35.608089447021484,50.88984680175781,119.26000213623047,127.21109771728516,87.14203643798828,135.71878051757812,214.03843688964844,96.12660217285156,58.390750885009766
2017-07-24,12.241936683654785,35.71417236328125,50.7522087097168,119.30999755859375,127.38955688476562,87.0417251586914,136.3404083251953,213.9864044189453,95.7518539428711,58.279178619384766
2017-07-25,12.377206802368164,35.62440490722656,50.821022033691406,118.91999816894531,128.54971313476562,86.52547454833984,135.9918975830078,214.506591796875,94.50521850585938,58.35586929321289
2017-07-26,12.495567321777344,35.918212890625,51.13454055786133,119.87999725341797,127.8357925415039,86.81228637695312,136.43458557128906,214.51519775390625,94.65817260742188,58.760257720947266
2017-07-27,12.571657180786133,35.72233963012695,51.01984405517578,119.79000091552734,127.02365112304688,86.59718322753906,135.57754516601562,214.31585693359375,94.19168090820312,58.82998275756836
2017-07-28,12.639291763305664,35.706016540527344,51.07337188720703,120.69000244140625,126.6845932006836,86.82660675048828,135.46449279785156,214.064453125,94.74998474121094,58.669620513916016
2017-07-31,12.715380668640137,35.746822357177734,51.180423736572266,120.75,126.28297424316406,86.82660675048828,134.8900146484375,213.9430389404297,94.86475372314453,58.74631118774414
2017-08-01,12.571657180786133,35.8529167175293,51.463356018066406,120.6500015258789,126.52395629882812,87.14147186279297,135.2008056640625,214.41986083984375,95.5307388305664,59.01124572753906
2017-08-02,12.59701919555664,35.88556671142578,51.486297607421875,120.4000015258789,125.14070129394531,87.00487518310547,135.5681610107422,214.5238800048828,95.58442687988281,58.47438049316406
2017-08-03,12.504022598266602,35.73866653442383,51.51688766479492,120.58999633789062,124.51604461669922,87.12704467773438,135.04071044921875,214.10777282714844,96.57304382324219,58.35586929321289
2017-08-04,12.52938461303711,35.86924743652344,51.58571243286133,119.6500015258789,125.12291717529297,86.78922271728516,135.28558349609375,214.49790954589844,95.7530288696289,58.55107879638672
2017-08-07,12.55474853515625,36.11409378051758,51.60865020751953,119.51000213623047,125.32810974121094,86.81080627441406,136.14259338378906,214.8966827392578,95.86027526855469,58.488365173339844
2017-08-08,12.563200950622559,36.12224578857422,51.3333625793457,119.86000061035156,124.93549346923828,86.3938980102539,135.90711975097656,214.3678741455078,95.5154037475586,58.2094841003418
2017-08-09,12.647747039794922,35.79579544067383,51.249244689941406,121.30999755859375,123.85562896728516,86.48016357421875,135.7281951904297,214.3591766357422,96.03661346435547,58.014244079589844
2017-08-10,12.45329475402832,34.94700622558594,50.52279281616211,122.20999908447266,121.60684967041016,86.45137023925781,132.8181610107422,211.3334197998047,96.85670471191406,57.595924377441406
2017-08-11,12.495567321777344,35.02861785888672,50.431034088134766,122.79000091552734,121.78529357910156,86.60953521728516,133.8258514404297,211.6455841064453,96.90269470214844,57.24034881591797
2017-08-14,12.385660171508789,35.38772201538086,50.79808044433594,121.91999816894531,123.63260650634766,86.55204010009766,135.54930114746094,213.74366760253906,96.40450286865234,58.19551467895508
2017-08-15,12.326480865478516,35.428531646728516,50.759849548339844,120.9800033569336,122.615234375,86.45137023925781,135.64352416992188,213.71762084960938,95.99822998046875,58.02123260498047
2017-08-16,12.29266357421875,35.79579544067383,51.05043411254883,121.87000274658203,122.65096282958984,86.69580078125,135.87889099121094,214.09042358398438,96.35087585449219,58.25130081176758
2017-08-17,12.326480865478516,35.33875274658203,50.476905822753906,122.48999786376953,120.41099548339844,86.78203582763672,133.10069274902344,210.75257873535156,97.07129669189453,57.88875961303711
2017-08-18,12.546294212341309,35.64072799682617,50.614559173583984,122.30000305175781,120.4021224975586,86.7244873046875,133.0065155029297,210.42318725585938,97.04833984375,57.3031120300293
2017-08-21,12.39411449432373,35.771305084228516,50.599273681640625,122.76000213623047,120.32182312011719,86.84674072265625,132.8369903564453,210.5878448486328,97.28594207763672,57.91665267944336
2017-08-22,12.427931785583496,36.17122268676758,50.843955993652344,122.20999908447266,121.62468719482422,86.76051330566406,134.86180114746094,212.7899627685547,96.91032409667969,57.74931335449219
2017-08-23,12.53783893585205,36.34260940551758,50.851619720458984,122.66999816894531,121.42839050292969,87.09114837646484,134.3815155029297,212.0270233154297,97.56953430175781,58.34193420410156
2017-08-24,12.52938461303711,36.45685577392578,50.736907958984375,122.29000091552734,121.80317687988281,86.92583465576172,133.98597717285156,211.53289794921875,97.20922088623047,58.16065979003906
2017-08-25,12.504022598266602,36.6690559387207,51.04277801513672,122.73999786376953,122.15123748779297,87.12704467773438,133.7034149169922,212.0270233154297,97.5848388671875,58.43953323364258
2017-08-28,12.512476921081543,36.538482666015625,51.04277801513672,124.69000244140625,122.66873931884766,87.12704467773438,134.1178436279297,212.0357208251953,97.52352905273438,57.993343353271484
2017-08-29,12.512476921081543,36.47319030761719,50.83631896972656,124.41999816894531,122.69556427001953,87.1917495727539,134.6452178955078,212.27850341796875,97.83779907226562,57.93058776855469
2017-08-30,12.419477462768555,36.53031539916992,50.76749038696289,124.36000061035156,123.48086547851562,87.26359558105469,136.22735595703125,213.28411865234375,97.80708312988281,58.25825881958008
2017-08-31,12.766107559204102,36.587440490722656,51.1574821472168,125.81999969482422,124.69451904296875,87.41460418701172,137.6871337890625,214.56729125976562,98.09831237792969,58.59292221069336
2017-09-01,12.7830171585083,36.85676574707031,51.22629928588867,126.05999755859375,125.39958953857422,87.06865692138672,137.49879455566406,214.87069702148438,97.3479995727539,58.795108795166016
2017-09-05,12.808379173278809,36.37525177001953,50.88219451904297,127.45999908447266,124.19477844238281,87.60916900634766,136.26504516601562,213.32752990722656,98.8917007446289,58.63475036621094
2017-09-06,12.935194969177246,36.61192321777344,51.195716857910156,126.80999755859375,124.4535903930664,87.29926300048828,136.67941284179688,214.05577087402344,98.28500366210938,58.78812789916992
2017-09-07,12.926741600036621,36.881248474121094,51.616294860839844,128.1300048828125,124.14124298095703,87.63803100585938,136.99961853027344,214.02976989746094,99.29110717773438,59.16464614868164
2017-09-08,12.7830171585083,36.63642120361328,51.62395095825195,127.97000122070312,124.2393798828125,87.3785400390625,135.81300354003906,213.77833557128906,99.07605743408203,59.21342468261719
2017-09-11,12.808379173278809,37.12609100341797,52.02921676635742,126.19000244140625,125.54230499267578,87.11190795898438,137.3763427734375,216.0584259033203,97.8932876586914,59.75723648071289
2017-09-12,12.842196464538574,37.08528518676758,52.1898193359375,126.55999755859375,126.30977630615234,87.01819610595703,137.70594787597656,216.78672790527344,97.37871551513672,59.05308532714844
2017-09-13,12.90137767791748,36.88941955566406,51.906864166259766,125.61000061035156,126.6845932006836,86.93173217773438,137.8942413330078,216.89077758789062,96.99474334716797,58.899688720703125
2017-09-14,12.909832954406738,36.98735809326172,51.998634338378906,126.16000366210938,126.56851959228516,87.14789581298828,137.0844268798828,216.82138061523438,97.39407348632812,59.387718200683594
2017-09-15,12.969012260437012,37.20771026611328,52.044517517089844,125.52999877929688,127.08617401123047,87.22001647949219,137.55531311035156,217.11329650878906,97.4324951171875,59.49928283691406
2017-09-18,12.952104568481445,37.338294982910156,52.11334228515625,124.36000061035156,127.95181274414062,87.13352966308594,137.37501525878906,217.57505798339844,96.87183380126953,59.17858123779297
2017-09-19,12.926741600036621,37.41990280151367,52.35803985595703,124.62000274658203,127.95181274414062,87.18399810791016,137.61097717285156,217.7928466796875,96.63370513916016,58.78812789916992
2017-09-20,13.03664779663086,37.248512268066406,52.24333953857422,123.62000274658203,128.36233520507812,87.07586669921875,137.18626403808594,217.8712615966797,96.70287322998047,58.62778091430664
2017-09-21,12.985921859741211,37.248512268066406,52.13628387451172,122.68000030517578,128.2283935546875,87.07586669921875,136.34622192382812,217.2875518798828,96.64908599853516,58.5162467956543
2017-09-22,13.03664779663086,37.03632354736328,52.296871185302734,123.23999786376953,128.77279663085938,87.19117736816406,136.2140655517578,217.33111572265625,96.92559051513672,58.10347366333008
2017-09-25,13.256461143493652,36.407894134521484,51.998634338378906,124.52999877929688,128.95126342773438,87.5154800415039,134.77947998046875,216.88674926757812,97.53227233886719,58.441566467285156
2017-09-26,13.138100624084473,36.309959411621094,51.88393020629883,123.13999938964844,129.36192321777344,87.5011215209961,135.12867736816406,217.01742553710938,97.35566711425781,58.540191650390625
2017-09-27,13.087372779846191,36.179378509521484,51.92216873168945,121.9800033569336,131.89346313476562,87.162353515625,136.34622192382812,217.86257934570312,95.88871002197266,58.011924743652344
2017-09-28,13.087372779846191,36.15489959716797,52.059818267822266,122.20999908447266,132.2423858642578,87.29206085205078,136.29908752441406,218.12396240234375,95.60456848144531,58.406341552734375
2017-09-29,13.019739151000977,36.57112503051758,52.36567687988281,121.58000183105469,132.55543518066406,87.37137603759766,137.28062438964844,218.89068603515625,95.81961059570312,58.52610397338867
2017-10-02,12.909832954406738,36.57928466796875,52.31980895996094,120.7699966430664,134.18353271484375,87.45298767089844,137.40330505371094,219.8403778076172,95.6441650390625,58.441566467285156
2017-10-03,12.918286323547363,37.15873336791992,52.495689392089844,120.83000183105469,134.4787139892578,87.64810180664062,137.6958770751953,220.31082153320312,95.73649597167969,58.3570442199707
2017-10-04,12.935194969177246,37.15058135986328,52.396270751953125,121.16999816894531,134.04934692382812,87.59750366210938,137.8280487060547,220.5722198486328,95.74422454833984,58.652889251708984
2017-10-05,13.078919410705566,37.42806625366211,52.36567687988281,120.5199966430664,134.4161376953125,87.47467803955078,139.17770385742188,221.87916564941406,95.38247680664062,58.864200592041016
2017-10-06,12.876014709472656,37.240360260009766,52.327457427978516,121.08999633789062,134.22825622558594,87.40242004394531,139.3665313720703,221.62643432617188,95.1131362915039,58.67401123046875
2017-10-09,12.884468078613281,37.21586608886719,52.342750549316406,122.08000183105469,133.67359924316406,87.47467803955078,139.2059783935547,221.2605438232422,95.41328430175781,58.814876556396484
2017-10-10,13.03664779663086,37.58314514160156,52.839786529541016,122.4000015258789,134.05833435058594,87.53246307373047,139.3098907470703,221.84432983398438,95.56719970703125,58.990997314453125
2017-10-11,13.062010765075684,37.754512786865234,52.969791412353516,122.79000091552734,133.9599151611328,87.48914337158203,139.72512817382812,222.19277954101562,95.75189208984375,59.18820571899414
2017-10-12,13.045103073120117,37.73820495605469,52.923912048339844,122.88999938964844,133.86151123046875,87.51081848144531,139.47032165527344,221.8616943359375,96.15978240966797,59.56855392456055
2017-10-13,13.171916961669922,38.08097839355469,53.199188232421875,123.81999969482422,133.6199493408203,87.85765075683594,140.00833129882812,222.13182067871094,96.85240936279297,59.72353744506836
2017-10-16,13.20573616027832,38.056488037109375,53.16096878051758,122.97000122070312,133.50364685058594,87.73485565185547,140.4897003173828,222.42803955078125,96.78313446044922,59.427696228027344
2017-10-17,13.188827514648438,37.86062240600586,53.023311614990234,122.12999725341797,133.11900329589844,87.72035217285156,140.6689910888672,222.58489990234375,96.90628051757812,59.49812698364258
2017-10-18,13.180371284484863,37.95039367675781,53.17626190185547,121.66999816894531,133.75416564941406,87.59030151367188,140.49913024902344,222.802734375,96.26753234863281,59.434722900390625
2017-10-19,13.12119197845459,37.61578369140625,53.09212875366211,122.38999938964844,133.54833984375,87.72035217285156,139.97999572753906,222.8636474609375,96.43679809570312,59.258644104003906
2017-10-20,13.188827514648438,37.754512786865234,53.023311614990234,121.61000061035156,134.16561889648438,87.48193359375,140.35752868652344,224.01376342773438,95.41328430175781,58.92054748535156
2017-10-23,13.188827514648438,37.452552795410156,52.90861129760742,121.80000305175781,133.16375732421875,87.568603515625,139.4420166015625,223.14248657226562,95.5825424194336,58.695167541503906
2017-10-24,13.324097633361816,37.452552795410156,52.992733001708984,121.33000183105469,133.4410400390625,87.3518295288086,139.67796325683594,223.53457641601562,94.9899673461914,58.34296798706055
2017-10-25,13.341004371643066,37.370941162109375,52.78627014160156,121.3499984741211,132.79693603515625,87.12059020996094,139.14942932128906,222.42803955078125,94.53594970703125,58.17390441894531
2017-10-26,13.400186538696289,37.11793518066406,52.77861022949219,120.33000183105469,133.0742645263672,87.11337280273438,138.70584106445312,222.71554565429688,94.22040557861328,57.69493103027344
2017-10-27,13.46782112121582,37.656585693359375,52.900962829589844,120.9000015258789,133.99566650390625,87.37352752685547,142.7454376220703,224.53651428222656,94.84375,57.95554733276367
2017-10-30,13.501638412475586,37.41990280151367,53.023311614990234,121.12999725341797,132.58226013183594,87.66252899169922,143.06634521484375,223.70016479492188,95.75189208984375,57.90624237060547
2017-10-31,13.535457611083984,37.770843505859375,53.24507141113281,120.66999816894531,133.52159118652344,87.53971099853516,143.6043243408203,224.04861450195312,95.78266143798828,57.899208068847656
2017-11-01,13.543910026550293,37.966712951660156,53.29859924316406,121.11000061035156,132.63597106933594,87.6781005859375,143.55714416503906,224.3448486328125,96.20912170410156,58.18095779418945
2017-11-02,13.62845516204834,38.01569366455078,53.45918273925781,121.19000244140625,133.029541015625,87.66362762451172,143.28338623046875,224.4320068359375,96.63335418701172,58.67401123046875
2017-11-03,13.712997436523438,37.8198127746582,53.37507629394531,120.62000274658203,132.9401092529297,87.7650375366211,144.6614532470703,225.1813201904297,96.89552307128906,58.52610397338867
2017-11-06,13.97508430480957,38.24420166015625,53.451541900634766,121.6500015258789,133.0920867919922,87.78678894042969,145.15220642089844,225.52981567382812,97.25799560546875,58.92054748535156
2017-11-07,13.890539169311523,37.99936294555664,53.25271987915039,121.20999908447266,131.4998321533203,87.71439361572266,145.23719787597656,225.37298583984375,97.66671752929688,59.399513244628906
2017-11-08,13.8651762008667,38.17891311645508,53.42860794067383,121.62999725341797,131.67880249023438,87.5984115600586,145.82237243652344,225.75633239746094,97.45077514648438,59.695369720458984
2017-11-09,13.890539169311523,37.94223403930664,53.122737884521484,122.12999725341797,131.21360778808594,87.36656188964844,145.0577850341797,224.93734741210938,97.17316436767578,59.758758544921875
2017-11-10,13.8651762008667,37.77900314331055,52.977439880371094,121.12999725341797,131.1151580810547,86.8666000366211,145.04835510253906,224.86761474609375,95.7078628540039,59.822139739990234
2017-11-13,13.822905540466309,37.697391510009766,52.755672454833984,121.30999755859375,131.1509552001953,86.881103515625,145.22764587402344,225.07672119140625,95.90837097167969,60.125003814697266
2017-11-14,13.636906623840332,37.44438934326172,52.71744918823242,121.55999755859375,130.79318237304688,86.90287017822266,144.69918823242188,224.5540008544922,96.55620574951172,59.99821853637695
2017-11-15,13.619999885559082,37.248512268066406,52.46510314941406,121.41000366210938,130.27430725097656,87.27236938476562,144.0196075439453,223.4300079345703,97.60502624511719,59.392452239990234
2017-11-16,13.577727317810059,38.02384567260742,52.885677337646484,121.4000015258789,132.1886444091797,87.17095184326172,145.860107421875,225.32940673828125,96.75674438476562,59.885520935058594
2017-11-17,13.797541618347168,38.21155548095703,52.69450378417969,122.86000061035156,132.79693603515625,87.27960205078125,145.30323791503906,224.66720581054688,97.47394561767578,59.624908447265625
2017-11-20,13.687634468078613,38.407432556152344,52.809207916259766,121.30999755859375,133.7630615234375,87.27960205078125,145.18995666503906,225.05062866210938,97.43538665771484,59.44884490966797
2017-11-21,13.780632019042969,38.921592712402344,53.20684051513672,121.51000213623047,135.15859985351562,87.56944274902344,146.76617431640625,226.52308654785156,97.74388122558594,59.8925666809082
2017-11-22,13.856721878051758,39.019535064697266,53.35212326049805,122.62999725341797,134.9796600341797,87.9099349975586,146.9454803466797,226.3226776123047,98.06005859375,59.758758544921875
2017-11-24,13.898994445800781,38.937923431396484,53.78800582885742,122.31999969482422,135.0333709716797,87.80851745605469,147.48345947265625,226.84544372558594,97.79014587402344,59.836212158203125
2017-11-27,13.87363052368164,38.36662292480469,53.466835021972656,122.83000183105469,134.62185668945312,87.75777435302734,147.41738891601562,226.73219299316406,97.65129852294922,59.55448532104492
2017-11-28,13.81445026397705,38.652278900146484,53.772708892822266,122.80999755859375,136.74197387695312,87.88097381591797,147.79493713378906,229.03233337402344,97.78240966796875,59.329078674316406
2017-11-29,13.721452713012695,38.0401725769043,53.5586051940918,122.04000091552734,137.19815063476562,87.53319549560547,145.21824645996094,228.89291381835938,96.81841278076172,59.35020446777344
2017-11-30,13.662270545959473,37.62393569946289,53.61212921142578,121.0999984741211,137.44862365722656,87.43174743652344,146.43580627441406,230.89686584472656,96.4944839477539,59.44178009033203
2017-12-01,13.780632019042969,37.4117431640625,53.398014068603516,121.58999633789062,136.8850860595703,87.70199584960938,145.8129119873047,230.41766357421875,97.79666900634766,59.58266067504883
2017-12-04,13.61154556274414,37.485206604003906,53.20684051513672,121.18000030517578,136.3751983642578,87.84003448486328,144.13284301757812,230.1388702392578,97.84298706054688,59.28683090209961
2017-12-05,13.61154556274414,37.460716247558594,53.09212875366211,120.31999969482422,135.01548767089844,88.00715637207031,144.22726440429688,229.31114196777344,98.32984924316406,58.79375076293945
2017-12-06,13.38327693939209,36.95470428466797,52.98507308959961,120.06999969482422,134.38034057617188,88.17423248291016,144.87843322753906,229.35470581054688,98.66986846923828,58.73738098144531
2017-12-07,13.425548553466797,37.06081008911133,53.122737884521484,118.48999786376953,135.319580078125,87.99983215332031,145.3692626953125,230.0778045654297,97.89710998535156,58.88533020019531
2017-12-08,13.493185043334961,37.49336242675781,53.4056510925293,118.4800033569336,135.4449005126953,87.89089965820312,146.0110626220703,231.33248901367188,97.9048080444336,59.18820571899414
2017-12-11,13.52700138092041,37.681068420410156,53.543304443359375,118.01000213623047,135.3911590576172,87.95629119873047,147.14370727539062,232.02952575683594,97.70393371582031,59.181156158447266
2017-12-12,13.408639907836914,37.42806625366211,53.61212921142578,118.1500015258789,134.97076416015625,87.89089965820312,146.9454803466797,232.43899536132812,97.66524505615234,59.469947814941406
2017-12-13,13.349458694458008,37.87694549560547,53.8185920715332,119.16999816894531,135.77584838867188,88.19600677490234,147.2286834716797,232.4129180908203,98.39945220947266,59.56855392456055
2017-12-14,13.391732215881348,37.59945297241211,53.520362854003906,118.93000030517578,134.27301025390625,88.3558349609375,147.12478637695312,231.46315002441406,98.81676483154297,59.55448532104492
2017-12-15,13.391732215881348,37.681068420410156,53.505069732666016,119.18000030517578,136.18739318847656,88.4793701171875,148.79539489746094,233.3907012939453,99.18765258789062,59.92780303955078
2017-12-18,13.450912475585938,38.10546112060547,54.13976287841797,119.7300033569336,138.03013610839844,88.21782684326172,150.0429229736328,234.87066650390625,98.28351593017578,60.32223129272461
2017-12-19,13.55236530303955,37.90413284301758,53.9411506652832,119.81999969482422,136.93878173828125,87.76736450195312,149.1538543701172,233.9686279296875,97.00836944580078,59.040283203125
2017-12-20,13.62845516204834,37.95384979248047,53.84841537475586,120.13999938964844,137.20712280273438,87.53491973876953,148.99305725097656,233.84608459472656,95.93426513671875,58.3570442199707
2017-12-21,13.636906623840332,38.202396392822266,54.04161071777344,120.30999755859375,137.8078155517578,87.77079772949219,149.01194763183594,234.3277587890625,96.49333953857422,58.13102340698242
2017-12-22,13.696089744567871,38.5255126953125,54.18070983886719,120.94000244140625,137.55645751953125,87.83631896972656,148.8417205810547,234.2664031982422,96.62499237060547,58.531578063964844
2017-12-26,13.898994445800781,38.492374420166016,54.16525650024414,121.7699966430664,137.63723754882812,87.9527816772461,148.03782653808594,233.98623657226562,96.91152954101562,58.824825286865234
2017-12-27,13.93281078338623,38.591800689697266,54.265716552734375,122.2300033569336,137.50259399414062,88.44058227539062,148.0566864013672,234.10003662109375,98.17389678955078,59.01798629760742
2017-12-28,14.000446319580078,38.85691452026367,54.296634674072266,122.8499984741211,138.0413055419922,88.38231658935547,148.23641967773438,234.58168029785156,98.08869171142578,59.33269119262695
2017-12-29,14.042718887329102,39.0391845703125,54.335269927978516,123.6500015258789,136.9009552001953,88.49881744384766,147.3189697265625,233.6972198486328,98.2435302734375,59.354148864746094
2018-01-02,14.110352516174316,39.77656173706055,54.73714065551758,125.1500015258789,138.1939697265625,87.90913391113281,149.90103149414062,235.36984252929688,97.18258666992188,59.13240051269531
2018-01-03,14.194896697998047,40.15766906738281,54.99988555908203,124.81999969482422,138.33761596679688,88.0693130493164,151.3575439453125,236.858642578125,97.64724731445312,58.96074295043945
2018-01-04,14.17798900604248,40.35651397705078,55.602657318115234,125.45999908447266,138.705810546875,88.0401840209961,151.6224365234375,237.85687255859375,97.63172149658203,57.945037841796875
2018-01-05,14.1272611618042,40.704490661621094,55.91176986694336,125.33000183105469,138.99307250976562,88.01107788085938,153.1451873779297,239.4419708251953,97.35297393798828,57.97364807128906
2018-01-08,14.118809700012207,40.704490661621094,55.89631652832031,125.30999755859375,139.20860290527344,88.00375366210938,153.7410430908203,239.8798370361328,97.29106140136719,58.274051666259766
2018-01-09,14.21180534362793,40.63819885253906,55.958152770996094,124.7300033569336,139.0200958251953,87.6834716796875,153.75047302246094,240.4228057861328,95.99002075195312,57.523033142089844
2018-01-10,14.262532234191895,40.38137435913086,55.84995651245117,125.02999877929688,139.0380401611328,87.74169158935547,153.39108276367188,240.0549774169922,95.87381744384766,56.879276275634766
2018-01-11,14.25407886505127,40.62991714477539,56.23635482788086,125.44000244140625,141.4265594482422,87.9527816772461,154.44088745117188,241.80653381347656,96.2687759399414,56.68614959716797
2018-01-12,14.347074508666992,41.01931381225586,56.80049133300781,126.95999908447266,142.01925659179688,87.9673843383789,155.57589721679688,243.3827667236328,96.43138885498047,56.22834777832031
2018-01-16,14.279440879821777,40.861900329589844,56.746402740478516,127.16999816894531,140.20535278320312,88.04745483398438,155.13137817382812,242.55081176757812,96.8341064453125,56.33564758300781
2018-01-17,14.29634952545166,41.40041732788086,57.04005432128906,126.13999938964844,141.5343475341797,87.80721282958984,156.805419921875,244.86273193359375,96.70243835449219,56.72905731201172
2018-01-18,14.29634952545166,41.45013427734375,56.97052764892578,125.86000061035156,140.56459045410156,87.46505737304688,156.83384704589844,244.45120239257812,95.80411529541016,55.99947738647461
2018-01-19,14.27098560333252,41.789825439453125,57.287357330322266,126.41999816894531,142.4143829345703,87.19563293457031,157.32562255859375,245.56329345703125,95.30073547363281,56.29989242553711
2018-01-22,14.304803848266602,42.030086517333984,57.581016540527344,126.6500015258789,143.17758178710938,87.1155776977539,159.0091552734375,247.55999755859375,95.39368438720703,56.814884185791016
2018-01-23,14.406257629394531,42.22893142700195,57.76648712158203,127.27999877929688,143.63551330566406,87.49412536621094,160.32383728027344,248.08543395996094,95.80411529541016,57.6016960144043
2018-01-24,14.558433532714844,42.58519744873047,57.866947174072266,128.8300018310547,142.74652099609375,87.4359359741211,159.28346252441406,247.98915100097656,95.28532409667969,57.30128860473633
2018-01-25,14.473891258239746,42.56032943725586,57.642826080322266,127.97000122070312,142.8004608154297,87.8800277709961,159.2267303466797,248.09410095214844,96.06742858886719,57.20115661621094
2018-01-26,14.583799362182617,43.14857864379883,58.152896881103516,128.07000732421875,143.3123016357422,87.7635269165039,161.66685485839844,250.96653747558594,95.71117401123047,57.00086975097656
2018-01-29,14.541528701782227,42.49406433105469,57.619659423828125,127.3499984741211,142.50411987304688,87.53055572509766,160.88192749023438,249.30264282226562,95.04519653320312,56.23550796508789
2018-01-30,14.440075874328613,41.91410827636719,57.140533447265625,126.80000305175781,141.13922119140625,87.2320556640625,159.55767822265625,246.74554443359375,94.48759460449219,55.82780456542969
2018-01-31,14.456984519958496,42.27864074707031,57.063236236572266,127.6500015258789,140.40296936035156,87.41404724121094,160.2197723388672,246.86810302734375,95.04519653320312,56.829200744628906
2018-02-01,14.600707054138184,41.706974029541016,57.22553253173828,128.07000732421875,140.84292602539062,87.02788543701172,158.85784912109375,246.5879364013672,93.66771697998047,55.60606384277344
2018-02-02,14.363985061645508,40.63819885253906,56.06634521484375,126.38999938964844,138.13108825683594,86.5826187133789,155.68936157226562,241.21966552734375,92.79859161376953,55.13398742675781
2018-02-05,14.228714942932129,39.21318054199219,53.717037200927734,126.70999908447266,132.82427978515625,86.6336898803711,149.55105590820312,231.13125610351562,93.67546081542969,53.4959716796875
2018-02-06,14.144171714782715,40.48906707763672,54.7757682800293,125.37999725341797,134.41360473632812,86.45854949951172,153.51397705078125,235.68505859375,93.09349060058594,53.50313949584961
2018-02-07,13.983537673950195,39.21318054199219,54.196163177490234,124.79000091552734,134.5482940673828,86.21760559082031,151.52783203125,234.40655517578125,92.2087631225586,53.27425003051758
2018-02-08,13.839815139770508,37.85442352294922,52.78196716308594,124.9800033569336,130.59738159179688,85.84535217285156,145.1341552734375,225.6141815185547,92.10787200927734,51.743534088134766
2018-02-09,13.636906623840332,38.45924377441406,53.00606918334961,124.7699966430664,131.79165649414062,85.56793975830078,147.64056396484375,229.0032501220703,91.52587127685547,53.03820037841797
2018-02-12,13.721452713012695,39.06404495239258,53.8174934387207,125.37000274658203,133.03973388671875,85.56793975830078,150.26043701171875,232.3660430908203,91.92938995361328,53.059654235839844
2018-02-13,13.74681568145752,39.36229705810547,53.65521240234375,126.08000183105469,133.3271026611328,85.53878784179688,151.03598022460938,232.94407653808594,92.3406753540039,53.431610107421875
2018-02-14,13.958174705505371,40.348228454589844,54.60575866699219,128.22999572753906,135.72459411621094,85.22489166259766,153.86398315429688,236.08790588378906,91.31632232666016,53.04536819458008
2018-02-15,13.983537673950195,41.17673110961914,54.94578552246094,128.3800048828125,137.20623779296875,85.62637329101562,156.72027587890625,239.1004638671875,91.6267318725586,53.56035232543945
2018-02-16,14.00890064239502,41.044166564941406,55.193077087402344,127.95999908447266,137.691162109375,85.8818130493164,156.02041625976562,239.17050170898438,92.12342834472656,53.85362243652344
2018-02-20,14.051175117492676,40.48078536987305,54.67530059814453,126.23999786376953,136.55970764160156,85.5168685913086,156.33251953125,237.6730499267578,91.71990203857422,53.2170295715332
2018-02-21,14.034262657165527,40.44763946533203,54.41255569458008,125.66000366210938,136.7034149169922,85.04964447021484,155.8879852294922,236.49073791503906,90.5946273803711,52.165565490722656
2018-02-22,14.161081314086914,40.47249984741211,54.69849395751953,126.30000305175781,136.48788452148438,85.16645812988281,155.86911010742188,236.7972412109375,90.86624145507812,52.75923156738281
2018-02-23,14.25407886505127,41.19330596923828,55.13125991821289,126.13999938964844,138.26580810546875,85.56066131591797,159.0564422607422,240.57167053222656,91.67329406738281,53.60327911376953
2018-02-26,14.330169677734375,41.57441329956055,55.64902114868164,126.44999694824219,139.1727294921875,85.67013549804688,161.16563415527344,243.3651580810547,91.704345703125,53.75346755981445
2018-02-27,14.186443328857422,40.36479949951172,54.822139739990234,125.12999725341797,137.1703338623047,85.2978744506836,159.16990661621094,240.32647705078125,91.57242584228516,52.50174331665039
2018-02-28,14.034262657165527,39.78484344482422,54.304359436035156,125.0,135.00628662109375,85.45848083496094,158.14846801757812,237.89193725585938,92.15447235107422,52.465980529785156
2018-03-01,14.059627532958984,39.71027374267578,53.39247512817383,124.72000122070312,134.64698791503906,85.37060546875,155.56643676757812,234.43280029296875,92.78353881835938,52.51604461669922
2018-03-02,14.059627532958984,39.875980377197266,53.647483825683594,125.38999938964844,136.8021697998047,85.09979248046875,156.99461364746094,235.64126586914062,92.0292739868164,52.49458694458008
2018-03-05,14.144171714782715,39.9339714050293,53.933414459228516,125.18000030517578,138.0233612060547,85.07047271728516,158.73487854003906,238.3648681640625,91.7803726196289,53.088279724121094
2018-03-06,14.194896697998047,40.30679702758789,54.25027084350586,126.52999877929688,139.5139617919922,85.1436538696289,159.40638732910156,238.96913146972656,91.865966796875,53.338619232177734
2018-03-07,14.042718887329102,40.348228454589844,54.23481750488281,125.72000122070312,140.74415588378906,85.11436462402344,159.77525329589844,238.88150024414062,91.76485443115234,53.66765594482422
2018-03-08,13.958174705505371,40.35651397705078,54.35073471069336,125.41999816894531,140.45681762695312,85.28279113769531,160.6548614501953,240.03750610351562,92.29364776611328,53.767791748046875
2018-03-09,14.093443870544434,41.2181510925293,54.69849395751953,125.54000091552734,142.70164489746094,84.98265075683594,163.77603149414062,244.2147674560547,91.68712615966797,54.061058044433594
2018-03-12,14.06808090209961,41.31757736206055,54.760318756103516,125.54000091552734,142.9530792236328,85.09243774414062,164.64614868164062,243.9081268310547,92.21585845947266,54.29709243774414
2018-03-13,14.025811195373535,40.94475173950195,54.397098541259766,125.77999877929688,142.28858947753906,85.09979248046875,162.40463256835938,242.33189392089844,92.68244934082031,54.34717559814453
2018-03-14,14.025811195373535,41.01103210449219,54.528472900390625,125.69999694824219,141.61512756347656,85.29010009765625,162.37623596191406,241.08831787109375,93.4989013671875,54.397247314453125
2018-03-15,14.017354965209961,40.861900329589844,54.49756622314453,124.9000015258789,140.90577697753906,85.37798309326172,162.23439025878906,240.8256378173828,93.4989013671875,54.382930755615234
2018-03-16,14.06808090209961,40.77076721191406,54.45893478393555,124.5999984741211,141.6959991455078,85.47310638427734,161.75193786621094,241.08676147460938,93.16450500488281,54.76203918457031
2018-03-19,13.97508430480957,40.3316535949707,54.0184326171875,124.87000274658203,140.33116149902344,85.18757629394531,158.3008270263672,237.82479858398438,92.86907196044922,54.28993606567383
2018-03-20,14.06808090209961,40.779052734375,54.01070785522461,124.30999755859375,140.295166015625,84.88745880126953,158.82191467285156,238.2291717529297,92.49581146240234,54.10398483276367
2018-03-21,14.3217134475708,41.01931381225586,54.095706939697266,126.4800033569336,141.11227416992188,84.836181640625,158.13031005859375,237.77203369140625,92.59690856933594,53.703426361083984
2018-03-22,14.21180534362793,39.652278900146484,53.09107971191406,125.9800033569336,138.01800537109375,84.98265075683594,154.227294921875,231.8284454345703,93.51448822021484,53.38867950439453
2018-03-23,14.338621139526367,38.848628997802734,52.503761291503906,127.61000061035156,135.04800415039062,84.71177673339844,150.16317749023438,226.88710021972656,93.44445037841797,52.43736267089844
2018-03-26,14.347074508666992,40.10795593261719,53.446563720703125,128.27999877929688,138.00003051757812,85.01190185546875,155.74301147460938,233.09454345703125,93.08678436279297,53.033939361572266
2018-03-27,14.287895202636719,39.37886428833008,53.052433013916016,127.48999786376953,135.3269805908203,85.31937408447266,150.70315551757812,229.129150390625,94.08209991455078,53.23615264892578
2018-03-28,14.228714942932129,39.18002700805664,53.36155319213867,125.7300033569336,135.28195190429688,85.54630279541016,148.96954345703125,228.45208740234375,94.33094024658203,54.57228088378906
2018-03-29,14.355531692504883,40.00025939941406,53.84841537475586,125.79000091552734,136.65000915527344,85.93429565429688,151.69790649414062,231.3711395263672,94.78976440429688,54.50730895996094
2018-04-02,14.161081314086914,39.27944564819336,53.106536865234375,127.26000213623047,133.31988525390625,85.88803100585938,147.3211669921875,226.37705993652344,94.97676086425781,53.77062225341797
2018-04-03,14.23716926574707,39.66884994506836,53.446563720703125,126.30000305175781,135.22801208496094,85.66044616699219,148.97900390625,229.27854919433594,94.2442398071289,54.22563171386719
2018-04-04,14.17798900604248,39.68541717529297,53.63203430175781,126.44999694824219,136.94700622558594,85.66044616699219,151.32838439941406,231.7316436767578,94.04943084716797,54.79618453979492
2018-04-05,14.245624542236328,39.78484344482422,53.98752212524414,125.80000305175781,138.0809783935547,85.6898193359375,152.19046020507812,233.56048583984375,93.34810638427734,54.77452850341797
2018-04-06,14.144171714782715,39.00605010986328,53.63203430175781,126.38999938964844,135.3269805908203,85.94677734375,148.3822021484375,228.35540771484375,94.36895751953125,54.36284255981445
2018-04-09,14.3217134475708,39.0474739074707,54.07252502441406,126.81999969482422,135.4889373779297,85.99082946777344,149.4242401123047,229.48085021972656,94.52484130859375,54.18952178955078
2018-04-10,14.566889762878418,39.80970001220703,54.65211868286133,127.12000274658203,138.0450439453125,86.01282501220703,152.7209930419922,233.12973022460938,94.35334777832031,54.13174819946289
2018-04-11,14.676797866821289,39.826271057128906,54.4434700012207,128.11000061035156,138.34205627441406,86.07156372070312,151.83999633789062,231.9075469970703,94.68844604492188,54.247310638427734
2018-04-12,14.617616653442383,39.80970001220703,54.65211868286133,126.62000274658203,139.28704833984375,85.83666229248047,153.66836547851562,233.81541442871094,93.99486541748047,53.640621185302734
2018-04-13,14.626070976257324,39.412010192871094,54.706214904785156,127.44999694824219,138.5580596923828,85.86601257324219,152.87255859375,233.12973022460938,94.21307373046875,53.92229080200195
2018-04-16,14.57534408569336,39.46172332763672,54.791229248046875,127.62999725341797,139.83607482910156,85.87336730957031,154.03782653808594,235.04637145996094,94.2442398071289,54.25450897216797
2018-04-17,14.583799362182617,39.54457473754883,55.038509368896484,127.75,141.35711669921875,85.8807144165039,157.3535614013672,237.56100463867188,94.50141906738281,54.89007568359375
2018-04-18,14.854338645935059,39.884254455566406,55.32444763183594,127.8499984741211,141.73504638671875,85.44022369384766,157.6756134033203,237.73681640625,93.7455062866211,54.77452850341797
2018-04-19,14.795158386230469,39.652278900146484,55.11580276489258,127.5999984741211,140.75413513183594,85.11720275878906,156.2261962890625,236.41799926757812,92.98182678222656,53.98005676269531
2018-04-20,14.769794464111328,39.155174255371094,54.90715026855469,126.62999725341797,139.9980926513672,84.77214050292969,153.7535858154297,234.41334533691406,92.3116683959961,53.481727600097656
2018-04-23,14.76133918762207,38.84034729003906,54.83759689331055,125.62000274658203,139.79110717773438,84.73542785644531,153.3651885986328,234.37815856933594,92.33509063720703,53.43838882446289
2018-04-24,14.685250282287598,38.658077239990234,54.613487243652344,126.2300033569336,138.99008178710938,84.4858169555664,150.1158447265625,231.22174072265625,91.91427612304688,53.640621185302734
2018-04-25,14.710613250732422,38.35981369018555,54.5207405090332,125.41000366210938,138.78302001953125,84.22154235839844,150.2958221435547,231.79324340820312,91.29863739013672,53.539485931396484
2018-04-26,14.786701202392578,38.9149169921875,54.791229248046875,124.97000122070312,139.42205810546875,84.47113037109375,153.45993041992188,234.14962768554688,91.93766784667969,54.24006652832031
2018-04-27,14.778249740600586,39.155174255371094,54.8453254699707,125.5,139.22406005859375,84.6620101928711,153.5546417236328,234.36935424804688,92.64675903320312,55.171775817871094
2018-04-30,14.845884323120117,38.873477935791016,54.667579650878906,124.58999633789062,137.99105834960938,84.588623046875,152.4652099609375,232.56695556640625,92.8104248046875,54.9550895690918
2018-05-01,14.76133918762207,38.68293380737305,54.47438049316406,123.70999908447266,138.66604614257812,84.3595962524414,154.20834350585938,232.9801788330078,92.47618103027344,55.45343017578125
2018-05-02,14.76133918762207,38.376380920410156,54.45119094848633,123.6500015258789,139.18804931640625,84.29332733154297,153.29888916015625,231.41519165039062,92.3746109008789,55.2512092590332
2018-05-03,14.854338645935059,38.29352569580078,54.6212043762207,124.27999877929688,138.43202209472656,84.30812072753906,153.2799072265625,230.9051971435547,92.78855895996094,55.2150993347168
2018-05-04,14.955792427062988,38.4675178527832,54.81441116333008,124.54000091552734,140.1600799560547,84.4258804321289,156.18824768066406,233.89459228515625,92.92914581298828,55.8217658996582
2018-05-07,14.947336196899414,38.24381637573242,54.822139739990234,124.56999969482422,141.34817504882812,84.3302001953125,157.48614501953125,234.68594360351562,92.7807388305664,56.197330474853516
2018-05-08,14.989608764648438,38.45924377441406,54.829856872558594,124.58999633789062,142.05010986328125,84.30070495605469,157.3251190185547,234.68594360351562,92.6948013305664,55.91567611694336
2018-05-09,15.124876976013184,38.53379440307617,54.961246490478516,124.33000183105469,142.8151397705078,84.2859878540039,159.03976440429688,236.95425415039062,92.14028930664062,56.291236877441406
2018-05-10,15.200967788696289,39.33745574951172,55.31671905517578,125.18000030517578,143.58016967773438,84.71302032470703,160.6881103515625,239.17001342773438,92.88226318359375,56.7318115234375
2018-05-11,15.107972145080566,39.27117156982422,55.46355438232422,125.0,143.859130859375,84.86029052734375,160.53659057617188,239.8997802734375,93.11653137207031,56.536781311035156
2018-05-14,15.217877388000488,39.32087707519531,55.56401062011719,124.48999786376953,143.31011962890625,84.70565032958984,160.8113250732422,240.01406860351562,92.6245346069336,56.05290222167969
2018-05-15,15.234785079956055,38.508941650390625,55.162166595458984,122.4800033569336,143.337158203125,84.06510162353516,159.03030395507812,238.36122131347656,91.5702133178711,55.14287185668945
2018-05-16,15.319329261779785,39.088897705078125,55.23944854736328,122.29000091552734,144.83120727539062,83.95466613769531,160.081787109375,239.36346435546875,91.21879577636719,54.97676086425781
2018-05-17,15.336238861083984,38.492374420166016,55.32444763183594,122.36000061035156,145.49720764160156,83.79270935058594,159.46609497070312,239.16127014160156,90.75801086425781,54.702301025390625
2018-05-18,15.344691276550293,38.16925048828125,55.123531341552734,122.41000366210938,145.6862030029297,84.13874053955078,158.64187622070312,238.5633087158203,91.53897857666016,54.77452850341797
2018-05-21,15.463052749633789,38.40122985839844,55.47128677368164,122.4800033569336,146.64923095703125,84.19026184082031,159.53237915039062,240.35704040527344,91.5858383178711,55.42453384399414
2018-05-22,15.479961395263672,38.53379440307617,55.40174102783203,122.41000366210938,145.58717346191406,84.10195922851562,159.32400512695312,239.68869018554688,91.44525909423828,55.50397872924805
2018-05-23,15.564509391784668,38.5172233581543,54.791229248046875,122.54000091552734,145.77621459960938,84.46271514892578,160.6692352294922,240.34814453125,92.10907745361328,56.06010818481445
2018-05-24,15.463052749633789,38.31010437011719,54.6212043762207,123.58999633789062,145.83023071289062,84.69829559326172,160.62185668945312,239.85586547851562,92.84322357177734,55.944576263427734
2018-05-25,15.234785079956055,38.4675178527832,54.265716552734375,123.20999908447266,145.56918334960938,84.9486312866211,160.7829132080078,239.2843475341797,93.42115020751953,56.139556884765625
2018-05-29,15.09106159210205,37.57273483276367,53.1606330871582,123.19000244140625,145.37120056152344,85.39771270751953,160.07235717773438,236.53224182128906,95.46730041503906,56.406776428222656
2018-05-30,15.285512924194336,37.87099075317383,53.97206115722656,123.37000274658203,147.67526245117188,85.06639862060547,161.21868896484375,239.68869018554688,94.82691192626953,57.17236328125
2018-05-31,15.243240356445312,37.85442352294922,53.63203430175781,123.0999984741211,146.4962615966797,85.02961730957031,161.11444091796875,238.220458984375,94.67071533203125,56.977359771728516
2018-06-01,15.1417875289917,38.38467025756836,54.095706939697266,122.48999786376953,147.45921325683594,84.86640167236328,163.6438446044922,240.5592041015625,94.17051696777344,57.23012924194336
2018-06-04,14.964244842529297,38.77406311035156,54.257999420166016,122.37000274658203,148.2422332763672,84.67435455322266,165.1217041015625,241.70228576660156,93.48950958251953,57.728477478027344
2018-06-05,14.989608764648438,38.475799560546875,54.1729850769043,122.8499984741211,149.16026306152344,84.73344421386719,165.63323974609375,241.87802124023438,93.70863342285156,57.576820373535156
2018-06-06,15.040336608886719,39.05575180053711,54.659847259521484,122.91999816894531,150.24029541015625,84.42327117919922,166.5995330810547,243.9002685546875,92.9493408203125,57.71406173706055
2018-06-07,15.099515914916992,38.45924377441406,54.35073471069336,122.86000061035156,149.4213104248047,84.70392608642578,165.24485778808594,243.8739776611328,93.84957122802734,57.71406173706055
2018-06-08,15.09106159210205,38.38467025756836,54.41255569458008,123.01000213623047,149.8712921142578,84.56358337402344,165.2543487548828,244.5948486328125,93.56770324707031,57.923484802246094
2018-06-11,15.08260440826416,38.38467025756836,54.760318756103516,123.2300033569336,150.09628295898438,84.48233795166016,165.69960021972656,244.92022705078125,93.39555358886719,57.836814880371094
2018-06-12,15.074153900146484,38.28525161743164,54.41255569458008,122.81999969482422,150.7803192138672,84.48974609375,166.57113647460938,245.23675537109375,93.41903686523438,58.183494567871094
2018-06-13,15.133332252502441,38.028411865234375,54.489830017089844,123.19000244140625,150.18629455566406,84.40850067138672,166.5616455078125,244.45419311523438,93.37205505371094,57.04956817626953
2018-06-14,14.964244842529297,37.77156448364258,54.3739128112793,123.37999725341797,150.9873046875,84.79257202148438,168.24795532226562,245.06973266601562,94.14701843261719,57.59125900268555
2018-06-15,14.600707054138184,37.47331237792969,54.095706939697266,121.33999633789062,151.03233337402344,84.67435455322266,167.66058349609375,244.75709533691406,94.23314666748047,57.555145263671875
2018-06-18,14.727521896362305,37.01762771606445,53.709320068359375,121.11000061035156,151.74337768554688,84.58573150634766,167.56373596191406,244.2535400390625,94.14701843261719,57.57118606567383
2018-06-19,14.57534408569336,36.60901641845703,53.21592712402344,120.80000305175781,151.75234985351562,84.63009643554688,167.0890655517578,243.3174591064453,94.69498443603516,57.51286697387695
2018-06-20,14.558433532714844,36.767452239990234,53.255340576171875,120.26000213623047,152.97634887695312,84.1573715209961,168.27577209472656,243.73255920410156,93.86519622802734,58.154335021972656
2018-06-21,14.448527336120605,36.250431060791016,52.877017974853516,120.05000305175781,151.54534912109375,84.0909194946289,166.8137664794922,242.20468139648438,94.35838317871094,58.43133544921875
2018-06-22,14.735979080200195,36.62568664550781,53.436622619628906,120.33999633789062,151.04132080078125,84.19432067871094,166.44346618652344,242.6461944580078,94.35055541992188,58.89054870605469
2018-06-25,14.566889762878418,36.1336784362793,52.69575119018555,119.88999938964844,148.57528686523438,84.11307525634766,162.6934814453125,239.3431396484375,94.56193542480469,58.737491607666016
2018-06-26,14.710613250732422,35.991905212402344,52.79033279418945,119.26000213623047,149.4392852783203,84.39372253417969,163.3581085205078,239.87307739257812,94.69498443603516,58.926998138427734
2018-06-27,14.786701202392578,35.29975891113281,52.293792724609375,118.58000183105469,147.04525756835938,84.68174743652344,161.13648986816406,237.88583374023438,95.5873794555664,58.701011657714844
2018-06-28,14.778249740600586,35.59996795654297,52.4908332824707,118.22000122070312,147.4952850341797,84.57099914550781,162.52256774902344,239.2460174560547,95.6108627319336,59.22586441040039
2018-06-29,14.947336196899414,36.1336784362793,52.78245162963867,118.6500015258789,147.396240234375,84.61526489257812,162.95932006835938,239.5904541015625,95.2821044921875,59.37164306640625
2018-07-02,14.63452434539795,35.77509689331055,52.30167770385742,117.45999908447266,148.41326904296875,84.62642669677734,164.05108642578125,240.1026153564453,95.20750427246094,59.04362869262695
2018-07-03,14.617616653442383,35.80010986328125,52.45930099487305,118.6500015258789,149.00494384765625,84.93751525878906,162.15232849121094,239.25482177734375,95.71752166748047,59.48828887939453
2018-07-05,14.702159881591797,35.7083740234375,52.9794807434082,119.05000305175781,150.70309448242188,85.20418548583984,164.1649627685547,241.20668029785156,95.99209594726562,60.19533920288086
2018-07-06,14.769794464111328,36.20039367675781,53.263221740722656,118.86000061035156,151.97669982910156,85.32273864746094,166.7187957763672,243.2467498779297,96.30592346191406,60.51605987548828
2018-07-09,14.845884323120117,36.8508415222168,53.77552032470703,119.1500015258789,152.93411254882812,85.38201141357422,168.21881103515625,245.4370574951172,95.68616485595703,60.03498458862305
2018-07-10,14.812067031860352,36.767452239990234,53.75187301635742,118.93000030517578,152.23866271972656,85.28567504882812,168.3422393798828,246.3202667236328,95.67826080322266,60.15888977050781
2018-07-11,14.29634952545166,36.05029296875,52.85337448120117,117.63999938964844,150.9469757080078,85.4560317993164,167.48777770996094,244.51856994628906,96.04702758789062,59.96207809448242
2018-07-12,14.37243938446045,36.542301177978516,53.263221740722656,118.12999725341797,151.67861938476562,85.64125061035156,170.37387084960938,246.73533630371094,96.03915405273438,60.14432144165039
2018-07-13,14.397805213928223,36.567317962646484,53.42872619628906,117.61000061035156,151.22698974609375,85.7079086303711,170.5162811279297,246.92974853515625,96.28240966796875,59.96207809448242
2018-07-16,14.093443870544434,36.3671760559082,53.405086517333984,117.55000305175781,150.6398162841797,85.56719970703125,170.1080322265625,246.7089385986328,95.88224792480469,59.64134979248047
2018-07-17,14.110352516174316,36.6340217590332,53.499656677246094,116.27999877929688,151.30825805664062,85.50790405273438,171.14283752441406,247.7068634033203,95.70182037353516,59.24773025512695
2018-07-18,14.23716926574707,36.59233856201172,53.507545471191406,116.30999755859375,151.73280334472656,85.49308776855469,170.820068359375,248.22792053222656,95.31733703613281,58.985294342041016
2018-07-19,14.220260620117188,36.14201736450195,53.39719772338867,115.80999755859375,152.80770874023438,85.62641143798828,169.96563720703125,247.29171752929688,95.92151641845703,59.67779541015625
2018-07-20,14.3217134475708,36.65904235839844,53.64940643310547,116.55999755859375,152.18446350097656,85.37457275390625,169.9276885986328,247.0091094970703,94.74461364746094,59.10191345214844
2018-07-23,14.37243938446045,36.417213439941406,53.64940643310547,116.0,152.37417602539062,85.03382873535156,170.46881103515625,247.4684295654297,93.57563781738281,58.97804260253906
2018-07-24,14.448527336120605,36.95092010498047,53.96466827392578,116.04000091552734,150.7482147216797,85.30052185058594,171.17129516601562,248.71360778808594,93.8973159790039,58.679168701171875
2018-07-25,14.642977714538574,37.55134201049805,54.366634368896484,116.68000030517578,151.29920959472656,85.41159057617188,173.56375122070312,250.8333282470703,93.74826049804688,59.14567947387695
2018-07-26,14.642977714538574,37.13438415527344,54.12229919433594,115.7699966430664,152.1121368408203,85.49308776855469,170.93402099609375,250.24163818359375,93.56779479980469,59.34248733520508
2018-07-27,14.583799362182617,37.2678108215332,54.22477722167969,115.83000183105469,149.27587890625,85.604248046875,168.62704467773438,248.5458984375,93.72467803955078,58.708316802978516
2018-07-30,14.668343544006348,37.209434509277344,54.216888427734375,115.6500015258789,148.31842041015625,85.48567199707031,166.24411010742188,247.24766540527344,93.40299224853516,58.744773864746094
2018-07-31,14.583799362182617,37.40957260131836,54.287811279296875,115.98999786376953,149.826904296875,85.75237274169922,167.51625061035156,248.46640014648438,93.91301727294922,59.728824615478516
2018-08-01,14.37243938446045,37.07600021362305,54.01195526123047,115.13999938964844,149.72750854492188,85.45000457763672,168.15237426757812,248.0513916015625,93.14791107177734,60.1515998840332
2018-08-02,14.456984519958496,36.58399200439453,53.65729522705078,114.5199966430664,150.82052612304688,85.55400848388672,170.44036865234375,249.4026336669922,93.28158569335938,59.91107940673828
2018-08-03,14.507709503173828,36.86752700805664,53.688819885253906,114.91999816894531,150.29661560058594,85.82148742675781,170.9625244140625,250.47128295898438,93.7455062866211,60.55980682373047
2018-08-06,14.533071517944336,36.58399200439453,53.46025466918945,114.33000183105469,151.13668823242188,85.90322875976562,171.9688262939453,251.38987731933594,93.80055236816406,60.479637145996094
2018-08-07,14.642977714538574,36.959259033203125,53.87797546386719,114.58999633789062,151.4979248046875,85.63574981689453,172.59542846679688,252.22000122070312,93.31303405761719,60.37028503417969
2018-08-08,14.465437889099121,36.90922546386719,53.83069610595703,114.91000366210938,151.36248779296875,85.50200653076172,172.8042449951172,252.11390686035156,93.40738677978516,60.020389556884766
2018-08-09,14.406257629394531,36.80081558227539,53.67306137084961,114.73999786376953,151.7508544921875,85.56885528564453,172.69979858398438,251.76954650878906,94.1937255859375,60.0495491027832
2018-08-10,14.406257629394531,36.01691818237305,52.601173400878906,114.69000244140625,151.3263397216797,85.71002960205078,171.3802032470703,250.08265686035156,94.87781524658203,59.59032440185547
2018-08-13,14.330169677734375,35.42484664916992,52.412017822265625,112.95999908447266,150.44113159179688,85.68773651123047,171.19029235839844,249.1465301513672,94.68122863769531,59.47369384765625
2018-08-14,14.355531692504883,35.641666412353516,52.40412902832031,113.06999969482422,151.93157958984375,85.79917907714844,172.26316833496094,250.73619079589844,94.46891784667969,59.765262603759766
2018-08-15,14.042718887329102,34.61594009399414,51.64750671386719,111.19000244140625,150.02560424804688,85.9775390625,170.155517578125,248.86387634277344,95.01934051513672,60.2244987487793
2018-08-16,14.152623176574707,34.832763671875,52.01005935668945,111.0999984741211,151.4166717529297,86.08893585205078,170.71563720703125,250.87759399414062,95.01148986816406,60.71287155151367
2018-08-17,14.21180534362793,35.19969177246094,52.317440032958984,112.12999725341797,152.0670166015625,86.16324615478516,170.75363159179688,251.7607879638672,95.12944030761719,61.27415084838867
2018-08-20,14.23716926574707,35.358131408691406,52.601173400878906,112.69000244140625,152.4915771484375,86.38615417480469,170.60171508789062,252.29953002929688,95.76636505126953,61.317893981933594
2018-08-21,14.262532234191895,35.80844497680664,52.92431640625,113.0199966430664,154.243896484375,86.17069244384766,171.22833251953125,252.8911590576172,95.44397735595703,60.946144104003906
2018-08-22,14.465437889099121,36.09198760986328,53.12923049926758,113.2699966430664,154.62332153320312,86.16324615478516,171.89285278320312,252.7410125732422,95.82139587402344,60.60356140136719
2018-08-23,14.440075874328613,35.508235931396484,52.750919342041016,112.19999694824219,154.1536102294922,86.19297790527344,171.64596557617188,252.40536499023438,95.97084045410156,60.45047378540039
2018-08-24,14.549979209899902,36.16703796386719,53.05830383300781,114.16000366210938,154.99368286132812,86.36381530761719,173.240966796875,253.92457580566406,96.15953063964844,60.80763626098633
2018-08-27,14.600707054138184,36.68406677246094,53.767635345458984,114.58999633789062,155.21945190429688,86.23011779785156,175.00685119628906,255.9293670654297,95.60907745361328,60.588958740234375
2018-08-28,14.541528701782227,36.550636291503906,53.7203483581543,113.68000030517578,155.36399841308594,85.90322875976562,175.26316833496094,256.0529479980469,95.03507232666016,61.40536880493164
2018-08-29,14.702159881591797,36.775794982910156,54.01195526123047,114.19999694824219,155.81564331054688,85.81401062011719,177.28530883789062,257.4307556152344,95.16092681884766,61.41994857788086
2018-08-30,14.676797866821289,35.81678009033203,53.499656677246094,113.63999938964844,155.6891632080078,85.89575958251953,176.97201538085938,256.3886413574219,95.3653335571289,61.026344299316406
2018-08-31,14.693705558776855,36.000247955322266,53.07406234741211,113.51000213623047,156.2853240966797,85.76948547363281,177.1998291015625,256.3974914550781,95.1451644897461,61.26688766479492
2018-09-04,14.609162330627441,35.29975891113281,52.624813079833984,112.93000030517578,155.5897979736328,85.61149597167969,176.4403533935547,255.95584106445312,94.59506225585938,60.53792953491211
2018-09-05,14.549979209899902,34.79106903076172,52.144046783447266,113.31999969482422,155.17434692382812,85.55933380126953,174.16180419921875,255.26695251464844,94.3428726196289,60.88783264160156
2018-09-06,14.465437889099121,34.82442092895508,51.98641586303711,113.54000091552734,154.12649536132812,85.79778289794922,172.6049041748047,254.49855041503906,94.68963623046875,61.06276321411133
2018-09-07,14.499255180358887,34.64931106567383,51.568695068359375,113.2300033569336,154.0452117919922,85.44002532958984,171.9403533935547,254.00405883789062,93.88579559326172,60.39944839477539
2018-09-10,14.549979209899902,34.307395935058594,51.88396072387695,113.1500015258789,154.2349090576172,85.72325897216797,172.5194549560547,254.44558715820312,94.23252868652344,60.66913604736328
2018-09-11,14.693705558776855,34.382450103759766,51.931243896484375,113.22000122070312,154.48785400390625,85.52950286865234,173.8485870361328,255.28466796875,93.5154037475586,60.661865234375
2018-09-12,14.795158386230469,34.557579040527344,52.15193176269531,114.16999816894531,154.11746215820312,85.70092010498047,173.33596801757812,255.34646606445312,93.73606872558594,60.691009521484375
2018-09-13,14.63452434539795,35.02457046508789,52.53812026977539,113.76000213623047,154.1536102294922,85.87974548339844,175.18719482421875,256.856689453125,93.8779067993164,60.98988342285156
2018-09-14,14.541528701782227,34.99121856689453,52.616939544677734,113.0199966430664,154.80398559570312,85.77542877197266,174.6744842529297,256.90081787109375,93.42869567871094,60.60356140136719
2018-09-17,14.524617195129395,34.6743278503418,52.66422653198242,113.61000061035156,153.1599884033203,85.72325897216797,172.15866088867188,255.54074096679688,93.42869567871094,60.80036163330078
2018-09-18,14.65988826751709,35.00788879394531,53.21592712402344,113.44000244140625,153.8013458251953,85.37300109863281,173.58267211914062,256.9273376464844,92.451416015625,60.50879669189453
2018-09-19,14.752886772155762,35.49156188964844,53.405086517333984,113.87999725341797,153.24127197265625,85.24632263183594,173.4497833251953,257.2010192871094,91.89976501464844,59.80170822143555
2018-09-20,14.752886772155762,35.88349914550781,54.067134857177734,114.2699966430664,154.65939331054688,85.46990203857422,175.3675994873047,259.28546142578125,92.32534790039062,60.36298370361328
2018-09-21,14.786701202392578,36.05029296875,54.09077072143555,113.48999786376953,153.9187774658203,85.48480987548828,174.40869140625,259.0485534667969,92.28597259521484,60.34112548828125
2018-09-24,15.00651741027832,35.641666412353516,53.84645080566406,113.47000122070312,153.3496856689453,85.2910385131836,174.89373779296875,258.18792724609375,92.04950714111328,59.25754165649414
2018-09-25,15.040336608886719,35.78342819213867,54.11441421508789,113.6500015258789,153.5845489501953,85.2910385131836,175.13145446777344,257.94842529296875,91.95499420166016,59.264923095703125
2018-09-26,14.972700119018555,35.85848617553711,54.1380615234375,113.05000305175781,152.1807098388672,85.59654235839844,175.255126953125,257.1766357421875,92.60118103027344,58.55534362792969
2018-09-27,15.040336608886719,36.033607482910156,54.02772521972656,112.05000305175781,152.18978881835938,85.7083740234375,176.7388458251953,257.89520263671875,92.66425323486328,58.83622360229492
2018-09-28,15.192513465881348,35.7917594909668,53.586360931396484,112.76000213623047,152.65170288085938,85.6487808227539,176.7008056640625,257.921875,92.41996765136719,59.63448715209961
2018-10-01,15.479961395263672,35.80010986328125,53.64940643310547,112.56999969482422,150.64109802246094,85.53062438964844,177.06222534179688,258.8179626464844,91.7414779663086,59.080135345458984
2018-10-02,15.530689239501953,35.349788665771484,53.37356948852539,113.87000274658203,149.0108642578125,85.60538482666016,176.66273498535156,258.6671142578125,92.30220794677734,58.94709777832031
2018-10-03,15.674415588378906,35.05792236328125,53.27898025512695,113.41999816894531,150.3150177001953,85.10454559326172,176.85296630859375,258.8089599609375,90.69884490966797,58.31881332397461
2018-10-04,15.505326271057129,34.18230438232422,52.656341552734375,113.4800033569336,148.20484924316406,84.75321960449219,173.45761108398438,256.7862548828125,90.05909729003906,57.83100128173828
2018-10-05,15.47150707244873,34.05722427368164,52.34108352661133,113.80000305175781,146.86441040039062,84.42433166503906,171.33673095703125,255.3490447998047,89.28497314453125,57.80139923095703
2018-10-08,15.42923641204834,34.10725021362305,52.088863372802734,112.54000091552734,146.5565185546875,84.33463287353516,170.29055786132812,255.3490447998047,88.98486328125,58.63667678833008
2018-10-09,15.539140701293945,33.9821662902832,51.95488739013672,112.5999984741211,145.9858856201172,84.57384490966797,170.84213256835938,254.97634887695312,89.88524627685547,58.71796417236328
2018-10-10,15.234785079956055,32.97312545776367,50.851470947265625,112.87999725341797,141.7926025390625,84.34204864501953,163.32862854003906,246.9029541015625,89.64042663574219,57.84577941894531
2018-10-11,15.00651741027832,32.63956069946289,50.14214324951172,115.77999877929688,139.08465576171875,84.69342041015625,161.30284118652344,241.46466064453125,90.73046112060547,56.19005584716797
2018-10-12,15.124876976013184,33.59856033325195,50.32341384887695,115.2300033569336,139.11184692382812,84.7083740234375,165.7919158935547,244.818115234375,90.41447448730469,56.04222106933594
2018-10-15,15.158696174621582,33.239986419677734,50.205196380615234,116.0,139.62806701660156,84.55139923095703,163.78515625,243.4430389404297,90.37496948242188,56.41920852661133
2018-10-16,15.226333618164062,34.07389831542969,51.06428146362305,115.80000305175781,143.67645263671875,84.76817321777344,168.55003356933594,248.76605224609375,90.58036041259766,57.57966995239258
2018-10-17,15.09106159210205,33.656944274902344,50.77266311645508,115.79000091552734,143.06056213378906,84.3495864868164,168.6166534423828,248.81044006347656,90.04325866699219,57.35792541503906
2018-10-18,14.921972274780273,32.772987365722656,49.95298767089844,115.91999816894531,140.37979125976562,84.3495864868164,164.7076873779297,245.2173614501953,90.01165771484375,57.2470588684082
2018-10-19,15.00651741027832,33.08153533935547,50.23672866821289,116.01000213623047,138.8944091796875,84.24490356445312,164.5555419921875,245.08438110351562,89.81416320800781,57.742279052734375
2018-10-22,15.023426055908203,33.440120697021484,50.01603317260742,115.70999908447266,138.59559631347656,84.1402816772461,165.40196228027344,243.98423767089844,89.69571685791016,56.93661880493164
2018-10-23,14.693705558776855,33.07320022583008,49.543148040771484,116.38999938964844,137.35479736328125,84.25988006591797,164.79330444335938,242.7421417236328,89.98006439208984,57.18793487548828
2018-10-24,14.592252731323242,32.00578308105469,48.14023971557617,116.66000366210938,132.18345642089844,84.37948608398438,157.25125122070312,235.3873748779297,90.65934753417969,57.72750473022461
2018-10-25,14.651432991027832,32.62287902832031,48.74711608886719,116.4000015258789,135.04534912109375,84.2748031616211,162.6913604736328,239.61038208007812,90.28024291992188,58.4666633605957
2018-10-26,14.76133918762207,32.247615814208984,48.41609573364258,116.7699966430664,133.56910705566406,84.41683959960938,158.50674438476562,235.39630126953125,90.82518005371094,57.062259674072266
2018-10-29,14.609162330627441,31.688894271850586,48.2821044921875,116.30999755859375,132.83547973632812,84.3196792602539,155.24447631835938,234.09207153320312,90.61983489990234,57.78664016723633
2018-10-30,14.533071517944336,32.305992126464844,48.86534118652344,115.80000305175781,135.6068572998047,84.13279724121094,157.80291748046875,237.56106567382812,90.16967010498047,58.57752227783203
2018-10-31,14.338621139526367,32.65623474121094,49.22789001464844,115.1500015258789,135.87857055664062,83.89359283447266,161.51206970214844,240.09832763671875,89.71156311035156,57.89012908935547
2018-11-01,14.23716926574707,33.82372283935547,49.85840606689453,116.62999725341797,139.01223754882812,84.1478271484375,163.6425323486328,242.65342712402344,89.79460906982422,58.16358947753906
2018-11-02,14.203351020812988,34.04054260253906,49.92934036254883,116.6500015258789,139.4740753173828,83.8103256225586,161.09361267089844,241.21620178222656,88.6782455444336,57.68314743041992
2018-11-05,14.194896697998047,34.13227081298828,49.92934036254883,116.37000274658203,139.36541748046875,83.96031188964844,160.69412231445312,242.5469512939453,89.02665710449219,58.540565490722656
2018-11-06,14.13571548461914,34.07389831542969,50.1342658996582,116.04000091552734,140.05377197265625,84.10281372070312,161.91156005859375,244.081787109375,88.97119140625,58.83622360229492
2018-11-07,14.101900100708008,34.71601486206055,50.804195404052734,116.02999877929688,142.5624237060547,84.32030487060547,166.9902801513672,249.30726623535156,89.08995819091797,59.538421630859375
2018-11-08,14.017354965209961,33.81539535522461,50.30765151977539,115.77999877929688,142.1820831298828,84.07279968261719,165.92507934570312,248.8548126220703,89.08209228515625,59.5827522277832
2018-11-09,13.8651762008667,33.189937591552734,49.97662353515625,114.4800033569336,139.54653930664062,84.13289642333984,163.1289520263672,246.4239959716797,89.74713897705078,59.575347900390625
2018-11-12,13.831358909606934,32.72295379638672,49.156951904296875,113.66000366210938,136.78424072265625,84.12533569335938,158.19281005859375,241.8194580078125,90.33306121826172,59.69363784790039
2018-11-13,13.450912475585938,33.09821701049805,49.3697624206543,113.69999694824219,136.34954833984375,84.01283264160156,158.32594299316406,241.366943359375,90.27766418457031,59.63448715209961
2018-11-14,13.569272994995117,33.29835510253906,49.40916442871094,114.63999938964844,135.353271484375,83.78785705566406,157.1180877685547,239.7168426513672,90.33306121826172,59.486663818359375
2018-11-15,13.543910026550293,34.04054260253906,49.56679153442383,114.7699966430664,137.2823486328125,83.63031768798828,159.86672973632812,242.2186279296875,90.29347229003906,59.080135345458984
2018-11-16,13.62845516204834,34.10725021362305,49.6219596862793,115.62000274658203,137.60841369628906,83.7953109741211,159.3055419921875,242.84857177734375,90.81600952148438,59.71581268310547
2018-11-19,13.62845516204834,33.64860153198242,49.188480377197266,115.66999816894531,134.81893920898438,83.71284484863281,154.1317138671875,238.74093627929688,91.06944274902344,59.797119140625
2018-11-20,13.214189529418945,32.92308807373047,48.337276458740234,115.66999816894531,132.2196044921875,83.51029205322266,151.3735809326172,234.3227081298828,91.10108184814453,59.18361282348633
2018-11-21,13.324097633361816,33.53185272216797,49.01508712768555,115.86000061035156,134.0672149658203,83.69034576416016,152.5243682861328,235.1211700439453,91.06944274902344,59.23536682128906
2018-11-23,12.935194969177246,33.13991165161133,48.691951751708984,115.7699966430664,133.9404296875,83.72783660888672,151.4211883544922,233.55093383789062,91.1644058227539,59.11708450317383
2018-11-26,12.994375228881836,33.54853439331055,49.42491912841797,115.63999938964844,135.67929077148438,83.76535034179688,154.921142578125,237.3214569091797,90.95853424072266,59.22797393798828
2018-11-27,12.943649291992188,33.78202819824219,49.23577117919922,114.94999694824219,134.5563201904297,83.66035461425781,155.44422912597656,238.119873046875,91.06147766113281,59.47928237915039
2018-11-28,12.90137767791748,34.590919494628906,49.937225341796875,115.37999725341797,137.88014221191406,83.88532257080078,160.44683837890625,243.60275268554688,90.61810302734375,60.011444091796875
2018-11-29,12.985921859741211,34.29071807861328,49.68501663208008,115.73999786376953,137.50875854492188,83.64534759521484,159.92379760742188,243.07034301757812,90.97441101074219,60.0262451171875
2018-11-30,12.926741600036621,34.25736618041992,49.47220993041992,115.54000091552734,138.22427368164062,83.5928726196289,161.08412170410156,244.5520477294922,91.31488800048828,60.59540557861328
2018-12-03,13.222644805908203,34.94950866699219,50.12637710571289,116.41000366210938,139.54653930664062,83.90357971191406,163.89930725097656,247.79017639160156,91.96321868896484,60.920616149902344
2018-12-04,13.231098175048828,34.20732498168945,48.8259391784668,117.12000274658203,133.60533142089844,83.91864776611328,157.61265563964844,239.76126098632812,93.50284576416016,60.01885223388672
2018-12-06,13.12119197845459,33.890438079833984,48.36880111694336,117.13999938964844,133.3155059814453,84.1744155883789,158.72537231445312,239.39739990234375,93.79647827148438,61.504547119140625
2018-12-07,13.273371696472168,33.25666427612305,47.880149841308594,118.08999633789062,130.4354248046875,84.18196105957031,153.48497009277344,233.8348846435547,93.9710922241211,60.69888687133789
2018-12-10,13.062010765075684,32.90641784667969,47.509708404541016,117.68000030517578,130.05506896972656,84.43773651123047,155.09230041503906,234.27842712402344,94.35993194580078,60.307125091552734
2018-12-11,13.138100624084473,33.156585693359375,47.65946578979492,117.54000091552734,129.91920471191406,84.58821105957031,155.6059112548828,234.33164978027344,94.34406280517578,60.33668518066406
2018-12-12,13.095829010009766,33.698638916015625,48.36091995239258,117.79000091552734,131.1599884033203,84.67848205566406,156.97540283203125,235.51156616210938,93.9234390258789,59.40536117553711
2018-12-13,13.264915466308594,33.69029998779297,48.274227142333984,117.52999877929688,129.30335998535156,84.90419006347656,157.0230255126953,235.43174743652344,93.70121765136719,59.748680114746094
2018-12-14,13.062010765075684,33.2149658203125,47.65159225463867,117.05999755859375,127.34709167480469,84.81391906738281,153.19969177246094,231.08453369140625,94.02660369873047,59.57666015625
2018-12-17,12.909832954406738,32.90641784667969,47.273277282714844,117.87000274658203,124.51099395751953,84.90419006347656,149.72821044921875,226.55101013183594,94.57424926757812,57.33271789550781
2018-12-18,12.639291763305664,33.12987518310547,47.31150817871094,118.1500015258789,124.3565673828125,85.20758056640625,150.66981506347656,226.30262756347656,95.14058685302734,57.92362594604492
2018-12-19,12.690019607543945,32.579689025878906,46.85743713378906,117.43000030517578,121.76676177978516,85.1396255493164,146.97010803222656,222.91357421875,96.39751434326172,57.2878303527832
2018-12-20,12.571657180786133,32.833621978759766,46.6662483215332,119.23999786376953,119.75848388671875,84.86043548583984,144.83970642089844,219.28501892089844,96.0474853515625,56.42766571044922
2018-12-21,12.461750984191895,32.60508728027344,45.85368728637695,118.72000122070312,116.65071868896484,84.77742004394531,140.3505859375,214.79197692871094,96.03153228759766,55.64228057861328
2018-12-24,12.323867797851562,32.30035400390625,45.3199577331543,120.0199966430664,114.38800048828125,84.58116912841797,136.87022399902344,209.11654663085938,96.50885009765625,53.660118103027344
2018-12-26,12.597921371459961,32.94365692138672,46.371490478515625,119.66000366210938,119.88568878173828,84.51325225830078,145.4162139892578,219.6820831298828,95.47469329833984,55.45527648925781
2018-12-27,12.478021621704102,32.90133285522461,46.506919860839844,120.56999969482422,120.38549041748047,84.51325225830078,145.97897338867188,221.3686981201172,95.49059295654297,55.44778823852539
2018-12-28,12.375250816345215,33.21452331542969,46.753868103027344,121.05999755859375,120.7308120727539,84.91327667236328,145.9026336669922,221.08314514160156,96.2940673828125,55.62731170654297
2018-12-31,12.409507751464844,33.062164306640625,46.82556915283203,121.25,121.67584991455078,85.147216796875,147.13304138183594,223.01959228515625,96.65998840332031,55.77690124511719
2019-01-02,12.443765640258789,33.14679718017578,46.729976654052734,121.33000183105469,122.36649322509766,85.41132354736328,147.7244110107422,223.2515869140625,97.1690902709961,54.56517028808594
2019-01-03,12.54653549194336,32.54582595825195,46.30776596069336,122.43000030517578,120.17650604248047,85.44912719726562,142.8981475830078,217.92417907714844,98.27484130859375,54.9466667175293
2019-01-04,12.717820167541504,33.595420837402344,47.72575378417969,121.44000244140625,124.66555786132812,85.39627838134766,149.0120391845703,225.22369384765625,97.13728332519531,55.589927673339844
2019-01-07,12.812026023864746,33.67160415649414,47.90897750854492,121.86000061035156,126.84639739990234,85.40380859375,150.78611755371094,226.99951171875,96.85089111328125,56.135948181152344
2019-01-08,12.940488815307617,33.79856491088867,48.219661712646484,121.52999877929688,128.79104614257812,85.59251403808594,152.15005493164062,229.1322021484375,96.59635162353516,57.295318603515625
2019-01-09,13.19741439819336,34.39954376220703,48.7613639831543,122.30999755859375,129.8542022705078,85.9170150756836,153.38998413085938,230.203125,96.44520568847656,57.21302795410156
2019-01-10,13.163156509399414,34.6450080871582,48.95256423950195,121.58999633789062,130.5266571044922,85.69061279296875,153.8287353515625,231.01515197753906,95.82473754882812,57.99092102050781
2019-01-11,13.120336532592773,34.47572326660156,48.61797332763672,121.80000305175781,130.56301879882812,85.84912109375,153.26597595214844,231.1043701171875,96.19857788085938,58.15547561645508
2019-01-14,13.009001731872559,34.18793869018555,48.394920349121094,122.08999633789062,129.2635955810547,85.62271881103516,151.91160583496094,229.69442749023438,95.8405990600586,57.96100616455078
2019-01-15,13.111772537231445,34.4249382019043,48.649845123291016,121.87999725341797,130.35403442382812,85.67550659179688,154.8779296875,232.3269500732422,95.49059295654297,58.514522552490234
2019-01-16,13.180286407470703,34.8481559753418,48.78527069091797,122.2699966430664,131.32632446289062,85.84153747558594,154.8492889404297,232.88909912109375,95.58607482910156,58.9259033203125
2019-01-17,13.188850402832031,35.000518798828125,48.96052551269531,122.11000061035156,132.5167236328125,86.01518249511719,156.0701141357422,234.65597534179688,95.60995483398438,59.21014404296875
2019-01-18,13.32587718963623,35.16981506347656,49.45444107055664,121.0199966430664,133.8798065185547,86.16609954833984,157.6152801513672,237.77923583984375,95.10877990722656,59.412078857421875
2019-01-22,13.231671333312988,34.560367584228516,48.689666748046875,121.44999694824219,131.76248168945312,86.30950927734375,154.45826721191406,234.56671142578125,95.75311279296875,59.23258972167969
2019-01-23,13.214543342590332,34.91587448120117,48.9127311706543,121.27999877929688,131.39903259277344,86.52832794189453,154.65850830078125,235.0575714111328,95.7133560180664,59.240055084228516
2019-01-24,13.248798370361328,35.25445556640625,48.9684944152832,121.08999633789062,132.1896209716797,86.75479125976562,155.6600341796875,235.1824188232422,96.341796875,59.4420280456543
2019-01-25,13.317313194274902,35.720001220703125,49.526126861572266,122.86000061035156,133.88888549804688,86.83023834228516,157.5199432373047,237.17247009277344,95.8803939819336,60.18251037597656
2019-01-28,13.13746452331543,35.347557067871094,49.255279541015625,123.29000091552734,133.17098999023438,86.81511688232422,155.57420349121094,235.3699493408203,95.78495025634766,60.7734260559082
2019-01-29,13.2659273147583,35.406822204589844,49.3668098449707,123.9800033569336,132.8529510498047,87.00382995605469,154.10537719726562,235.0575714111328,96.27020263671875,61.252105712890625
2019-01-30,13.36013412475586,36.17707824707031,49.90850830078125,124.69000244140625,134.30690002441406,87.40386199951172,158.02545166015625,238.77870178222656,96.19857788085938,61.74581527709961
2019-01-31,13.291622161865234,36.48180389404297,49.932403564453125,124.75,135.4518280029297,88.01518249511719,160.390869140625,240.87574768066406,97.02593994140625,62.38905715942383
2019-02-01,13.411520004272461,36.19400405883789,49.916473388671875,124.5,135.5608673095703,87.80543518066406,159.71365356445312,240.9917755126953,96.43988800048828,61.99262237548828
2019-02-04,13.420083999633789,36.253265380859375,50.099693298339844,123.95999908447266,137.1784210205078,87.68436431884766,161.69754028320312,242.6872100830078,96.00933837890625,62.45638656616211
2019-02-05,13.36013412475586,36.752662658691406,50.49004364013672,124.27999877929688,137.32382202148438,88.04015350341797,163.12831115722656,243.7045440673828,96.44786834716797,62.815406799316406
2019-02-06,13.377262115478516,36.253265380859375,50.23513412475586,123.44000244140625,137.15110778808594,87.8736343383789,162.641845703125,243.38336181640625,96.49575805664062,62.404029846191406
2019-02-07,13.248798370361328,35.889286041259766,49.565956115722656,123.73999786376953,136.02430725097656,87.85846710205078,160.45762634277344,241.06320190429688,97.13357543945312,62.92013931274414
2019-02-08,13.2659273147583,35.68613815307617,49.40663146972656,124.20999908447266,136.1697235107422,88.07797241210938,160.77239990234375,241.35765075683594,97.5481185913086,62.92013931274414
2019-02-11,13.188850402832031,35.5676383972168,49.35883712768555,123.5999984741211,137.30560302734375,87.88117980957031,160.6197509765625,241.49154663085938,97.1654052734375,63.09217834472656
2019-02-12,13.2659273147583,35.8638916015625,49.932403564453125,123.86000061035156,139.0231170654297,88.00225067138672,162.9947052001953,244.59693908691406,96.91828155517578,62.695716857910156
2019-02-13,13.343005180358887,35.60995864868164,49.940372467041016,123.37000274658203,139.41378784179688,87.7751693725586,163.1091766357422,245.39114379882812,96.55155181884766,63.01736068725586
2019-02-14,13.377262115478516,35.677669525146484,49.956298828125,124.05999755859375,139.73187255859375,87.8736343383789,163.30946350097656,244.84681701660156,97.10163879394531,63.21928787231445
2019-02-15,13.62562370300293,35.626895904541016,50.68123245239258,124.80000305175781,141.95819091796875,87.97959899902344,163.99620056152344,247.5150146484375,97.25316619873047,63.64567184448242
2019-02-19,13.659880638122559,35.90620040893555,50.8724250793457,126.69999694824219,142.3489227294922,88.03253936767578,164.32049560546875,247.94325256347656,97.50027465820312,63.630706787109375
2019-02-20,13.702701568603516,36.10935974121094,51.01581573486328,126.4800033569336,143.02134704589844,87.95683288574219,164.29190063476562,248.44297790527344,97.22124481201172,63.23427200317383
2019-02-21,13.74552059173584,36.03318786621094,50.91224670410156,125.05000305175781,142.4761505126953,87.70703887939453,163.6909942626953,247.55960083007812,96.35221862792969,63.294105529785156
2019-02-22,13.779779434204102,36.431007385253906,51.07954025268555,125.5,143.7120361328125,88.10070037841797,164.90232849121094,249.094482421875,96.92626190185547,63.668128967285156
2019-02-25,13.574239730834961,36.837310791015625,51.23089599609375,125.37000274658203,143.7483673095703,88.07038879394531,165.5032958984375,249.4334716796875,96.63924407958984,63.166969299316406
2019-02-26,13.634187698364258,36.71034240722656,51.47785568237305,125.58000183105469,142.7578887939453,88.2066421508789,165.6748809814453,249.25506591796875,97.11759185791016,62.97248077392578
2019-02-27,13.702701568603516,36.39715576171875,51.27073669433594,124.69000244140625,142.95777893066406,87.95683288574219,165.57000732421875,249.14793395996094,96.017333984375,62.658329010009766
2019-02-28,13.66844367980957,35.92314910888672,51.19902801513672,123.98999786376953,142.46710205078125,87.83573150634766,165.18850708007812,248.6839599609375,95.69047546386719,62.822872161865234
2019-03-01,13.514288902282715,35.9654655456543,51.47785568237305,121.87999725341797,143.7937774658203,87.68235778808594,166.3330078125,250.23667907714844,94.80601501464844,62.6284065246582
2019-03-04,13.557110786437988,36.01625442504883,51.28666305541992,121.55999755859375,142.4943389892578,87.87979888916016,166.36163330078125,249.3264617919922,95.54902648925781,62.91263961791992
2019-03-05,13.62562370300293,36.37176513671875,51.3344612121582,121.72000122070312,141.83096313476562,87.91014099121094,166.48562622070312,248.9873504638672,95.74879455566406,63.084678649902344
2019-03-06,13.548545837402344,36.16862106323242,51.207000732421875,121.61000061035156,139.0503387451172,87.99365997314453,165.5413818359375,247.47927856445312,96.10033416748047,62.79298400878906
2019-03-07,13.514288902282715,35.49991989135742,50.553768157958984,121.51000213623047,137.8326416015625,88.2822494506836,163.509765625,245.40907287597656,96.72350311279297,62.658329010009766
2019-03-08,13.505724906921387,35.24599075317383,50.561737060546875,122.83999633789062,137.79629516601562,88.3961181640625,163.26177978515625,244.91812133789062,97.13101196289062,62.72564697265625
2019-03-11,13.522852897644043,35.90620040893555,50.99987030029297,122.23999786376953,140.20436096191406,88.49485778808594,166.65728759765625,248.46975708007812,96.84339141845703,63.64567184448242
2019-03-12,13.608495712280273,36.09243392944336,50.968013763427734,122.9800033569336,140.2770538330078,88.73784637451172,167.57298278808594,249.4067840576172,97.52251434326172,63.9373779296875
2019-03-13,13.694136619567871,36.1347541809082,51.406158447265625,123.83999633789062,140.8314208984375,88.59358978271484,168.83201599121094,251.05767822265625,97.33872985839844,64.25151824951172
2019-03-14,13.634187698364258,35.9400749206543,51.398189544677734,122.41000366210938,140.25889587402344,88.41893005371094,168.54586791992188,250.89697265625,96.63565826416016,64.34876251220703
2019-03-15,13.634187698364258,36.464874267578125,51.95582580566406,122.97000122070312,140.6314697265625,88.73784637451172,170.1100616455078,252.1366729736328,97.2748031616211,64.14681243896484
2019-03-18,13.702701568603516,36.87116241455078,52.13905715942383,123.04000091552734,141.5311279296875,88.6922836303711,170.5151824951172,253.05078125,97.2188720703125,63.825172424316406
2019-03-19,13.736958503723145,36.888092041015625,52.242610931396484,123.37999725341797,140.81324768066406,88.70745849609375,171.0885467529297,253.1136016845703,97.00316619873047,63.630706787109375
2019-03-20,13.839729309082031,36.94734573364258,52.266510009765625,124.18000030517578,139.63967895507812,89.30738067626953,171.7669677734375,252.3516387939453,98.01787567138672,63.825172424316406
2019-03-21,13.771215438842773,36.99811935424805,52.23464584350586,123.68000030517578,141.4710693359375,89.47441101074219,174.45204162597656,255.20196533203125,98.23358154296875,64.96210479736328
2019-03-22,13.651315689086914,35.91468048095703,51.23089599609375,123.97000122070312,136.32318115234375,90.02112579345703,170.6202850341797,250.2902069091797,99.75962829589844,64.49091339111328
2019-03-25,13.702701568603516,35.999324798583984,51.3026008605957,124.91999816894531,136.92454528808594,90.2033920288086,170.2954559326172,250.10194396972656,99.91943359375,64.57315826416016
2019-03-26,13.728394508361816,36.10935974121094,51.55752182006836,124.30000305175781,138.3640899658203,90.24136352539062,171.0885467529297,251.96630859375,99.8475341796875,65.08926391601562
2019-03-27,13.651315689086914,35.720001220703125,51.5814208984375,123.6500015258789,137.82652282714844,90.36283111572266,169.98965454101562,250.648681640625,100.76632690429688,64.90229034423828
2019-03-28,13.608495712280273,35.95700454711914,51.45395278930664,121.9000015258789,139.05657958984375,90.47673797607422,170.3814697265625,251.5988311767578,101.11787414550781,65.53207397460938
2019-03-29,13.617058753967285,36.329429626464844,51.66905212402344,122.01000213623047,139.4847869873047,90.40841674804688,171.67140197753906,253.18528747558594,101.0219955444336,65.47179412841797
2019-04-01,13.74552059173584,36.930423736572266,52.33024978637695,121.52999877929688,141.00636291503906,90.07178497314453,173.94558715820312,256.1878662109375,99.58710479736328,65.43411254882812
2019-04-02,13.779779434204102,36.81191635131836,52.34617233276367,121.9800033569336,140.64195251464844,90.1936264038086,174.60491943359375,256.3133544921875,99.7712631225586,65.89368438720703
2019-04-03,13.796907424926758,37.065853118896484,52.752464294433594,121.80000305175781,141.37081909179688,90.00323486328125,175.6082000732422,256.7166748046875,98.90644836425781,65.8183364868164
2019-04-04,13.805472373962402,37.29438400268555,52.64093017578125,122.11000061035156,142.0633087158203,90.14793395996094,175.54129028320312,257.3978271484375,99.18669891357422,65.71285247802734
2019-04-05,13.848291397094727,37.582183837890625,52.7763557434082,121.9800033569336,143.39353942871094,90.2926025390625,176.4490966796875,258.643798828125,99.31482696533203,66.17237854003906
2019-04-08,13.899678230285645,37.582183837890625,52.808223724365234,122.51000213623047,143.1566925048828,90.16314697265625,176.898193359375,258.84088134765625,98.96248626708984,65.8032455444336
2019-04-09,13.87398624420166,37.50600051879883,52.473636627197266,123.1500015258789,141.4073028564453,90.35357666015625,176.27708435058594,257.51434326171875,99.27479553222656,65.45670318603516
2019-04-10,13.99388313293457,37.68375015258789,52.672794342041016,123.52999877929688,143.32977294921875,90.79532623291016,177.2230682373047,258.3926696777344,99.51499938964844,66.05938720703125
2019-04-11,13.925370216369629,37.27745819091797,52.5612678527832,121.94999694824219,143.14752197265625,90.70393371582031,176.80264282226562,258.32098388671875,98.93053436279297,66.01419830322266
2019-04-12,13.96819019317627,37.54832458496094,52.92771530151367,121.83000183105469,143.66685485839844,90.65060424804688,177.56710815429688,260.0688171386719,98.22581481933594,66.3305892944336
2019-04-15,13.942498207092285,37.353641510009766,52.95160675048828,121.5999984741211,143.2022247314453,90.50592803955078,177.59571838378906,259.8985290527344,98.47407531738281,65.99158477783203
2019-04-16,13.89111328125,37.63296127319336,52.99143981933594,120.51000213623047,143.53933715820312,90.25458526611328,178.20730590820312,260.0688171386719,97.8575210571289,64.5
2019-04-17,13.839729309082031,37.743003845214844,53.14279556274414,120.27999877929688,142.22731018066406,90.23933410644531,178.82838439941406,259.4324645996094,97.89753723144531,63.91238784790039
2019-04-18,13.882548332214355,37.71761703491211,53.110931396484375,120.37000274658203,141.8081817626953,90.31550598144531,179.05767822265625,259.9433898925781,98.4100112915039,64.40205383300781
2019-04-22,13.951064109802246,37.47214889526367,53.0233039855957,120.37000274658203,141.43460083007812,90.1707992553711,179.56410217285156,260.1673278808594,97.93756866455078,63.69392013549805
2019-04-23,13.96819019317627,37.55678176879883,53.126869201660156,120.12000274658203,143.56666564941406,90.54399108886719,181.84788513183594,262.50677490234375,98.14576721191406,64.53766632080078
2019-04-24,13.9168062210083,37.04891586303711,52.76041793823242,120.47000122070312,144.0131072998047,90.84864807128906,181.27452087402344,261.9241638183594,98.94651794433594,65.01226806640625
2019-04-25,13.89111328125,36.99811935424805,52.7205924987793,120.56999969482422,142.81951904296875,90.80292510986328,182.01031494140625,261.7628173828125,98.80236053466797,64.87664794921875
2019-04-26,13.728394508361816,37.14202880859375,52.935672760009766,121.37000274658203,144.20445251464844,91.12286376953125,182.1727752685547,262.98175048828125,99.13866424560547,65.388916015625
2019-04-29,13.736958503723145,37.21820831298828,53.1507682800293,120.83000183105469,144.89688110351562,90.764892578125,182.5262908935547,263.39404296875,98.50611114501953,64.74860382080078
2019-04-30,13.779779434204102,37.18434143066406,53.18263626098633,121.19999694824219,144.22265625,90.80292510986328,181.1121063232422,263.5285339355469,99.01055145263672,65.36630249023438
2019-05-01,13.736958503723145,36.9050178527832,52.879913330078125,120.4000015258789,142.85597229003906,90.77391815185547,180.5292510986328,261.5476989746094,99.41896057128906,65.41905975341797
2019-05-02,13.582803726196289,36.989662170410156,52.80023956298828,119.94000244140625,143.52110290527344,90.4454116821289,179.7457275390625,260.9830017089844,98.9455337524414,65.48687744140625
2019-05-03,13.591367721557617,37.429813385009766,53.36585235595703,120.6500015258789,146.2636260986328,90.85032653808594,182.61227416992188,263.5375061035156,99.2264175415039,66.0443115234375
2019-05-06,13.634187698364258,36.659549713134766,52.76041793823242,120.80999755859375,146.4275665283203,90.97252655029297,181.49432373046875,262.4530334472656,99.49925994873047,65.83338928222656
2019-05-07,13.46290397644043,35.9400749206543,51.836341857910156,121.20999908447266,143.5301971435547,90.96490478515625,177.9588623046875,258.07000732421875,100.26152038574219,64.64313507080078
2019-05-08,13.480032920837402,35.889286041259766,51.900062561035156,120.91000366210938,142.82864379882812,90.65935516357422,177.5097198486328,257.71148681640625,99.82825469970703,64.5753402709961
2019-05-09,13.411520004272461,35.32216262817383,51.66108322143555,121.19999694824219,142.3092803955078,90.74335479736328,176.55422973632812,256.93182373046875,100.2374267578125,64.74105834960938
2019-05-10,13.437211036682129,35.533782958984375,52.043460845947266,121.43000030517578,142.70108032226562,90.79683685302734,176.7739715576172,258.22247314453125,100.1010513305664,65.43411254882812
2019-05-13,13.368697166442871,34.3487548828125,50.832584381103516,122.66999816894531,138.15455627441406,90.85032653808594,170.63943481445312,251.7332763671875,100.88740539550781,65.36630249023438
2019-05-14,13.548545837402344,34.83123016357422,51.34242248535156,122.45999908447266,139.8948211669922,90.98018646240234,172.5122833251953,254.0098876953125,100.59049987792969,65.60738372802734
2019-05-15,13.66844367980957,34.898948669433594,51.52565383911133,122.38999938964844,140.35037231445312,91.23223876953125,174.94886779785156,255.49774169921875,101.20835876464844,66.05186462402344
2019-05-16,13.74552059173584,34.72966003417969,51.93988800048828,121.51000213623047,141.22509765625,91.087158203125,176.70706176757812,257.8638000488281,100.87138366699219,66.31550598144531
2019-05-17,13.617058753967285,34.1032829284668,51.597347259521484,120.6500015258789,139.2570037841797,91.09477996826172,174.9010772705078,256.19671630859375,101.09601593017578,66.18745422363281
2019-05-20,13.677008628845215,33.959388732910156,51.390228271484375,120.63999938964844,138.29124450683594,90.88089752197266,171.94850158691406,254.50279235839844,100.88740539550781,65.23072814941406
2019-05-21,13.685572624206543,34.39107894897461,51.7327766418457,120.36000061035156,140.14990234375,90.95726013183594,173.74490356445312,256.79736328125,100.72697448730469,65.78819274902344
2019-05-22,13.488595962524414,34.2217903137207,51.52565383911133,120.23999786376953,138.97457885742188,91.07183074951172,172.97097778320312,256.008544921875,101.30462646484375,65.98405456542969
2019-05-23,13.205978393554688,33.78164291381836,51.05564498901367,121.16999816894531,136.1136474609375,91.27047729492188,170.3240966796875,252.88052368164062,102.44406127929688,66.13472747802734
2019-05-24,13.385826110839844,33.81549835205078,51.605316162109375,121.30000305175781,137.38917541503906,91.46141815185547,170.2381134033203,253.45416259765625,102.53234100341797,66.338134765625
2019-05-28,13.497160911560059,33.93400192260742,51.10344696044922,120.83000183105469,136.29583740234375,91.52254486083984,169.59793090820312,251.09683227539062,103.27055358886719,65.68273162841797
2019-05-29,13.445775985717773,34.15407180786133,50.77683639526367,120.87000274658203,135.1569366455078,91.56076049804688,168.20281982421875,249.411865234375,103.58350372314453,64.80888366699219
2019-05-30,13.308748245239258,34.34029769897461,50.968013763427734,121.69000244140625,134.7833709716797,92.08782958984375,168.90989685058594,250.09295654296875,104.47416687011719,65.08006286621094
2019-05-31,12.957615852355957,34.45879364013672,50.5059700012207,123.33000183105469,132.89736938476562,92.30171203613281,166.21531677246094,246.72299194335938,105.7821273803711,65.45670318603516
2019-06-03,12.914795875549316,34.7719841003418,50.80072784423828,125.11000061035156,133.36199951171875,92.58599853515625,162.5556182861328,246.09555053710938,106.48971557617188,65.61492156982422
2019-06-04,12.991874694824219,34.8481559753418,51.38225555419922,125.1500015258789,136.815185546875,92.61666870117188,167.13259887695312,251.43748474121094,105.27555084228516,65.32113647460938
2019-06-05,12.726384162902832,34.5688362121582,51.3663215637207,125.47000122070312,136.8424835205078,92.55533599853516,168.3748321533203,253.615478515625,104.68054962158203,66.68464660644531
2019-06-06,12.949051856994629,34.58576202392578,51.573448181152344,125.87999725341797,136.48712158203125,92.73155975341797,169.71258544921875,255.26467895507812,105.0182876586914,66.81269073486328
2019-06-07,12.991874694824219,34.85662078857422,52.22666931152344,126.58999633789062,137.45297241210938,93.14535522460938,172.99005126953125,257.81915283203125,105.92686462402344,67.0613021850586
2019-06-10,12.957615852355957,35.220603942871094,52.37008285522461,125.33000183105469,138.263916015625,92.8082046508789,175.00624084472656,259.002197265625,104.92981719970703,66.84284973144531
2019-06-11,13.043258666992188,35.61842727661133,52.63295364379883,125.18000030517578,137.85389709472656,92.89248657226562,175.2451171875,258.9394836425781,104.99417877197266,67.02365112304688
2019-06-12,12.863411903381348,35.23752212524414,52.242610931396484,125.83000183105469,138.00881958007812,93.03043365478516,174.2322540283203,258.4823303222656,105.0745620727539,67.2496337890625
2019-06-13,13.026130676269531,35.178279876708984,52.29041290283203,126.5999984741211,139.46658325195312,93.2679672241211,175.2642059326172,259.5489196777344,105.43636322021484,67.53589630126953
2019-06-14,13.077515602111816,34.788917541503906,51.90803527832031,126.55999755859375,138.24566650390625,93.30625915527344,174.5189208984375,259.26214599609375,105.70171356201172,67.57357788085938
2019-06-17,13.017566680908203,34.92622375488281,51.94546890258789,126.4800033569336,139.1993408203125,93.35225677490234,175.5699920654297,259.3607482910156,105.88662719726562,68.29679107666016
2019-06-18,13.171721458435059,35.770599365234375,52.637203216552734,127.12000274658203,140.8177032470703,93.97295379638672,178.1212921142578,262.07647705078125,106.41730499267578,68.22896575927734
2019-06-19,13.146029472351074,36.06910705566406,52.962730407714844,127.88999938964844,141.32058715820312,94.570556640625,178.79017639160156,262.6680603027344,106.57008361816406,68.59809875488281
2019-06-20,13.411520004272461,36.59790802001953,53.426605224609375,131.11000061035156,141.98806762695312,95.08396911621094,180.45278930664062,265.17767333984375,106.85150909423828,68.94461822509766
2019-06-21,13.445775985717773,36.47850799560547,53.1987419128418,131.97999572753906,140.7628631591797,94.73915100097656,180.18524169921875,264.7922668457031,105.67758178710938,67.97283172607422
2019-06-24,13.505724906921387,36.427330017089844,53.31267166137695,133.94000244140625,139.05303955078125,94.9767074584961,180.1909942626953,264.4679870605469,106.46556854248047,67.73931121826172
2019-06-25,13.548545837402344,36.05205154418945,52.99528503417969,134.1999969482422,138.20266723632812,94.69324493408203,177.09776306152344,261.87396240234375,106.79527282714844,66.73738098144531
2019-06-26,13.617058753967285,36.39320755004883,53.060386657714844,132.97000122070312,137.8826904296875,94.5016098022461,177.9213409423828,261.6129150390625,106.11177062988281,65.40398406982422
2019-06-27,13.617058753967285,36.64907455444336,53.19060516357422,132.83999633789062,140.4702606201172,95.05332946777344,178.60133361816406,262.5405578613281,106.85956573486328,66.24594116210938
2019-06-28,13.471468925476074,36.59790802001953,53.49170684814453,133.1999969482422,142.18002319335938,95.29855346679688,178.8311004638672,263.8916015625,106.7872085571289,66.47412872314453
2019-07-01,13.46290397644043,37.032894134521484,53.74398422241211,130.6199951171875,142.72869873046875,95.4791259765625,181.24435424804688,266.2872619628906,106.53742980957031,66.44369506835938
2019-07-02,13.240235328674316,36.939064025878906,53.89860916137695,133.41000366210938,141.8600311279297,95.7403793334961,181.96261596679688,266.9807434082031,107.35916900634766,67.59976959228516
2019-07-03,13.368697166442871,36.870826721191406,54.26482391357422,133.6300048828125,142.8749542236328,96.00165557861328,183.33204650878906,269.115234375,108.12457275390625,68.40597534179688
2019-07-05,13.394391059875488,36.614959716796875,53.84979248046875,132.13999938964844,143.25897216796875,95.15636444091797,182.9585723876953,268.80902099609375,106.69050598144531,68.16258239746094
2019-07-08,13.377262115478516,36.39320755004883,53.54053497314453,131.2899932861328,141.89659118652344,95.02574157714844,181.6753387451172,267.3320617675781,106.8355712890625,68.40597534179688
2019-07-09,13.420083999633789,36.2823371887207,53.31267166137695,131.75,142.08865356445312,94.82592010498047,182.58511352539062,267.6652526855469,106.79525756835938,68.6341323852539
2019-07-10,13.71126651763916,36.58938980102539,53.49985122680664,133.8300018310547,142.33554077148438,95.04110717773438,184.40463256835938,268.9441223144531,106.20714569091797,69.02964782714844
2019-07-11,13.719830513000488,36.52114486694336,53.48356628417969,132.6999969482422,141.64064025878906,94.48011016845703,184.27056884765625,269.57470703125,104.7892074584961,68.13217163085938
2019-07-12,13.754085540771484,36.546730041503906,53.54867172241211,133.52999877929688,142.73779296875,94.5723876953125,185.33355712890625,270.781494140625,104.91004943847656,68.04090118408203
2019-07-15,13.608495712280273,36.683197021484375,53.597503662109375,133.52999877929688,141.98806762695312,94.73371887207031,185.92727661132812,270.87164306640625,105.51428985595703,67.98766326904297
2019-07-16,13.46290397644043,36.63201904296875,53.37777328491211,132.39999389648438,141.94232177734375,94.53394317626953,184.96963500976562,269.9979553222656,105.20011138916016,67.82793426513672
2019-07-17,13.343005180358887,36.52114486694336,53.30453109741211,134.5800018310547,140.92742919921875,95.03340911865234,184.05984497070312,268.1606140136719,106.33605194091797,67.59976959228516
2019-07-18,13.248798370361328,36.74290466308594,53.467288970947266,136.47999572753906,141.457763671875,95.25624084472656,184.27056884765625,269.142333984375,106.3440933227539,67.59976959228516
2019-07-19,13.32587718963623,36.555267333984375,53.31267166137695,134.47000122070312,140.6439666748047,95.11024475097656,182.9202423095703,267.64727783203125,106.0943374633789,66.4969253540039
2019-07-22,13.28305721282959,36.56378936767578,53.369632720947266,134.4499969482422,140.51600646972656,95.4022216796875,184.3759002685547,268.3047180175781,106.29576110839844,66.43610382080078
2019-07-23,13.368697166442871,36.6064338684082,53.70329284667969,133.69000244140625,141.4485626220703,95.45606994628906,185.58253479003906,270.22320556640625,105.71570587158203,67.18905639648438
2019-07-24,13.308748245239258,36.66614532470703,53.74398422241211,134.3699951171875,143.78933715820312,95.72499084472656,186.88491821289062,271.4931945800781,106.17488098144531,67.2422866821289
2019-07-25,13.257362365722656,36.342037200927734,53.1987419128418,133.4199981689453,142.05206298828125,95.41758728027344,185.11326599121094,270.19610595703125,105.66737365722656,66.8468017578125
2019-07-26,13.274491310119629,36.41879653930664,53.30453109741211,133.63999938964844,143.7344512939453,95.54827117919922,187.0189971923828,272.0064697265625,105.91710662841797,67.1510238647461
2019-07-29,13.32587718963623,36.35056686401367,53.418460845947266,134.52999877929688,142.77439880371094,95.48678588867188,186.3773651123047,271.51104736328125,105.94931030273438,67.33357238769531
2019-07-30,13.4029541015625,36.06910705566406,52.799964904785156,134.97999572753906,144.3196563720703,95.45606994628906,185.5729522705078,270.84466552734375,106.20714569091797,67.87357330322266
2019-07-31,13.317313194274902,35.62560272216797,52.45002746582031,133.2100067138672,143.1492919921875,95.5405502319336,183.00645446777344,267.8815002441406,107.06108093261719,67.60739135742188
2019-08-01,12.949051856994629,34.92622375488281,52.30353927612305,136.41000366210938,141.07371520996094,96.31730651855469,182.09671020507812,265.5487365722656,109.1873550415039,67.60739135742188
2019-08-02,12.966180801391602,34.5850715637207,51.83967971801758,135.88999938964844,139.5102081298828,96.41747283935547,179.41526794433594,263.54931640625,110.19642639160156,67.9344253540039
2019-08-05,12.854846954345703,33.30571746826172,50.545719146728516,137.7899932861328,135.322509765625,96.48686218261719,173.07565307617188,255.62353515625,112.10152435302734,66.59581756591797
2019-08-06,12.786333084106445,33.7833366394043,50.88751983642578,138.91000366210938,136.5660400390625,97.08798217773438,175.49850463867188,259.2081298828125,112.99755096435547,67.33357238769531
2019-08-07,12.623613357543945,33.936866760253906,51.08283615112305,141.02000427246094,136.52944946289062,97.07254028320312,176.4466094970703,259.3612365722656,113.03792572021484,67.98766326904297
2019-08-08,12.692127227783203,34.35478210449219,51.579254150390625,141.72999572753906,139.4736328125,97.33450317382812,180.28672790527344,264.4499206542969,113.28012084960938,69.18177032470703
2019-08-09,12.803461074829102,34.00508499145508,51.2211799621582,141.25999450683594,137.71807861328125,97.04940032958984,178.5917510986328,262.6486511230469,113.0540542602539,69.09809875488281
2019-08-12,12.709256172180176,33.595703125,50.814273834228516,142.6300048828125,135.9351043701172,97.65817260742188,176.5424041748047,259.451416015625,115.41127014160156,68.9155502319336
2019-08-13,13.009001731872559,34.02214813232422,51.2944221496582,141.77999877929688,137.39804077148438,97.58116149902344,180.41122436523438,263.4861755371094,115.01568603515625,69.01443481445312
2019-08-14,12.812026023864746,33.04132080078125,49.88652420043945,142.75,133.5578155517578,97.86621856689453,175.0196533203125,255.6955108642578,117.60689544677734,67.96483612060547
2019-08-15,12.709256172180176,33.2630729675293,50.05742263793945,143.6999969482422,133.0275115966797,98.34400939941406,174.81857299804688,256.3710021972656,118.91462707519531,68.64175415039062
2019-08-16,12.700691223144531,33.7236442565918,50.65964889526367,142.77999877929688,135.8985595703125,98.5212631225586,177.62449645996094,260.15386962890625,117.96206665039062,69.34908294677734
2019-08-19,12.760641098022461,33.86009979248047,50.968902587890625,141.11000061035156,137.27005004882812,98.1976089477539,180.44952392578125,263.2880554199219,116.27490997314453,69.8510513305664
2019-08-20,12.794897079467773,33.92833709716797,50.797996520996094,142.2100067138672,136.37400817871094,98.76787567138672,179.05140686035156,261.2706298828125,117.47777557373047,69.35669708251953
2019-08-21,12.83771800994873,34.252437591552734,51.156070709228516,141.75999450683594,137.49864196777344,98.94510650634766,180.64109802246094,263.3962097167969,116.69471740722656,69.64571380615234
2019-08-22,12.7777681350708,33.808929443359375,51.05841827392578,141.39999389648438,137.17857360839844,98.5829086303711,180.05691528320312,263.3150634765625,115.91978454589844,69.96514129638672
2019-08-23,12.683563232421875,33.30571746826172,50.42363739013672,144.1699981689453,132.97268676757812,98.94510650634766,174.35888671875,256.55126953125,117.82488250732422,68.98401641845703
2019-08-26,12.67499828338623,33.484832763671875,50.83869171142578,144.19000244140625,134.4356231689453,98.9527587890625,176.99244689941406,259.3883056640625,117.34857177734375,69.51641082763672
2019-08-27,12.760641098022461,33.54452896118164,50.797996520996094,145.57000732421875,132.44229125976562,99.48448181152344,176.6189422607422,258.37054443359375,119.15679931640625,69.31865692138672
2019-08-28,12.871975898742676,33.63834762573242,50.797996520996094,145.16000366210938,133.98757934570312,99.48448181152344,177.25099182128906,260.18988037109375,119.31021118164062,69.54682922363281
2019-08-29,12.906231880187988,34.01362991333008,51.237449645996094,144.1199951171875,136.33741760253906,99.26876831054688,179.96112060546875,263.5133056640625,118.85812377929688,70.08685302734375
2019-08-30,12.700691223144531,34.27802276611328,51.4409065246582,143.75,136.09056091308594,99.25332641601562,179.53018188476562,263.3962097167969,118.8903579711914,70.14008331298828
2019-09-03,12.63217830657959,34.06480407714844,51.3432502746582,145.75,134.09732055664062,99.15984344482422,177.7872772216797,261.8559875488281,119.04400634765625,70.8398208618164
2019-09-04,12.931924819946289,34.63624572753906,52.06753921508789,146.66000366210938,135.17620849609375,99.34529113769531,180.35377502441406,264.8282470703125,119.22196960449219,71.43306732177734
2019-09-05,12.914795875549316,35.0285758972168,52.34423828125,143.13999938964844,137.690673828125,98.6189193725586,183.65768432617188,268.2327575683594,117.06282043457031,70.9158706665039
2019-09-06,12.949051856994629,35.182090759277344,52.515140533447266,141.9199981689453,137.05972290039062,98.97439575195312,183.47573852539062,268.4398193359375,117.8957748413086,71.07559204101562
2019-09-09,13.068950653076172,35.29297637939453,52.669761657714844,141.38999938964844,138.8975830078125,98.24801635742188,183.09263610839844,268.57501220703125,115.80128479003906,70.73332214355469
2019-09-10,13.086079597473145,35.31856155395508,52.75927734375,140.17999267578125,140.67141723632812,97.42130279541016,182.56594848632812,268.5118713378906,113.77152252197266,70.00318145751953
2019-09-11,12.991874694824219,35.56589889526367,53.05225372314453,141.02999877929688,143.55157470703125,97.34398651123047,184.28009033203125,270.42132568359375,113.56937408447266,70.07925415039062
2019-09-12,12.940488815307617,35.821773529052734,53.36149978637695,141.32000732421875,143.58810424804688,97.212646484375,185.04623413085938,271.3580017089844,112.8254165649414,70.451904296875
2019-09-13,12.940488815307617,36.026466369628906,53.66260528564453,140.14999389648438,143.83502197265625,96.3395004272461,184.38548278808594,271.1778564453125,110.41555786132812,69.6989517211914
2019-09-16,13.514288902282715,35.7450065612793,53.182456970214844,141.32000732421875,144.3744659423828,96.82628631591797,183.56190490722656,270.34027099609375,111.82264709472656,70.30741119384766
2019-09-17,13.257362365722656,35.7450065612793,53.36149978637695,141.60000610351562,143.99961853027344,97.07354736328125,184.44293212890625,271.0247802734375,112.42913055419922,71.06798553466797
2019-09-18,13.171721458435059,35.60001754760742,53.29638671875,140.7100067138672,143.1127166748047,97.3130874633789,184.36631774902344,271.18695068359375,112.90630340576172,70.8246078491211
2019-09-19,13.240235328674316,35.455020904541016,53.47542953491211,141.27999877929688,142.41778564453125,97.59126281738281,184.67276000976562,271.16888427734375,113.24590301513672,71.07559204101562
2019-09-20,13.257362365722656,35.4891471862793,53.35335159301758,142.9499969482422,142.11607360839844,98.26351165771484,182.7191925048828,269.88763427734375,114.7419662475586,71.07559204101562
2019-09-23,13.291622161865234,35.523258209228516,53.21500015258789,143.75,142.00634765625,98.19395446777344,182.79977416992188,269.82427978515625,114.7176513671875,71.18966674804688
2019-09-24,13.13746452331543,35.14797592163086,53.01156234741211,144.50999450683594,139.86294555664062,98.50305938720703,180.37203979492188,267.70703125,116.10050201416016,71.03174591064453
2019-09-25,13.060386657714844,35.12239074707031,52.856937408447266,141.8300018310547,141.39529418945312,97.94670104980469,182.39674377441406,269.2904357910156,114.40235137939453,71.16974639892578
2019-09-26,13.060386657714844,35.113868713378906,53.05225372314453,141.7899932861328,139.8170623779297,98.15532684326172,181.72503662109375,268.7294616699219,115.1382064819336,71.76774597167969
2019-09-27,13.009001731872559,34.661827087402344,52.87321472167969,141.05999755859375,138.69760131835938,98.1784896850586,179.47003173828125,267.2817077636719,115.42131805419922,71.36905670166016
2019-09-30,12.880538940429688,34.85799026489258,53.06853103637695,138.8699951171875,138.86279296875,98.50305938720703,181.17808532714844,268.5212707519531,115.70423126220703,71.49174499511719
2019-10-01,12.871975898742676,34.610660552978516,52.547691345214844,139.6300048828125,136.13766479492188,98.61617279052734,179.70034790039062,265.3273010253906,116.05258178710938,70.81705474853516
2019-10-02,12.760641098022461,34.34626007080078,51.47346115112305,141.25999450683594,135.1099853515625,98.57742309570312,176.61045837402344,260.64044189453125,116.33609771728516,70.51807403564453
2019-10-03,12.743512153625488,34.78976058959961,51.81525421142578,141.89999389648438,135.55953979492188,98.96481323242188,178.54884338378906,262.7757873535156,117.39738464355469,71.20040893554688
2019-10-04,12.846282005310059,34.94328689575195,52.222164154052734,141.89999389648438,136.8441619873047,99.37540435791016,181.17808532714844,266.3316650390625,118.26412963867188,71.6297378540039
2019-10-07,12.829153060913086,34.653297424316406,52.15705490112305,140.69000244140625,136.6056365966797,98.87181091308594,180.631103515625,265.1825256347656,117.283935546875,71.47638702392578
2019-10-08,12.820590019226074,34.405948638916016,51.66877746582031,141.9199981689453,134.38514709472656,98.7865982055664,177.92510986328125,261.065673828125,117.59984588623047,71.10073852539062
2019-10-09,12.854846954345703,34.67035675048828,52.043128967285156,142.0500030517578,134.99990844726562,98.82535552978516,179.66195678710938,263.54486083984375,116.93553924560547,71.23873138427734
2019-10-10,12.940488815307617,35.0285758972168,52.40934753417969,140.80999755859375,135.541259765625,98.24427032470703,181.05337524414062,265.3273010253906,115.19392395019531,71.35372924804688
2019-10-11,13.094643592834473,35.59148406982422,53.345218658447266,140.02999877929688,137.83514404296875,98.06608581542969,183.38510131835938,268.0780334472656,113.76812744140625,71.32307434082031
2019-10-14,13.03469467163086,35.43796920776367,53.125492095947266,140.58999633789062,137.33047485351562,98.39144897460938,183.36590576171875,267.7793884277344,114.59449005126953,71.35372924804688
2019-10-15,13.000439643859863,35.753536224365234,53.74398422241211,139.61000061035156,138.90870666503906,98.1280746459961,185.69769287109375,270.43048095703125,113.20921325683594,71.44575500488281
2019-10-16,13.017566680908203,35.855892181396484,53.82537078857422,140.41000366210938,139.0554962158203,98.23656463623047,185.2371063232422,269.99615478515625,113.34693145751953,71.45340728759766
2019-10-17,13.068950653076172,35.99235534667969,53.9555778503418,140.61000061035156,140.6979217529297,98.37598419189453,185.72645568847656,270.7923583984375,113.07148742675781,71.92107391357422
2019-10-18,13.060386657714844,35.80471420288086,53.9311637878418,140.4600067138672,140.02809143066406,98.4999771118164,183.94166564941406,269.6070556640625,113.07148742675781,72.47307586669922
2019-10-21,13.043258666992188,36.128814697265625,54.2241325378418,139.7899932861328,141.34022521972656,98.27525329589844,185.5729522705078,271.4348449707031,112.22090911865234,73.02507019042969
2019-10-22,13.060386657714844,36.15440368652344,54.09392547607422,140.1999969482422,141.4961700439453,98.44570922851562,184.09521484375,270.5481872558594,112.87703704833984,72.81040954589844
2019-10-23,13.223106384277344,36.16292953491211,54.38690185546875,140.52999877929688,141.67047119140625,98.4999771118164,184.45025634765625,271.33526611328125,112.99052429199219,72.97140502929688
2019-10-24,13.291622161865234,36.16292953491211,54.48455047607422,141.52999877929688,141.4687042236328,98.7168960571289,186.24465942382812,271.7786865234375,112.76367950439453,72.78740692138672
2019-10-25,13.368697166442871,36.41879653930664,54.54152297973633,141.86000061035156,142.22105407714844,98.54643249511719,187.73202514648438,272.8916015625,112.21282958984375,72.16641235351562
2019-10-28,13.317313194274902,36.63201904296875,54.785667419433594,140.63999938964844,143.4505615234375,98.25203704833984,189.58401489257812,274.42974853515625,111.19207000732422,71.72940063476562
2019-10-29,13.291622161865234,36.44438934326172,54.76939010620117,140.25,143.91854858398438,97.99637603759766,188.11582946777344,274.34832763671875,111.26502227783203,72.16641235351562
2019-10-30,13.205978393554688,36.6064338684082,54.99726486206055,141.02000427246094,143.44140625,98.3449935913086,189.02745056152344,275.18988037109375,112.89323425292969,72.42706298828125
2019-10-31,13.128900527954102,36.31645584106445,54.86703872680664,142.42999267578125,142.6339569091797,98.94149780273438,189.11373901367188,274.4569396972656,114.41626739501953,72.2967529296875
2019-11-01,13.368697166442871,36.86231231689453,55.355323791503906,142.55999755859375,145.06553649902344,99.0386962890625,190.83140563964844,276.9993896484375,114.06405639648438,72.28140258789062
2019-11-04,13.454339027404785,37.22905731201172,55.640167236328125,142.14999389648438,145.84539794921875,98.57256317138672,192.01174926757812,278.11236572265625,112.56279754638672,71.77539825439453
2019-11-05,13.488595962524414,37.44228744506836,55.534366607666016,139.85000610351562,146.0288848876953,98.00545501708984,192.1173095703125,277.8047180175781,111.2968521118164,70.55640411376953
2019-11-06,13.343005180358887,37.3228759765625,55.50995635986328,140.4499969482422,145.1847686767578,98.55705261230469,191.6854705810547,277.8680725097656,111.97039794921875,70.7097396850586
2019-11-07,13.334441184997559,37.59579849243164,55.68085479736328,138.27000427246094,145.5701446533203,97.78793334960938,192.32838439941406,278.84527587890625,109.941650390625,70.00440216064453
2019-11-08,13.368697166442871,37.254642486572266,55.6483039855957,137.38999938964844,145.96466064453125,97.65589141845703,193.0960235595703,279.532958984375,109.47908020019531,69.83573150634766
2019-11-11,13.28305721282959,36.99024200439453,55.57506561279297,137.05999755859375,145.68942260742188,97.68696594238281,192.8369903564453,278.99908447265625,109.55209350585938,69.98905944824219
2019-11-12,13.291622161865234,36.75143051147461,55.5994758605957,137.42999267578125,145.73526000976562,97.78016662597656,193.3935089111328,279.5871887207031,110.05525207519531,69.46005249023438
2019-11-13,13.317313194274902,36.469970703125,55.40416717529297,137.97999572753906,145.11134338378906,98.01323699951172,193.44151306152344,279.677734375,110.76936340332031,70.09642028808594
2019-11-14,13.274491310119629,36.49555969238281,55.24953842163086,138.55999755859375,145.06553649902344,98.52594757080078,193.28794860839844,280.0848693847656,111.91358947753906,70.64075469970703
2019-11-15,13.343005180358887,36.78554153442383,55.5994758605957,138.2100067138672,145.81784057617188,98.54146575927734,194.7081298828125,282.11163330078125,111.79182434082031,71.02406311035156
2019-11-18,13.205978393554688,36.72584533691406,55.66457748413086,138.6199951171875,145.45086669921875,98.65022277832031,194.8616943359375,282.31964111328125,111.99472045898438,71.36905670166016
2019-11-19,13.086079597473145,36.8026008605957,55.59132385253906,138.69000244140625,145.9922332763672,98.84444427490234,195.14952087402344,282.23828125,112.92797088623047,71.49174499511719
2019-11-20,13.257362365722656,36.64055633544922,55.24139404296875,138.75999450683594,145.44166564941406,98.98429107666016,193.97886657714844,281.1887512207031,114.0964584350586,71.45340728759766
2019-11-21,13.377262115478516,36.56378936767578,55.16815185546875,138.0,144.7259979248047,98.7512435913086,193.54705810546875,280.73626708984375,113.38235473632812,70.44908905029297
2019-11-22,13.368697166442871,36.56378936767578,55.32278060913086,137.74000549316406,145.1756134033203,99.02313995361328,193.67178344726562,281.36065673828125,113.52848815917969,70.18841552734375
2019-11-25,13.368697166442871,36.9305419921875,55.76223373413086,137.0800018310547,148.25856018066406,99.36493682861328,195.96522521972656,283.5412292480469,113.86115264892578,70.41072845458984
2019-11-26,13.445775985717773,36.81965637207031,55.729679107666016,137.74000549316406,148.35948181152344,99.62129974365234,196.33941650390625,284.1836242675781,114.5265884399414,71.34607696533203
2019-11-27,13.377262115478516,36.86231231689453,55.87617492675781,137.00999450683594,149.405517578125,99.61348724365234,197.7116241455078,285.4504699707031,114.19386291503906,71.68341064453125
2019-11-29,13.111772537231445,36.2823371887207,55.48554229736328,137.86000061035156,148.43296813964844,99.41151428222656,196.8096160888672,284.39178466796875,113.95043182373047,71.35372924804688
2019-12-02,13.094643592834473,36.27381134033203,55.20071029663086,137.7899932861328,146.98316955566406,98.98001098632812,194.79452514648438,281.9758605957031,112.43111419677734,70.27274322509766
2019-12-03,13.103208541870117,36.08616256713867,54.99726486206055,139.11000061035156,146.5152130126953,99.74335479736328,193.2687530517578,280.0848693847656,114.78849792480469,70.7250747680664
2019-12-04,13.308748245239258,36.35908889770508,55.50181579589844,138.9199981689453,147.5244903564453,99.6109619140625,194.24752807617188,281.81304931640625,113.64238739013672,71.01639556884766
2019-12-05,13.334441184997559,36.52114486694336,55.396018981933594,139.0,147.67129516601562,99.50192260742188,194.63137817382812,282.31964111328125,113.08952331542969,71.05474090576172
2019-12-06,13.420083999633789,36.734371185302734,55.90058135986328,137.6199951171875,149.3963165283203,99.44734191894531,196.71363830566406,284.89849853515625,112.46359252929688,71.20040893554688
2019-12-09,13.4029541015625,36.58938980102539,55.60761260986328,137.5800018310547,149.11187744140625,99.43182373046875,195.82125854492188,284.0027160644531,112.70748901367188,71.33841705322266
2019-12-10,13.46290397644043,36.717315673828125,55.63202667236328,137.97000122070312,149.2036590576172,99.43182373046875,195.65811157226562,283.6860046386719,112.7155990600586,70.92440032958984
2019-12-11,13.4029541015625,37.254642486572266,55.92499923706055,138.9199981689453,149.1577606201172,99.82125854492188,196.69447326660156,284.4913024902344,113.60169219970703,70.20374298095703
2019-12-12,13.522852897644043,37.90284729003906,56.29935073852539,138.42999267578125,150.44235229492188,99.3616714477539,198.16262817382812,286.9433288574219,111.73204040527344,69.25308227539062
2019-12-13,13.591367721557617,37.88579177856445,56.689979553222656,139.0500030517578,149.86428833007812,100.0082015991211,198.8151397705078,287.11529541015625,113.02455139160156,69.2684097290039
2019-12-16,13.685572624206543,38.20722579956055,57.29568862915039,139.0399932861328,150.9206085205078,99.78228759765625,200.81105041503906,289.0877380371094,112.0083999633789,69.7667465209961
2019-12-17,13.74552059173584,38.55567169189453,56.96649932861328,139.00999450683594,151.67572021484375,99.70445251464844,200.9262237548828,289.15106201171875,111.85392761230469,69.1073989868164
2019-12-18,13.754085540771484,38.76474380493164,56.892425537109375,139.02000427246094,151.97044372558594,99.63431549072266,201.0797576904297,289.16912841796875,110.93538665771484,69.94972229003906
2019-12-19,13.814034461975098,38.78216552734375,56.892425537109375,139.3800048828125,152.62423706054688,99.73271942138672,202.33677673339844,290.3545227050781,111.11287689208984,70.56964111328125
2019-12-20,13.796907424926758,38.860565185546875,56.93357849121094,139.52000427246094,152.8453369140625,99.70149230957031,203.15245056152344,291.6274108886719,111.25946044921875,70.95708465576172
2019-12-23,13.80038833618164,38.9128303527832,57.02410125732422,139.9499969482422,153.1492462158203,99.7483139038086,203.6890106201172,292.0729675292969,111.0965805053711,70.60062408447266
2019-12-24,13.861298561096191,38.82572555541992,56.96649932861328,141.27000427246094,153.49917602539062,99.849853515625,203.79483032226562,292.0820617675781,111.41411590576172,70.78661346435547
2019-12-26,13.965713500976562,39.10448455810547,57.21339416503906,142.3800048828125,153.49917602539062,100.02947998046875,205.59310913085938,293.6368408203125,111.682861328125,71.09657287597656
2019-12-27,13.99181842803955,39.26128387451172,57.31214904785156,142.3300018310547,152.74398803710938,100.17005920410156,205.42002868652344,293.56414794921875,111.80492401123047,71.32128143310547
2019-12-30,13.965713500976562,38.99994659423828,56.88419723510742,142.6300048828125,152.3572540283203,100.34970092773438,204.0736846923828,291.9456787109375,111.39787292480469,71.39102935791016
2019-12-31,13.878700256347656,39.087059020996094,57.14755630493164,142.89999389648438,152.5690155029297,99.935791015625,204.4583740234375,292.6548156738281,110.30687713623047,71.90245056152344
2020-01-02,13.896103858947754,39.87977600097656,57.723636627197266,143.9499969482422,152.67034912109375,100.14666748046875,207.87222290039062,295.39178466796875,111.55257415771484,71.05780792236328
2020-01-03,14.061429023742676,39.13932800292969,57.00764465332031,145.86000061035156,152.0717315673828,100.49026489257812,205.96820068359375,293.1550598144531,113.27046203613281,71.4994888305664
2020-01-06,14.087533950805664,39.04350280761719,57.2298583984375,147.38999938964844,152.2743682861328,100.15443420410156,207.29527282714844,294.2734069824219,112.62725830078125,71.58473205566406
2020-01-07,14.078832626342773,39.01736831665039,57.073486328125,147.97000122070312,151.76785278320312,99.896728515625,207.26641845703125,293.44586181640625,112.0736083984375,70.78661346435547
2020-01-08,13.869998931884766,39.243858337402344,57.23808288574219,146.86000061035156,152.2375030517578,99.75614166259766,208.8242950439453,295.00994873046875,111.33272552490234,71.00357818603516
2020-01-09,13.809089660644531,39.50519561767578,57.3697624206543,146.02999877929688,152.42169189453125,100.23253631591797,210.5937957763672,297.0102844238281,111.72354125976562,70.9648208618164
2020-01-10,13.809089660644531,39.714263916015625,57.155784606933594,146.91000366210938,151.85072326660156,100.51373291015625,210.05523681640625,296.1555480957031,112.71686553955078,71.50726318359375
2020-01-13,13.704672813415527,40.332759857177734,57.45205307006836,145.82000732421875,152.83609008789062,100.27157592773438,212.47862243652344,298.1922302246094,112.37491607666016,72.36737060546875
2020-01-14,13.765582084655762,40.10626983642578,57.50967025756836,145.69000244140625,153.39788818359375,100.39657592773438,211.6419677734375,297.7376708984375,112.95297241210938,72.0961685180664
2020-01-15,13.69597053527832,39.79266357421875,57.50967025756836,146.5399932861328,154.13458251953125,100.61524963378906,211.72850036621094,298.4105224609375,113.70201873779297,72.74710083007812
2020-01-16,13.678568840026855,40.0452880859375,57.74832534790039,146.30999755859375,156.1238250732422,100.75581359863281,213.75762939453125,300.892822265625,113.34379577636719,73.3282699584961
2020-01-17,13.722076416015625,40.27177810668945,57.92115020751953,146.5800018310547,155.70016479492188,100.74021911621094,214.81544494628906,301.829345703125,112.37491607666016,73.39800262451172
2020-01-21,13.643763542175293,39.25257110595703,57.460289001464844,146.74000549316406,154.41090393066406,101.22441864013672,214.71925354003906,301.23828125,113.55545806884766,74.09539794921875
2020-01-22,13.461033821105957,39.57488250732422,57.57550811767578,146.7899932861328,154.3095703125,101.27906036376953,215.2866668701172,301.274658203125,113.9544448852539,73.5994644165039
2020-01-23,13.347916603088379,39.165462493896484,57.43558883666992,147.1199951171875,154.20828247070312,101.41184997558594,215.97906494140625,301.62017822265625,114.75228881835938,74.2193832397461
2020-01-24,13.147785186767578,38.85185623168945,57.18870544433594,147.97999572753906,152.31114196777344,101.58369445800781,214.16152954101562,298.9377746582031,115.68054962158203,73.96366119384766
2020-01-27,12.904145240783691,37.51034164428711,56.00361251831055,148.99000549316406,150.57981872558594,101.77892303466797,209.73785400390625,294.1460266113281,117.47991180419922,73.60722351074219
2020-01-28,12.965056419372559,37.82394027709961,56.53031921386719,147.66000366210938,151.8323211669922,101.72425079345703,212.9593963623047,297.228515625,116.55985260009766,73.90167236328125
2020-01-29,12.904145240783691,38.00687026977539,56.538551330566406,148.4600067138672,150.96661376953125,102.05224609375,213.3056182861328,296.98291015625,117.69974517822266,73.63045501708984
2020-01-30,12.791028022766113,37.440643310546875,56.489158630371094,148.47000122070312,150.96661376953125,102.11475372314453,214.0653533935547,297.9467468261719,117.71601104736328,73.68470764160156
2020-01-31,12.68661117553711,36.682777404785156,55.534523010253906,149.3300018310547,147.83546447753906,102.38027954101562,210.6707000732422,292.5367431640625,118.7907485961914,72.78582763671875
2020-02-03,12.451674461364746,37.09219741821289,55.666194915771484,148.36000061035156,149.48397827148438,102.29963684082031,213.85379028320312,294.70977783203125,118.69451904296875,73.02604675292969
2020-02-04,12.469077110290527,38.05043029785156,56.59615707397461,146.42999267578125,151.740234375,102.049072265625,218.7486114501953,299.2015686035156,117.09600067138672,73.7776870727539
2020-02-05,12.660507202148438,38.26820755004883,57.13931655883789,146.61000061035156,154.07933044433594,101.9864273071289,219.4698486328125,302.65679931640625,115.81561279296875,73.82418823242188
2020-02-06,12.712716102600098,38.30305862426758,57.29568862915039,147.39999389648438,153.72935485839844,101.939453125,221.36436462402344,303.6751708984375,116.33757019042969,74.07215881347656
2020-02-07,12.643105506896973,37.771671295166016,56.752525329589844,147.7899932861328,151.84149169921875,102.33097839355469,220.4123077392578,302.0566711425781,117.78921508789062,74.056640625
2020-02-10,12.529987335205078,37.98072814941406,56.86774444580078,148.1699981689453,152.69798278808594,102.57368469238281,223.0760955810547,304.3116455078125,118.11546325683594,74.88578033447266
2020-02-11,12.573493003845215,38.477264404296875,57.254539489746094,147.66000366210938,153.7570343017578,102.4249038696289,223.11459350585938,304.8389892578125,117.52011108398438,75.45146942138672
2020-02-12,12.74752140045166,38.99994659423828,57.45205307006836,147.5399932861328,154.81610107421875,102.3779296875,225.2879180908203,306.8030090332031,116.92475128173828,75.9009017944336
2020-02-13,12.75622272491455,38.485992431640625,57.04880142211914,148.3800048828125,155.22125244140625,102.30745697021484,224.99942016601562,306.4755859375,117.37330627441406,76.35810089111328
2020-02-14,12.74752140045166,38.50341033935547,56.950042724609375,149.0,154.62266540527344,102.55804443359375,225.6436767578125,306.9667053222656,117.88709259033203,77.1484603881836
2020-02-18,12.843236923217773,38.25078201293945,56.58794021606445,150.91000366210938,154.29115295410156,102.75375366210938,225.7303009033203,306.1756286621094,118.69451904296875,77.0632553100586
2020-02-19,12.965056419372559,38.529541015625,56.7772102355957,151.7899932861328,155.08314514160156,102.61283874511719,227.89404296875,307.63958740234375,118.68641662597656,76.02488708496094
2020-02-20,12.912847518920898,37.928470611572266,56.43979263305664,152.41000366210938,155.46070861816406,102.95735931396484,225.7783203125,306.37567138671875,119.61612701416016,76.93150329589844
2020-02-21,12.860639572143555,37.71068572998047,56.17644119262695,154.6999969482422,153.88595581054688,103.16092681884766,221.44126892089844,303.2205810546875,120.7333755493164,77.15624237060547
2020-02-24,12.617000579833984,36.29948806762695,53.92970657348633,156.08999633789062,149.25372314453125,103.1766128540039,212.90171813964844,293.1641540527344,122.53575134277344,76.10238647460938
2020-02-25,12.382062911987305,36.01201248168945,53.040889739990234,153.3000030517578,143.94923400878906,103.27839660644531,207.1125030517578,284.2806396484375,123.18815612792969,74.04114532470703
2020-02-26,12.260244369506836,36.29948806762695,53.10673522949219,153.97000122070312,142.2823486328125,102.89472961425781,208.17999267578125,283.2349853515625,122.53575134277344,73.24301147460938
2020-02-27,12.051410675048828,35.42835998535156,51.534847259521484,154.0,137.2725372314453,102.34662628173828,197.75558471679688,270.5144348144531,123.86506652832031,69.34529876708984
2020-02-28,11.842577934265137,35.29770278930664,51.22211837768555,148.3800048828125,134.75843811035156,103.49764251708984,197.90948486328125,269.37786865234375,126.66238403320312,67.67152404785156
2020-03-02,12.112319946289062,36.06428527832031,51.880496978759766,149.1999969482422,139.08676147460938,103.39480590820312,208.12229919433594,281.0436706542969,125.73048400878906,70.56188201904297
2020-03-03,12.13842487335205,35.82036590576172,51.46078109741211,153.88999938964844,136.25030517578125,104.57237243652344,201.44837951660156,272.9966735839844,127.68252563476562,70.39916229248047
2020-03-04,12.147125244140625,36.45627975463867,52.999752044677734,154.16000366210938,140.12741088867188,104.72160339355469,209.85325622558594,284.47161865234375,126.3267822265625,73.05704498291016
2020-03-05,12.016605377197266,35.689701080322266,51.59245300292969,157.49000549316406,135.6700897216797,104.68231201171875,203.4774627685547,275.0151672363281,129.47119140625,71.49177551269531
2020-03-06,11.625042915344238,34.95796585083008,50.81886672973633,157.5500030517578,132.98101806640625,105.41242980957031,200.0443572998047,270.4689025878906,136.2093505859375,70.25967407226562
2020-03-09,10.720099449157715,32.57109832763672,46.87678909301758,157.80999755859375,120.05132293701172,102.85307312011719,186.1483917236328,249.34683227539062,139.9010772705078,64.84315490722656
2020-03-10,11.059453964233398,34.22622299194336,48.60505294799805,154.47999572753906,123.79944610595703,100.5371322631836,196.2842254638672,262.2491760253906,132.7300567626953,67.58270263671875
2020-03-11,10.859321594238281,32.632076263427734,46.12788009643555,153.92999267578125,115.9255599975586,97.23187255859375,187.73507690429688,249.4649658203125,127.84587860107422,63.52180480957031
2020-03-12,10.4242525100708,29.365388870239258,41.05834197998047,147.7899932861328,103.11556243896484,92.59211730957031,170.52142333984375,225.5968780517578,128.63804626464844,57.086856842041016
2020-03-13,10.537371635437012,31.48219871520996,43.543739318847656,143.27999877929688,110.0224609375,96.60387420654297,184.96551513671875,244.88232421875,125.73048400878906,62.06926345825195
2020-03-16,9.90217113494873,27.553455352783203,39.0502815246582,141.63999938964844,95.42585754394531,95.22996520996094,162.80892944335938,218.08636474609375,133.87347412109375,51.06576919555664
2020-03-17,9.74554443359375,29.452497482299805,40.951351165771484,143.55999755859375,99.80024719238281,91.32810974121094,175.1566162109375,229.86131286621094,124.94641876220703,54.01774215698242
2020-03-18,9.42359447479248,26.908832550048828,38.60587692260742,140.6999969482422,92.06449890136719,86.75897979736328,169.82901000976562,218.2227783203125,117.89784240722656,48.879150390625
2020-03-19,9.623725891113281,27.117897033691406,39.206642150878906,138.0399932861328,95.65609741210938,82.47247314453125,170.84835815429688,218.6864776611328,121.10765075683594,49.05094909667969
2020-03-20,9.519309043884277,27.31825828552246,38.72108459472656,140.11000061035156,93.38140869140625,83.7992172241211,164.15524291992188,209.26235961914062,130.2144317626953,46.60661315917969
2020-03-23,9.632426261901855,26.664920806884766,38.26845169067383,146.3000030517578,92.00003814697266,89.99349212646484,164.27378845214844,203.9119110107422,135.58047485351562,44.44339370727539
2020-03-24,9.841259956359863,28.668487548828125,41.510986328125,153.39999389648438,100.41724395751953,91.83843231201172,176.9947052001953,222.38699340820312,133.05670166015625,48.44181823730469
2020-03-25,10.006587028503418,29.678979873657227,42.86066436767578,151.3000030517578,101.66529846191406,96.23484802246094,175.68408203125,225.71612548828125,132.7544708251953,51.050174713134766
2020-03-26,9.971781730651855,30.802724838256836,44.778202056884766,153.24000549316406,107.98877716064453,96.31334686279297,184.9356689453125,238.89564514160156,133.4079132080078,54.65031433105469
2020-03-27,9.936976432800293,29.05177879333496,43.50259017944336,152.25,104.0597152709961,96.11711883544922,178.57522583007812,231.77999877929688,136.9689483642578,54.7049674987793
2020-03-30,9.910872459411621,29.53089714050293,44.3831787109375,152.9199981689453,106.35243225097656,97.28685760498047,185.07058715820312,239.3072052001953,135.8418426513672,55.89979934692383
2020-03-31,9.789052963256836,29.731252670288086,43.996368408203125,148.0500030517578,105.81622314453125,96.96500396728516,183.49008178710938,235.74024963378906,134.7391815185547,54.548770904541016
2020-04-01,9.510607719421387,28.45941925048828,42.04591369628906,149.4499969482422,98.60528564453125,95.55615234375,175.6936798095703,225.1308135986328,136.62704467773438,50.96426010131836
2020-04-02,9.693337440490723,29.41765594482422,42.868900299072266,151.89999389648438,99.53899383544922,95.80805206298828,179.25941467285156,230.3258056640625,137.4940948486328,51.13606643676758
2020-04-03,9.936976432800293,28.860137939453125,41.88955307006836,152.64999389648438,96.7193374633789,95.31217956542969,176.7152557373047,226.99664306640625,137.82115173339844,50.39418029785156
2020-04-06,9.98918342590332,30.43685531616211,44.11159133911133,156.8800048828125,104.12442016601562,97.19320678710938,189.34942626953125,242.2431182861328,137.4612579345703,54.12708282470703
2020-04-07,10.058794975280762,30.59366226196289,44.35847473144531,156.0399932861328,104.39251708984375,97.34276580810547,189.2723388671875,242.49009704589844,136.02174377441406,54.62687683105469
2020-04-08,10.03269100189209,30.907257080078125,44.72060012817383,154.64999389648438,109.15362548828125,99.09795379638672,193.291015625,250.62998962402344,135.03201293945312,58.35198211669922
2020-04-09,10.058794975280762,30.79401397705078,45.732852935791016,158.69000244140625,114.37694549560547,103.7572250366211,193.57052612304688,254.44400024414062,135.27748107910156,61.62412643432617
2020-04-13,10.23282241821289,30.837575912475586,45.29668426513672,161.41000366210938,111.27992248535156,102.74983978271484,195.66175842285156,252.12088012695312,134.04232788085938,59.031402587890625
2020-04-14,10.145808219909668,31.543174743652344,46.10319900512695,162.67999267578125,113.53565216064453,102.24614715576172,204.17127990722656,259.5566711425781,134.00955200195312,60.68697738647461
2020-04-15,9.936976432800293,30.73303985595703,44.662986755371094,161.85000610351562,108.90401458740234,102.93087768554688,201.82948303222656,254.04159545898438,137.55946350097656,58.28169250488281
2020-04-16,9.910872459411621,30.898550033569336,44.687679290771484,161.7100067138672,108.08121490478516,102.41925811767578,205.51084899902344,255.26719665527344,139.12164306640625,57.61788558959961
2020-04-17,9.954378128051758,31.586732864379883,45.872764587402344,158.57000732421875,112.84230041503906,102.75770568847656,207.47677612304688,262.1632385253906,137.25677490234375,59.437477111816406
2020-04-20,9.789052963256836,31.186017990112305,45.189693450927734,159.6999969482422,111.51105499267578,102.17528533935547,205.01939392089844,257.5445556640625,138.3609619140625,57.227420806884766
2020-04-21,9.327878952026367,30.32361602783203,44.309104919433594,158.61000061035156,108.8485336303711,101.8132553100586,197.45423889160156,249.72462463378906,140.10321044921875,56.18876266479492
2020-04-22,9.458399772644043,31.151172637939453,45.05801773071289,161.72999572753906,110.1705551147461,101.87619018554688,203.31356811523438,255.26719665527344,138.67185974121094,57.04780960083008
2020-04-23,9.432296752929688,31.037935256958008,44.91810607910156,163.33999633789062,111.25218963623047,102.30908203125,202.87994384765625,255.24884033203125,139.40798950195312,56.571434020996094
2020-04-24,9.310476303100586,30.99437713623047,45.43658447265625,162.63999938964844,113.16585540771484,102.23828887939453,206.0794677734375,258.806640625,139.735107421875,56.81351852416992
2020-04-27,9.136449813842773,31.621580123901367,46.037357330322266,161.55999755859375,117.64961242675781,101.41185760498047,207.73704528808594,262.53826904296875,137.13412475585938,58.75807189941406
2020-04-28,9.145150184631348,31.682552337646484,46.38300323486328,160.83999633789062,119.35991668701172,101.68730926513672,203.82437133789062,261.3310546875,138.71270751953125,59.24225997924805
2020-04-29,9.310476303100586,32.60594177246094,47.54340362548828,161.72999572753906,125.23037719726562,102.3563232421875,211.05218505859375,268.17230224609375,137.9929962158203,60.132503509521484
2020-04-30,9.484502792358398,31.91775894165039,46.55583572387695,158.8000030517578,120.46929931640625,101.66370391845703,210.9654541015625,265.6754455566406,136.381591796875,59.437477111816406
2020-05-01,9.362685203552246,30.767887115478516,45.54357147216797,159.77999877929688,115.68971252441406,101.26131439208984,205.01939392089844,258.6419982910156,137.5495147705078,57.43046569824219
2020-05-04,9.475802421569824,31.098909378051758,45.52711486816406,160.33999633789062,116.18893432617188,101.41907501220703,207.4093017578125,259.3554382324219,136.9025421142578,57.14932632446289
2020-05-05,9.719441413879395,31.273130416870117,45.60940933227539,161.02000427246094,117.08565521240234,101.28496551513672,209.76083374023438,261.7516784667969,136.0261688232422,57.43046569824219
2020-05-06,9.528011322021484,31.177310943603516,45.313140869140625,158.9499969482422,116.22591400146484,100.14881896972656,211.05218505859375,259.97735595703125,133.83128356933594,56.399627685546875
2020-05-07,9.588920593261719,31.429941177368164,45.99620819091797,161.38999938964844,117.81600952148438,100.4170913696289,213.76986694335938,263.1144714355469,136.06710815429688,57.204002380371094
2020-05-08,9.789052963256836,32.09197998046875,46.77803421020508,160.4199981689453,122.3644790649414,99.93578338623047,216.6995086669922,267.4681701660156,134.29811096191406,58.56282043457031
2020-05-11,9.65853214263916,31.882917404174805,46.73688888549805,159.4199981689453,121.75431823730469,99.06000518798828,218.63656616210938,267.5228576660156,133.2498779296875,57.711612701416016
2020-05-12,9.580219268798828,31.760950088500977,46.14434051513672,160.0399932861328,117.38150787353516,100.01469421386719,214.05894470214844,262.1907653808594,134.61752319335938,55.0876350402832
2020-05-13,9.484502792358398,31.699981689453125,45.79046630859375,161.5800018310547,113.45244598388672,100.24346923828125,211.3798065185547,257.55364990234375,135.55941772460938,53.75223159790039
2020-05-14,9.64983081817627,31.82193374633789,45.354286193847656,163.00999450683594,113.82225799560547,101.07194519042969,213.7794952392578,260.6358947753906,136.88612365722656,53.93964767456055
2020-05-15,9.74554443359375,31.386375427246094,45.39543151855469,163.92999267578125,115.63423156738281,101.42700958251953,215.16722106933594,261.833984375,136.53395080566406,53.72879409790039
2020-05-18,10.0239896774292,32.614646911621094,47.230674743652344,162.69000244140625,122.6603012084961,102.00298309326172,219.17620849609375,269.8094787597656,133.5364532470703,56.9072380065918
2020-05-19,9.997884750366211,32.35332489013672,46.58052062988281,164.25999450683594,120.23814392089844,102.08186340332031,218.62693786621094,267.03814697265625,134.03607177734375,56.14189910888672
2020-05-20,10.17191219329834,32.78017044067383,47.5516357421875,164.64999389648438,123.88065338134766,103.20223999023438,222.99253845214844,271.5746154785156,134.43734741210938,56.64170837402344
2020-05-21,10.128406524658203,32.40558624267578,47.000240325927734,162.25,124.10250091552734,103.12335968017578,220.56396484375,269.69964599609375,134.7730712890625,56.68856430053711
2020-05-22,10.050093650817871,31.734813690185547,46.868560791015625,163.2100067138672,124.70342254638672,103.12335968017578,221.32530212402344,270.2118225097656,135.58395385742188,57.453887939453125
2020-05-26,10.154510498046875,32.43172073364258,48.210018157958984,160.88999938964844,128.2996368408203,102.98135375976562,220.727783203125,273.5410461425781,133.76577758789062,59.60148620605469
2020-05-27,10.0239896774292,32.53624725341797,48.79433822631836,161.17999267578125,132.2841339111328,103.40740966796875,221.9324493408203,277.61102294921875,133.52008056640625,60.78850173950195
2020-05-28,10.076197624206543,32.30976867675781,49.25519943237305,161.72000122070312,129.15016174316406,103.49417877197266,221.64332580566406,277.098876953125,133.0286865234375,61.07746505737305
2020-05-29,10.250224113464355,32.86727523803711,49.082374572753906,162.91000366210938,128.41058349609375,104.16485595703125,224.8910369873047,278.3335876464844,133.9786834716797,60.46831512451172
2020-06-01,10.311135292053223,33.62514877319336,50.17693328857422,163.66000366210938,129.6400909423828,104.11900329589844,225.56561279296875,279.4585266113281,133.07669067382812,61.8662109375
2020-06-02,10.4242525100708,34.42658233642578,50.64603805541992,162.60000610351562,130.7125244140625,104.45123291015625,227.0786590576172,281.77239990234375,132.5928497314453,62.36602020263672
2020-06-03,10.4242525100708,35.22800827026367,51.855804443359375,159.60000610351562,133.86502075195312,104.38786315917969,228.10018920898438,285.5223693847656,130.8297119140625,64.365234375
2020-06-04,10.511266708374023,34.73147201538086,51.633602142333984,161.27999877929688,133.67086791992188,104.071533203125,226.50045776367188,284.7724609375,128.93545532226562,63.724849700927734
2020-06-05,10.720099449157715,35.646141052246094,52.522422790527344,158.00999450683594,138.83872985839844,104.60936737060547,230.99130249023438,292.071044921875,128.01698303222656,66.13796997070312
2020-06-08,10.65048885345459,35.86391830444336,53.20549774169922,159.72000122070312,141.52896118164062,104.9573745727539,232.78379821777344,295.60137939453125,128.50901794433594,67.77793884277344
2020-06-09,10.685294151306152,35.6200065612793,52.514190673828125,161.25999450683594,138.91270446777344,104.73591613769531,234.47030639648438,293.3972473144531,129.96871948242188,66.65339660644531
2020-06-10,10.754904747009277,35.88134765625,52.39897155761719,163.57000732421875,135.1408233642578,105.42401123046875,237.2843017578125,291.7599182128906,131.8957977294922,64.95874786376953
2020-06-11,10.40684986114502,34.008445739746094,49.59261703491211,162.38999938964844,124.83282470703125,104.16645812988281,225.52706909179688,274.9403076171875,134.38870239257812,60.78850173950195
2020-06-12,10.450357437133789,34.73147201538086,50.448516845703125,162.6199951171875,127.82813262939453,104.6726303100586,227.31954956054688,278.2329406738281,133.09310913085938,62.96733093261719
2020-06-15,10.546072959899902,34.41604995727539,50.655513763427734,162.3300018310547,130.78350830078125,106.15960693359375,230.08541870117188,280.8304748535156,133.16688537597656,63.85761642456055
2020-06-16,10.633086204528809,34.63509750366211,51.28150939941406,162.25,133.92811584472656,105.86700439453125,234.03660583496094,286.2357177734375,131.12493896484375,65.11492919921875
2020-06-17,10.580877304077148,34.96803665161133,51.473472595214844,162.55999755859375,131.507080078125,105.66131591796875,234.77867126464844,285.0468444824219,131.66619873046875,64.16999053955078
2020-06-18,10.641786575317383,34.985565185546875,51.19804382324219,162.24000549316406,131.46066284179688,105.89859008789062,235.4147491455078,285.1566467285156,133.06033325195312,63.46714782714844
2020-06-19,10.728801727294922,34.9767951965332,50.9476432800293,164.02999877929688,130.78350830078125,105.97771453857422,235.37619018554688,283.5268859863281,133.16688537597656,62.54563522338867
2020-06-22,10.841919898986816,35.4061164855957,51.55694580078125,165.08999633789062,132.09141540527344,105.8748779296875,238.19895935058594,285.3458251953125,133.18328857421875,62.48316192626953
2020-06-23,10.789710998535156,35.74782943725586,51.840728759765625,166.47999572753906,132.6480255126953,105.67711639404297,240.2262420654297,286.659423828125,132.2730255126953,62.22543716430664
2020-06-24,10.519967079162598,35.27469253540039,50.51362228393555,165.89999389648438,128.3439483642578,105.38448333740234,235.2738494873047,279.34716796875,133.69168090820312,60.45269775390625
2020-06-25,10.615682601928711,35.423641204833984,51.23143005371094,165.8000030517578,130.28257751464844,105.49524688720703,237.51351928710938,282.3418884277344,134.0770721435547,61.22481918334961
2020-06-26,10.485161781311035,34.99431610107422,50.488582611083984,166.5399932861328,126.77628326416016,105.59011840820312,231.9046173095703,275.6358947753906,135.51219177246094,60.04967498779297
2020-06-29,10.65919017791748,35.15203094482422,50.89756393432617,166.6300048828125,130.92269897460938,106.08056640625,234.4339599609375,279.6869812011719,135.08583068847656,61.20904541015625
2020-06-30,10.71139907836914,35.038143157958984,50.80575180053711,167.3699951171875,132.81494140625,106.3810806274414,239.02920532226562,283.2696228027344,134.4297332763672,61.93463897705078
2020-07-01,10.798412322998047,35.43240737915039,50.99771499633789,166.6199951171875,131.55348205566406,106.80126190185547,241.81918334960938,285.2539367675781,134.16867065429688,63.36212921142578
2020-07-02,10.841919898986816,36.23848342895508,51.55694580078125,166.97999572753906,132.09141540527344,107.06285095214844,243.4602813720703,286.8248291015625,134.30824279785156,63.18074035644531
2020-07-06,10.928933143615723,37.79806900024414,52.39995193481445,167.97999572753906,133.046875,107.34032440185547,249.4456787109375,291.2525939941406,133.7581787109375,63.14918518066406
2020-07-07,10.937634468078613,37.16722106933594,51.63206481933594,169.0399932861328,130.6907501220703,107.4830093383789,247.727294921875,288.2486877441406,135.63827514648438,61.89519119262695
2020-07-08,11.07685661315918,38.131019592285156,52.06608963012695,170.08999633789062,131.6647491455078,107.30858612060547,250.99029541015625,290.45343017578125,135.0963897705078,61.808441162109375
2020-07-09,10.946335792541504,38.131019592285156,51.473472595214844,169.6300048828125,129.00254821777344,107.91110229492188,253.10452270507812,288.79986572265625,137.24745178222656,61.42198944091797
2020-07-10,11.015946388244629,37.88569641113281,52.02436065673828,169.19000244140625,131.08030700683594,107.71288299560547,254.83250427246094,291.7486267089844,136.5577392578125,61.61125946044922
2020-07-13,10.902828216552734,37.631595611572266,51.690494537353516,169.39999389648438,129.41995239257812,107.42753601074219,249.59054565429688,289.2223815917969,137.00933837890625,60.87779998779297
2020-07-14,10.955037117004395,37.684165954589844,52.450035095214844,170.19000244140625,131.5626983642578,108.05379486083984,251.35714721679688,292.9704284667969,137.2063751220703,61.39043426513672
2020-07-15,11.08555793762207,37.79806900024414,53.042633056640625,170.33999633789062,136.38629150390625,108.26785278320312,251.8688201904297,295.6620178222656,136.5659942626953,61.98984146118164
2020-07-16,10.998544692993164,37.26361083984375,52.70043182373047,168.72999572753906,135.57928466796875,108.56908416748047,250.15040588378906,294.68829345703125,137.21466064453125,61.24848175048828
2020-07-17,11.015946388244629,37.4738883972168,53.009254455566406,170.1199951171875,135.97811889648438,108.86241149902344,250.44004821777344,295.5425720214844,136.92724609375,62.04503631591797
2020-07-20,11.007245063781738,37.955780029296875,53.26799774169922,170.94000244140625,135.39370727539062,109.16362762451172,257.5452880859375,297.9310302734375,137.26385498046875,61.30369186401367
2020-07-21,11.163869857788086,38.30625534057617,53.376502990722656,173.0,137.3138885498047,109.30638122558594,254.86148071289062,298.56494140625,137.34596252441406,61.45353698730469
2020-07-22,11.233481407165527,38.139774322509766,53.51839828491211,175.6300048828125,137.38807678222656,109.66316986083984,255.75929260253906,300.264404296875,137.7563934326172,62.392059326171875
2020-07-23,11.207377433776855,37.8331184387207,53.09272003173828,177.17999267578125,137.52725219726562,109.74237060546875,249.0788116455078,296.6816711425781,139.36563110351562,62.13179016113281
2020-07-24,11.224780082702637,37.79806900024414,52.80058288574219,178.6999969482422,135.5050811767578,109.49662017822266,246.71363830566406,294.7710266113281,139.35739135742188,61.67436981201172
2020-07-27,11.329197883605957,38.38511276245117,53.493350982666016,182.22999572753906,136.91506958007812,109.16362762451172,251.11578369140625,296.92047119140625,138.84019470214844,62.25798797607422
2020-07-28,11.26828670501709,38.06969451904297,53.151145935058594,183.75,135.55142211914062,109.05262756347656,247.9203643798828,295.03741455078125,139.80078125,63.4962043762207
2020-07-29,11.329197883605957,38.68300247192383,53.710365295410156,185.1300048828125,138.538330078125,109.64727783203125,250.77792358398438,298.66595458984375,139.56265258789062,64.72652435302734
2020-07-30,11.198676109313965,38.19234848022461,52.917442321777344,183.75999450683594,137.9910430908203,109.52835083007812,252.09088134765625,297.6003112792969,140.48214721679688,64.30854797363281
2020-07-31,11.259584426879883,37.92949676513672,51.7906494140625,185.42999267578125,136.69235229492188,109.67900085449219,256.5895080566406,299.9520263671875,140.39193725585938,64.19024658203125
2020-08-03,11.372702598571777,38.19234848022461,52.80058288574219,185.63999938964844,138.91868591308594,109.82597351074219,260.0552062988281,302.037353515625,139.6849822998047,63.33845901489258
2020-08-04,11.433613777160645,38.700523376464844,53.09272003173828,189.58999633789062,139.8740692138672,110.23113250732422,261.020751953125,303.2039794921875,141.01651000976562,64.28487396240234
2020-08-05,11.529327392578125,39.12109375,53.26799774169922,191.35000610351562,142.65692138671875,110.08014678955078,261.6674499511719,305.0872497558594,139.7837371826172,63.961524963378906
2020-08-06,11.616342544555664,39.24375534057617,53.326416015625,193.88999938964844,142.6011962890625,110.54889678955078,265.1332092285156,307.1265869140625,140.56446838378906,64.06404876708984
2020-08-07,11.459716796875,38.43767547607422,53.10940933227539,190.80999755859375,144.86459350585938,110.23907470703125,262.0729064941406,307.3470153808594,139.62753295898438,64.97889709472656
2020-08-10,11.52062702178955,38.534061431884766,53.284690856933594,190.14999389648438,146.36734008789062,110.00070190429688,260.95306396484375,308.2655944824219,139.00279235839844,65.08143615722656
2020-08-11,11.337897300720215,38.42892074584961,53.47665786743164,179.94000244140625,145.52320861816406,109.30956268310547,256.0103759765625,305.7210693359375,137.35076904296875,64.14292907714844
2020-08-12,11.459716796875,38.945858001708984,54.6618766784668,179.10000610351562,146.11691284179688,109.03946685791016,262.4493713378906,309.98345947265625,136.1014862060547,64.78961944580078
2020-08-13,11.52062702178955,38.83195495605469,54.419822692871094,183.3300018310547,145.81077575683594,108.0542984008789,263.0479736328125,309.4231872558594,134.64669799804688,63.99308395385742
2020-08-14,11.52062702178955,38.761863708496094,54.085968017578125,182.5399932861328,145.71803283691406,107.57763671875,262.7390441894531,309.432373046875,134.12060546875,64.0009536743164
2020-08-17,11.712057113647461,39.25252151489258,54.49495315551758,186.5,146.46939086914062,107.80006408691406,265.7896423339844,310.4152526855469,134.4576416015625,64.52147674560547
2020-08-18,11.738161087036133,39.20871353149414,54.4615592956543,188.17999267578125,145.06869506835938,108.10990142822266,268.347900390625,311.0859069824219,135.41925048828125,64.21388244628906
2020-08-19,11.70335578918457,38.7268180847168,54.21951675415039,182.24000549316406,145.07794189453125,107.82391357421875,266.54266357421875,309.79058837890625,134.57264709472656,63.08610534667969
2020-08-20,11.685952186584473,38.604156494140625,54.04423522949219,183.5,144.48426818847656,108.20524597167969,270.24005126953125,310.7552795410156,135.7891082763672,63.68549346923828
2020-08-21,11.572834968566895,38.79690170288086,53.76879119873047,182.02999877929688,143.4175567626953,108.40386962890625,272.1129455566406,311.8575134277344,136.60281372070312,63.78801345825195
2020-08-24,11.633745193481445,39.22623825073242,54.47824478149414,181.0,144.92030334472656,108.21319580078125,273.81201171875,315.01763916015625,136.38088989257812,64.19811248779297
2020-08-25,11.729459762573242,39.620513916015625,54.51163864135742,181.22000122070312,145.07794189453125,107.74446105957031,275.9647521972656,316.1199645996094,135.33709716796875,64.3637466430664
2020-08-26,11.75556468963623,39.72565460205078,54.82882308959961,183.36000061035156,144.1688995361328,107.7842025756836,281.8536071777344,319.289306640625,134.8192596435547,63.772239685058594
2020-08-27,11.712057113647461,39.39270782470703,54.269588470458984,181.24000549316406,144.52139282226562,106.92619323730469,280.9750671386719,319.9874572753906,132.526123046875,64.71076202392578
2020-08-28,11.790369033813477,39.90964126586914,54.65353775024414,184.38999938964844,145.74581909179688,107.25193786621094,282.4039611816406,322.0543212890625,132.42747497558594,65.13663482666016
2020-08-31,11.78166675567627,39.024715423583984,54.2362060546875,184.8300018310547,144.17816162109375,107.72859954833984,284.672607421875,320.8877258300781,133.30699157714844,64.47418212890625
2020-09-01,11.799070358276367,39.69060134887695,54.29463195800781,185.0500030517578,145.82931518554688,108.40936279296875,289.5381164550781,323.9100341796875,134.83164978027344,64.52147674560547
2020-09-02,11.64244556427002,39.58546447753906,55.02077865600586,182.6199951171875,146.98880004882812,108.83927154541016,292.2798156738281,328.5950622558594,136.11538696289062,65.72027587890625
2020-09-03,11.538029670715332,38.83195495605469,53.77714538574219,181.13999938964844,142.64764404296875,108.60037231445312,277.4611511230469,317.2867431640625,136.50205993652344,64.93160247802734
2020-09-04,11.433613777160645,38.849483489990234,53.85224914550781,181.63999938964844,141.73861694335938,107.44591522216797,273.7636413574219,314.6961364746094,133.91009521484375,64.59246826171875
2020-09-08,11.155168533325195,38.174835205078125,53.1928825378418,181.2899932861328,139.0114288330078,107.54940795898438,260.6055603027344,306.09765625,134.73294067382812,63.80376052856445
2020-09-09,11.259584426879883,38.74433898925781,54.186119079589844,183.0500030517578,141.1170654296875,107.62109375,268.2610778808594,312.1423034667969,134.37086486816406,64.4347152709961
2020-09-10,11.146467208862305,38.12226104736328,53.551788330078125,182.4600067138672,139.28042602539062,107.70071411132812,262.9128112792969,306.7223815917969,135.05384826660156,63.64605712890625
2020-09-11,11.224780082702637,38.490257263183594,54.085968017578125,182.4499969482422,138.35279846191406,107.78030395507812,261.08831787109375,306.8785400390625,135.34185791015625,63.291133880615234
2020-09-14,11.233481407165527,39.112327575683594,54.37809753417969,183.88999938964844,141.99830627441406,108.05105590820312,265.6352233886719,310.9205017089844,135.3335723876953,64.83692169189453
2020-09-15,11.294389724731445,39.52413558959961,54.7286491394043,183.4499969482422,142.26731872558594,108.17046356201172,269.40020751953125,312.49139404296875,135.00448608398438,65.61773681640625
2020-09-16,11.50322437286377,39.47156524658203,54.7286491394043,183.97000122070312,143.6123504638672,108.24209594726562,265.1042175292969,311.251220703125,134.60130310058594,65.96476745605469
2020-09-17,11.633745193481445,39.3138542175293,54.80377960205078,182.9600067138672,142.5641632080078,108.26598358154297,260.9627685546875,308.5136413574219,135.0126953125,64.6792221069336
2020-09-18,11.685952186584473,39.0071907043457,54.36140441894531,183.1999969482422,142.19309997558594,108.06694793701172,257.63214111328125,304.9618835449219,134.59303283691406,63.22018814086914
2020-09-21,11.398807525634766,38.64795684814453,52.984214782714844,179.52000427246094,137.21185302734375,107.96344757080078,258.24993896484375,301.5678405761719,135.27601623535156,61.3194694519043
2020-09-22,11.346599578857422,38.358821868896484,52.9675178527832,178.64999389648438,138.26930236816406,108.02709197998047,263.0479736328125,304.6391296386719,135.16905212402344,62.05291748046875
2020-09-23,11.216078758239746,37.763023376464844,52.52515411376953,174.7899932861328,134.14991760253906,107.24686431884766,255.01600646972656,297.5741882324219,135.35008239746094,60.18376159667969
2020-09-24,11.26828670501709,37.58779525756836,52.475074768066406,175.44000244140625,134.14991760253906,106.97616577148438,256.203369140625,298.3673400878906,135.86846923828125,60.50711441040039
2020-09-25,11.26828670501709,37.62282943725586,52.65034866333008,174.94000244140625,136.3288116455078,106.8647232055664,262.1597595214844,303.1910705566406,135.86846923828125,61.75494384765625
2020-09-28,11.364002227783203,38.04340362548828,53.443275451660156,176.6999969482422,139.69021606445312,107.4061279296875,267.6046142578125,308.2268371582031,135.4817352294922,63.018653869628906
2020-09-29,11.233481407165527,38.01711654663086,53.38485336303711,178.19000244140625,139.05703735351562,107.27075958251953,266.3979187011719,306.5482177734375,135.63812255859375,62.56562805175781
2020-09-30,11.364002227783203,38.63043975830078,53.12610626220703,177.1199951171875,139.47607421875,107.25484466552734,268.2223815917969,308.87249755859375,134.33795166015625,62.75637435913086
2020-10-01,11.224780082702637,38.98966598510742,53.43492889404297,178.6999969482422,141.7014923095703,107.55329132080078,272.47979736328125,310.8554382324219,134.55960083007812,64.01213836669922
2020-10-02,11.08555793762207,38.54281997680664,53.326416015625,178.5399932861328,142.32537841796875,107.56924438476562,264.81463623046875,307.9040832519531,134.05706787109375,65.11688995361328
2020-10-05,11.372702598571777,39.05977249145508,54.136043548583984,179.41000366210938,146.2548370361328,107.21014404296875,270.4621276855469,313.36419677734375,131.4376678466797,65.49044799804688
2020-10-06,11.416210174560547,39.129859924316406,53.56012725830078,177.3000030517578,145.83578491210938,107.12236785888672,265.6352233886719,308.909423828125,132.14602661132812,65.0612564086914
2020-10-07,11.459716796875,39.559173583984375,54.019195556640625,177.22000122070312,149.02029418945312,107.15430450439453,270.23046875,314.28643798828125,131.18238830566406,65.1566390991211
2020-10-08,11.572834968566895,39.88336181640625,54.39479064941406,177.85000610351562,150.7150115966797,107.41761016845703,271.6688537597656,317.07177734375,131.89077758789062,66.24549102783203
2020-10-09,11.607640266418457,40.15497589111328,54.820465087890625,181.0800018310547,151.49713134765625,107.66496276855469,275.8200988769531,319.9032897949219,131.8660888671875,65.98321533203125
2020-10-12,11.485821723937988,40.50544738769531,55.13763427734375,180.55999755859375,152.51210021972656,108.28738403320312,284.33465576171875,325.0498352050781,132.28607177734375,66.29317474365234
2020-10-13,11.511924743652344,40.33898162841797,54.519981384277344,177.72000122070312,151.49713134765625,108.18360137939453,284.32501220703125,322.9284973144531,133.2333984375,65.1566390991211
2020-10-14,11.590237617492676,40.067359924316406,54.42817687988281,178.27000427246094,149.99801635742188,108.28738403320312,281.95025634765625,320.8994140625,133.5381317138672,64.36183166503906
2020-10-15,11.625042915344238,39.778221130371094,53.785484313964844,178.9199981689453,151.54368591308594,108.17564392089844,280.05804443359375,320.5028381347656,133.30752563476562,64.69564819335938
2020-10-16,11.546730995178223,39.918418884277344,54.035888671875,178.3000030517578,151.1712646484375,107.99215698242188,278.5231018066406,320.30914306640625,132.9368896484375,64.23465728759766
2020-10-19,11.555432319641113,39.80450439453125,53.83556365966797,178.38999938964844,149.36485290527344,107.78463745117188,273.97613525390625,315.4394226074219,132.4343719482422,63.23323059082031
2020-10-20,11.685952186584473,40.24259567260742,54.10265350341797,179.25,149.69070434570312,107.561279296875,274.5649719238281,316.7028503417969,131.17413330078125,63.6862678527832
2020-10-21,11.590237617492676,40.35649871826172,53.84391784667969,180.60000610351562,148.40573120117188,107.38568115234375,274.35260009765625,316.1033020019531,130.72109985351562,63.495540618896484
2020-10-22,11.625042915344238,40.34773254394531,53.885643005371094,178.8300018310547,150.96644592285156,107.14629364013672,274.3429260253906,317.8373107910156,129.36199951171875,63.487579345703125
2020-10-23,11.538029670715332,40.58430099487305,54.2362060546875,178.63999938964844,151.84169006347656,107.41761016845703,274.8835754394531,318.9164123535156,130.1527099609375,63.869083404541016
2020-10-26,11.372702598571777,40.058597564697266,53.2596435546875,178.5500030517578,148.56405639648438,107.64105987548828,270.7613220214844,313.02288818359375,131.36363220214844,62.95506286621094
2020-10-27,11.45101547241211,40.233829498291016,52.842323303222656,179.02000427246094,147.28836059570312,108.07991027832031,272.8756103515625,311.9438171386719,132.2449188232422,61.94568634033203
2020-10-28,11.146467208862305,39.22623825073242,51.26481628417969,176.1300048828125,142.75369262695312,107.54527282714844,262.2370300292969,301.2818603515625,132.3684844970703,60.46738052368164
2020-10-29,11.007245063781738,39.620513916015625,51.50686264038086,175.39999389648438,144.45770263671875,107.26598358154297,266.8226623535156,304.3439636230469,131.0835418701172,61.27806091308594
2020-10-30,11.007245063781738,39.17366409301758,51.239768981933594,176.1999969482422,142.54885864257812,106.70745849609375,260.0552062988281,301.171142578125,129.79029846191406,60.872718811035156
2020-11-02,11.207377433776855,39.6730842590332,51.907501220703125,177.91000366210938,145.09088134765625,107.12564849853516,260.634521484375,304.54681396484375,130.76243591308594,62.327178955078125
2020-11-03,11.276987075805664,39.84831619262695,53.26799774169922,178.9199981689453,149.20654296875,107.22962188720703,265.14288330078125,309.923828125,130.00389099121094,63.52731704711914
2020-11-04,11.398807525634766,41.10124969482422,53.85224914550781,178.82000732421875,149.37416076660156,108.83685302734375,276.9785461425781,316.8504333496094,132.8240203857422,63.63859558105469
2020-11-05,11.45101547241211,41.802188873291016,55.14598846435547,182.92999267578125,153.55496215820312,109.24463653564453,284.1995849609375,323.0299072265625,133.0548858642578,63.940608978271484
2020-11-06,11.407508850097656,41.99494552612305,55.26283645629883,183.19000244140625,152.3538055419922,108.90082550048828,284.4119567871094,322.9561462402344,131.44696044921875,63.50347137451172
2020-11-09,11.546730995178223,42.28407287597656,56.87372970581055,175.0800018310547,157.87551879882812,108.07720184326172,278.60028076171875,327.0143127441406,128.6845245361328,65.75272369384766
2020-11-10,11.772967338562012,41.802188873291016,57.382869720458984,175.66000366210938,160.80859375,107.79735565185547,273.60931396484375,326.53466796875,127.94239807128906,66.71442413330078
2020-11-11,11.764266014099121,42.07379913330078,57.866973876953125,174.89999389648438,160.74342346191406,107.99725341796875,279.7298278808594,328.9604187011719,128.40420532226562,66.96875762939453
2020-11-12,11.668549537658691,41.75836944580078,57.02396774291992,175.9600067138672,158.2758331298828,108.4290542602539,278.4168701171875,325.76922607421875,130.58929443359375,66.09451293945312
2020-11-13,11.616342544555664,42.34540557861328,57.90036392211914,177.16000366210938,161.55349731445312,108.5570068359375,280.8593444824219,330.2793273925781,130.41622924804688,67.85890197753906
2020-11-16,11.720758438110352,42.87111282348633,58.501312255859375,177.14999389648438,165.39913940429688,108.9088134765625,283.0506591796875,334.4019775390625,130.10281372070312,68.62190246582031
2020-11-17,11.75556468963623,42.827301025390625,58.44289016723633,176.5,166.17196655273438,109.26066589355469,282.1529235839844,332.60357666015625,130.95213317871094,68.68547821044922
2020-11-18,11.772967338562012,42.67835235595703,58.134063720703125,175.49000549316406,163.84413146972656,109.49256896972656,280.067626953125,328.6007385253906,131.33148193359375,67.35023498535156
2020-11-19,11.772967338562012,42.74844741821289,58.54306411743164,175.16000366210938,165.10116577148438,110.10027313232422,282.2591857910156,329.9841613769531,132.00767517089844,67.61251068115234
2020-11-20,11.833877563476562,42.98501968383789,58.71833038330078,175.69000244140625,165.27809143066406,110.00433349609375,280.3282775878906,327.7245178222656,133.17855834960938,67.24691009521484
2020-11-23,11.868682861328125,43.09891891479492,58.643211364746094,172.22999572753906,168.36944580078125,110.14022827148438,280.33807373046875,329.68896484375,132.5683135986328,67.37409973144531
2020-11-24,12.12102222442627,43.67718505859375,59.51959991455078,169.58999633789062,171.535400390625,109.89237976074219,284.2767333984375,335.00146484375,131.24900817871094,67.73173522949219
2020-11-25,12.225438117980957,43.431861877441406,59.444480895996094,169.50999450683594,170.94873046875,109.95632934570312,286.0241394042969,334.4850769042969,130.84498596191406,67.77147674560547
2020-11-27,12.199336051940918,43.84366226196289,59.85346984863281,167.7899932861328,171.6750030517578,110.34812927246094,288.65960693359375,335.41656494140625,132.1148223876953,67.46945190429688
2020-11-30,12.129722595214844,42.69588088989258,58.551395416259766,166.6699981689453,168.55572509765625,110.73199462890625,289.2484436035156,333.9317321777344,131.94984436035156,66.76210021972656
2020-12-01,12.094918251037598,43.5369987487793,59.9285888671875,170.17999267578125,170.12001037597656,110.3121566772461,292.95556640625,337.583984375,130.00436401367188,67.62047576904297
2020-12-02,12.147125244140625,43.598331451416016,59.93693923950195,171.4600067138672,170.29693603515625,109.94357299804688,293.33203125,338.29412841796875,128.9726104736328,67.08796691894531
2020-12-03,12.164527893066406,44.097755432128906,60.03709411621094,172.80999755859375,171.25604248046875,110.37623596191406,293.7471923828125,338.201904296875,130.0125732421875,67.65225982666016
2020-12-04,12.216736793518066,44.55335998535156,60.54623794555664,172.32000732421875,175.24131774902344,109.76730346679688,294.94427490234375,341.1164855957031,128.10592651367188,68.68547821044922
2020-12-07,12.216736793518066,44.55335998535156,60.053775787353516,174.88999938964844,175.408935546875,109.86345672607422,296.6144104003906,340.4155578613281,129.26148986816406,68.0893783569336
2020-12-08,12.234140396118164,44.570884704589844,60.26244354248047,175.5,177.66229248046875,109.73526000976562,297.6183776855469,341.4115905761719,129.87225341796875,67.8509521484375
2020-12-09,12.242840766906738,44.18537139892578,60.345909118652344,172.5,176.36802673339844,109.3346176147461,290.8800048828125,338.3495178222656,129.44313049316406,67.42971801757812
2020-12-10,12.425570487976074,44.7548828125,60.42938232421875,172.1699981689453,178.07200622558594,109.87947082519531,292.048095703125,338.23883056640625,130.5904083251953,67.13565063476562
2020-12-11,12.390765190124512,44.43946075439453,60.245750427246094,172.49000549316406,177.19671630859375,109.99166107177734,291.4013977050781,337.84228515625,131.0526885986328,67.07207489013672
2020-12-14,12.425570487976074,44.20841598510742,60.28282165527344,171.5399932861328,177.40406799316406,109.9114990234375,293.5155029296875,336.32965087890625,130.68951416015625,66.7779769897461
2020-12-15,12.521286010742188,44.686439514160156,60.89805603027344,173.94000244140625,181.84085083007812,110.1278305053711,296.65301513671875,340.87664794921875,130.25196838378906,68.14503479003906
2020-12-16,12.590896606445312,44.898895263671875,61.134029388427734,174.89999389648438,181.18698120117188,110.0396957397461,298.2844543457031,341.4115905761719,129.9053192138672,68.22450256347656
2020-12-17,12.738821029663086,45.19102096557617,61.563846588134766,176.74000549316406,183.34466552734375,110.20028686523438,300.2345886230469,343.3207702636719,129.5615692138672,68.88417053222656
2020-12-18,12.782326698303223,45.13790512084961,61.24358367919922,176.44000244140625,182.45730590820312,110.11997985839844,299.3271179199219,341.9498596191406,129.1732177734375,67.50125885009766
2020-12-21,12.651805877685547,44.47398376464844,60.45981979370117,175.8800048828125,182.36387634277344,109.90321350097656,298.7671813964844,340.7272644042969,129.68551635742188,67.11975860595703
2020-12-22,12.51258373260498,44.11989212036133,60.3081169128418,174.49000549316406,184.4374542236328,110.20832824707031,299.5794982910156,340.1530456542969,130.35487365722656,67.58867645263672
2020-12-23,12.669208526611328,44.57136154174805,60.95703887939453,175.64999389648438,186.00668334960938,110.2323989868164,298.07080078125,340.4586181640625,129.45419311523438,67.15153503417969
2020-12-24,12.704014778137207,44.376609802246094,60.98233413696289,176.35000610351562,185.8852996826172,110.60972595214844,299.3860778808594,341.7831726074219,129.96646118164062,67.73945617675781
2020-12-28,12.625702857971191,44.50053405761719,61.47954559326172,175.7100067138672,185.19406127929688,110.68197631835938,302.4035949707031,344.71942138671875,130.02427673339844,68.14324951171875
2020-12-29,12.660507202148438,45.16447067260742,61.87565612792969,176.35000610351562,181.60728454589844,110.73016357421875,302.67431640625,344.0617370605469,129.85906982421875,67.56179809570312
2020-12-30,12.738821029663086,45.76642608642578,61.95992660522461,177.6999969482422,183.45677185058594,110.87469482421875,302.6840515136719,344.5527038574219,130.13998413085938,67.93328857421875
2020-12-31,12.791028022766113,45.73986053466797,61.48799133300781,178.36000061035156,183.12979125976562,110.89875793457031,303.4286804199219,346.3032531738281,130.33001708984375,68.58741760253906
2021-01-04,12.721417427062988,46.031986236572266,61.80823516845703,182.3300018310547,180.73866271972656,110.33675384521484,299.144287109375,341.5886535644531,130.17306518554688,66.35850524902344
2021-01-05,13.078173637390137,47.138526916503906,62.44873046875,182.8699951171875,183.5314483642578,109.98353576660156,301.6104736328125,343.9414367675781,129.20628356933594,66.45541381835938
2021-01-06,13.095576286315918,46.74016571044922,63.16508102416992,179.89999389648438,191.04122924804688,109.09234619140625,297.4324645996094,345.99761962890625,126.55389404296875,66.5684814453125
2021-01-07,13.156485557556152,47.18278884887695,63.23249816894531,179.47999572753906,194.441162109375,109.07630157470703,304.62799072265625,351.1382751464844,125.43840026855469,66.43926239013672
2021-01-08,13.260902404785156,48.43096160888672,63.82244873046875,173.33999633789062,194.02084350585938,108.99597930908203,308.544921875,353.138916015625,125.03353118896484,67.08531951904297
2021-01-11,13.16518783569336,47.7758903503418,62.988101959228516,173.0,193.8527069091797,108.53034973144531,304.08648681640625,350.7585144042969,124.82701873779297,66.19699096679688
2021-01-12,13.41752815246582,48.245059967041016,63.2746467590332,174.1199951171875,197.327392578125,108.76315307617188,303.602783203125,350.83258056640625,124.7278060913086,66.35042572021484
2021-01-13,13.382722854614258,48.351295471191406,63.19036865234375,173.3699951171875,195.91696166992188,109.60618591308594,305.6531066894531,351.77734375,126.13249969482422,67.15802764892578
2021-01-14,13.504542350769043,48.80276107788086,63.69601058959961,173.27999877929688,199.83059692382812,109.13243865966797,304.0186462402344,350.5454406738281,124.95092010498047,67.55371856689453
2021-01-15,13.3131103515625,48.112281799316406,62.701560974121094,171.1300048828125,196.85098266601562,109.30110168457031,301.6104736328125,347.98907470703125,125.44669342041016,68.3289794921875
2021-01-19,13.356618881225586,48.90898895263672,63.15665817260742,172.5800018310547,199.3729248046875,109.49380493164062,306.010986328125,350.7214660644531,125.8515853881836,68.13518524169922
2021-01-20,13.36531925201416,49.76766586303711,63.586463928222656,175.38999938964844,200.25094604492188,109.461669921875,313.12908935546875,355.5750427246094,125.97557067871094,69.43537139892578
2021-01-21,13.356618881225586,49.85618591308594,63.63703536987305,175.27999877929688,198.5136260986328,109.02810668945312,315.63397216796875,355.8990478515625,125.09140014648438,69.10426330566406
2021-01-22,13.130382537841797,49.422428131103516,63.33364486694336,173.89999389648438,200.82069396972656,108.94784545898438,314.72479248046875,354.63946533203125,125.4963150024414,69.26577758789062
2021-01-25,13.269603729248047,49.794219970703125,63.257774353027344,174.0500030517578,200.62454223632812,109.41348266601562,317.326416015625,356.0380554199219,126.97525787353516,69.79071044921875
2021-01-26,13.295708656311035,49.431270599365234,63.350494384765625,173.6199951171875,199.23284912109375,109.40544128417969,317.7906494140625,355.4823913574219,126.73572540283203,70.28330993652344
2021-01-27,13.260902404785156,48.059173583984375,61.900936126708984,172.52000427246094,195.5807342529297,109.2127456665039,308.9317321777344,346.7942199707031,127.05799865722656,69.03964233398438
2021-01-28,13.199993133544922,48.39555358886719,62.297035217285156,172.67999267578125,194.9548797607422,109.03617095947266,310.7596435546875,349.77667236328125,126.3555908203125,69.41114044189453
2021-01-29,13.217394828796387,47.19164276123047,61.00760269165039,172.61000061035156,192.00331115722656,108.86756134033203,304.2217712402344,342.7742919921875,125.59542083740234,68.61162567138672
2021-02-01,13.469735145568848,48.466373443603516,61.732391357421875,174.22999572753906,196.72021484375,109.08233642578125,311.8234558105469,348.4800109863281,125.74109649658203,70.17835998535156
2021-02-02,13.574152946472168,49.094886779785156,62.356021881103516,172.11000061035156,199.52239990234375,108.79270935058594,316.91058349609375,353.40753173828125,124.93032836914062,70.59828186035156
2021-02-03,13.669867515563965,49.34275436401367,62.50773239135742,171.85000610351562,200.12013244628906,108.53524017333984,315.6532897949219,353.6854553222656,123.82174682617188,70.42059326171875
2021-02-04,13.739479064941406,49.36045837402344,62.57516098022461,168.14999389648438,204.20196533203125,108.72030639648438,319.38641357421875,357.70526123046875,123.49092102050781,70.90515899658203
2021-02-05,13.809089660644531,49.785362243652344,62.96281433105469,169.80999755859375,207.03211975097656,108.43074035644531,320.4696350097656,359.11322021484375,122.45686340332031,71.15550231933594
2021-02-08,14.02662467956543,49.87388610839844,63.40107345581055,171.52000427246094,212.31884765625,108.89728546142578,322.61663818359375,361.7066650390625,122.99452209472656,71.54312896728516
2021-02-09,14.078832626342773,50.40502166748047,63.7465934753418,172.0800018310547,213.3183135986328,108.72833251953125,322.5489501953125,361.4658203125,123.08556365966797,71.7934799194336
2021-02-10,14.052728652954102,50.58207321166992,63.5274658203125,172.7100067138672,211.91725158691406,108.98580169677734,321.8139343261719,361.30841064453125,123.90451049804688,72.18112182617188
2021-02-11,14.02662467956543,51.1220703125,63.95728302001953,171.2100067138672,211.6743621826172,108.69617462158203,323.5837097167969,361.8919372558594,123.22621154785156,72.33456420898438
2021-02-12,14.200651168823242,51.16632080078125,64.31124114990234,170.69000244140625,212.27218627929688,108.34221649169922,325.3923645019531,363.6795349121094,121.69576263427734,72.3507080078125
2021-02-16,14.392082214355469,51.290260314941406,64.77474975585938,168.24000549316406,210.93646240234375,107.5780029296875,324.5122985839844,363.3646545410156,119.84275817871094,71.7934799194336
2021-02-17,14.435588836669922,51.307960510253906,64.39552307128906,166.3300018310547,209.28321838378906,108.11701202392578,322.9552307128906,363.447998046875,120.60383605957031,71.70465850830078
2021-02-18,14.383381843566895,50.59977340698242,64.07527160644531,166.32000732421875,206.0420684814453,107.90779876708984,321.543212890625,361.901123046875,120.11578369140625,71.39775848388672
2021-02-19,14.374679565429688,50.927310943603516,64.26068115234375,167.00999450683594,210.3386688232422,107.1275405883789,320.14080810546875,361.2621765136719,118.5191879272461,71.80963897705078
2021-02-22,14.696630477905273,49.431270599365234,64.10055541992188,169.50999450683594,208.9749755859375,106.4598159790039,311.8426818847656,358.4833068847656,117.61750793457031,72.4072494506836
2021-02-23,14.766239166259766,49.6525764465332,64.15955352783203,169.1199951171875,207.13490295410156,106.54029846191406,310.9143371582031,358.91864013671875,117.27830505371094,72.85948944091797
2021-02-24,14.992475509643555,49.33390426635742,64.36180877685547,169.0,212.02932739257812,106.70118713378906,313.4772644042969,362.8736877441406,116.5089340209961,73.41671752929688
2021-02-25,14.870658874511719,48.20965576171875,63.26620864868164,165.82000732421875,204.192626953125,105.01184844970703,302.5486755371094,354.1300048828125,114.6063232421875,72.01154327392578
2021-02-26,14.55740737915039,47.56343460083008,62.37289810180664,161.80999755859375,203.91244506835938,106.40353393554688,303.8155822753906,352.3053283691406,118.39509582519531,70.9616928100586
2021-03-01,14.435588836669922,48.83816146850586,63.544334411621094,161.52999877929688,211.16064453125,106.5075454711914,312.95501708984375,360.8451843261719,116.83136749267578,71.27662658691406
2021-03-02,14.496499061584473,48.360145568847656,63.476905822753906,162.41000366210938,207.0975341796875,106.38658142089844,307.9355773925781,358.0295715332031,116.83966064453125,70.5902099609375
2021-03-03,14.583512306213379,48.26276779174805,63.0892333984375,160.6199951171875,204.85581970214844,105.59662628173828,298.9992370605469,353.2871398925781,115.57249450683594,70.18640899658203
2021-03-04,14.809749603271484,47.138526916503906,62.49087905883789,159.0399932861328,199.13011169433594,104.73412322998047,294.1054992675781,348.9153137207031,114.82704162597656,69.38690948486328
2021-03-05,15.114298820495605,47.6519660949707,62.89540481567383,159.13999938964844,203.3519744873047,104.59709167480469,298.5350036621094,355.3340759277344,115.05069732666016,70.14603424072266
2021-03-08,14.905462265014648,46.36836624145508,62.67628479003906,157.49000549316406,204.31407165527344,103.62174224853516,290.0822448730469,353.56500244140625,114.15619659423828,70.75172424316406
2021-03-09,14.905462265014648,47.386390686035156,63.519046783447266,160.83999633789062,208.61065673828125,104.40365600585938,301.5234680175781,358.61309814453125,115.73809051513672,71.22010803222656
2021-03-10,15.001178741455078,47.17394256591797,63.78873062133789,161.66000366210938,212.2347869873047,104.89533996582031,300.6626892089844,360.8451843261719,115.97001647949219,71.93079376220703
2021-03-11,15.227415084838867,48.661128997802734,64.1258316040039,161.52000427246094,216.90509033203125,104.95986938476562,307.58746337890625,364.5039367675781,115.13348388671875,72.7706527709961
2021-03-12,15.157803535461426,47.79359436035156,64.28595733642578,161.49000549316406,218.18470764160156,103.7507095336914,305.0921936035156,364.9948425292969,112.69019317626953,73.99010467529297
2021-03-15,15.105595588684082,47.90867614746094,64.3365249633789,162.1999969482422,218.9599609375,104.10540771484375,308.3514709472656,367.1715087890625,113.35282135009766,75.08841705322266
2021-03-16,15.044687271118164,48.112281799316406,64.44607543945312,162.35000610351562,215.29847717285156,104.0328140258789,310.0439147949219,366.7083740234375,112.89724731445312,74.78150177001953
2021-03-17,15.044687271118164,48.17424392700195,64.8253173828125,163.50999450683594,216.9891357421875,104.12955474853516,311.320556640625,367.9588623046875,112.05244445800781,74.84613037109375
2021-03-18,14.331171989440918,47.28901672363281,64.23540496826172,162.55999755859375,210.3853759765625,103.53307342529297,301.7845764160156,362.6051025390625,110.91777801513672,74.08699798583984
2021-03-19,14.644421577453613,47.87327194213867,64.41236877441406,163.24000549316406,211.9732666015625,103.6862564086914,302.8484802246094,361.9341735839844,111.60519409179688,73.07754516601562
2021-03-22,14.618317604064941,47.73162841796875,64.47136688232422,163.0,210.37608337402344,104.05702209472656,308.52783203125,364.8241882324219,112.85584259033203,73.59437561035156
2021-03-23,14.209352493286133,46.81984329223633,63.57804489135742,161.80999755859375,202.744873046875,104.36333465576172,307.1818542480469,361.9527893066406,113.87458038330078,73.4894027709961
2021-03-24,14.583512306213379,45.74871063232422,63.257774353027344,162.3699951171875,198.05589294433594,104.6777114868164,302.0011291503906,360.11279296875,114.4874267578125,73.07754516601562
2021-03-25,14.252860069274902,45.96116638183594,63.729740142822266,161.77999877929688,202.75181579589844,104.55682373046875,301.4781494140625,362.138671875,113.58467864990234,73.82159423828125
2021-03-26,14.592215538024902,47.15623092651367,64.5556411743164,162.24000549316406,206.44822692871094,104.48426818847656,306.00042724609375,367.97454833984375,113.18714904785156,75.41368865966797
2021-03-29,14.609618186950684,46.82869338989258,64.30281066894531,160.30999755859375,200.6369171142578,104.2343521118164,305.9132995605469,367.7886657714844,112.22633361816406,74.9750747680664
2021-03-30,14.374679565429688,46.97917938232422,64.21853637695312,157.57000732421875,204.01515197753906,104.55682373046875,304.37359619140625,366.8128356933594,112.81439971923828,75.0725326538086
2021-03-31,14.452991485595703,47.218196868896484,63.9404296875,159.9600067138672,206.75706481933594,104.83089447021484,309.03143310546875,368.29974365234375,112.18492126464844,74.6176528930664
2021-04-01,14.696630477905273,47.67852783203125,64.77474975585938,161.97999572753906,209.37733459472656,105.48829650878906,314.29925537109375,372.2769775390625,114.04691314697266,75.97418975830078
2021-04-05,14.479096412658691,47.86441421508789,65.71866607666016,161.9199981689453,210.52838134765625,104.97140502929688,320.5741271972656,377.6203308105469,113.54927825927734,76.26660919189453
2021-04-06,14.531304359436035,48.129981994628906,65.0191650390625,163.22000122070312,209.91075134277344,105.6740951538086,320.3514099121094,377.3973083496094,114.32064056396484,76.46156311035156
2021-04-07,14.574811935424805,47.42179870605469,65.15401458740234,162.75999450683594,206.52313232421875,105.46403503417969,321.1260986328125,377.8340759277344,113.52438354492188,76.51842498779297
2021-04-08,14.653122901916504,47.8112907409668,65.52481079101562,164.50999450683594,208.27304077148438,105.85176086425781,324.4766540527344,379.62762451171875,114.46154022216797,76.23412322998047
2021-04-09,14.600915908813477,47.404090881347656,65.72708129882812,163.27000427246094,208.30116271972656,105.63368225097656,326.44244384765625,382.38751220703125,114.04691314697266,76.14476013183594
2021-04-12,14.609618186950684,47.120819091796875,65.36470031738281,162.27999877929688,207.48696899414062,105.60946655273438,326.01641845703125,382.5269775390625,113.9971694946289,76.59154510498047
2021-04-13,14.766239166259766,47.315574645996094,65.74394226074219,163.42999267578125,206.94422912597656,106.07788848876953,329.82196044921875,383.6606750488281,114.85137176513672,76.97332763671875
2021-04-14,15.105595588684082,47.55458450317383,65.79450225830078,162.72000122070312,208.98426818847656,105.93253326416016,325.8614501953125,382.35040283203125,114.48643493652344,76.56716918945312
2021-04-15,15.201309204101562,47.98834991455078,66.34230041503906,165.35000610351562,209.89199829101562,106.58673858642578,330.79998779296875,386.4577941894531,116.40234375,77.90746307373047
2021-04-16,15.175206184387207,48.112281799316406,66.82267761230469,166.35000610351562,210.22889709472656,105.85984802246094,331.18743896484375,387.7494812011719,115.49829864501953,78.0780258178711
2021-04-19,15.192607879638672,47.93523406982422,66.70469665527344,165.88999938964844,207.496337890625,105.58521270751953,328.1564025878906,385.8444519042969,115.16659545898438,78.23238372802734
2021-04-20,15.166505813598633,47.545738220214844,65.50797271728516,166.47999572753906,203.24778747558594,105.78712463378906,325.7645568847656,383.01947021484375,115.69734954833984,78.87408447265625
2021-04-21,15.105595588684082,47.837860107421875,66.18217468261719,168.1300048828125,208.21694946289062,106.15058898925781,328.553466796875,386.6436767578125,115.9295883178711,79.39395904541016
2021-04-22,15.227415084838867,47.66965866088867,65.96305084228516,167.0399932861328,207.35598754882812,106.25556945800781,324.5928649902344,383.1123352050781,116.43550872802734,78.96343231201172
2021-04-23,15.34923267364502,48.360145568847656,66.63726806640625,166.39999389648438,211.26760864257812,106.34444427490234,328.6793518066406,387.2662658691406,116.16179656982422,79.42645263671875
2021-04-26,15.45365047454834,48.42211151123047,66.68783569335938,166.83999633789062,213.466796875,106.29595947265625,330.8193664550781,388.07470703125,115.99593353271484,79.66203308105469
2021-04-27,15.584172248840332,48.39555358886719,66.4687271118164,166.4199981689453,213.78494262695312,105.8194580078125,329.38623046875,387.99114990234375,114.98412322998047,79.65388488769531
2021-04-28,15.610276222229004,48.75849914550781,66.63726806640625,166.91000366210938,214.14993286132812,105.8355712890625,328.2726745605469,387.8795166015625,115.05870819091797,79.48331451416016
2021-04-29,15.714692115783691,48.64341735839844,66.66253662109375,166.22000122070312,213.35450744628906,105.70636749267578,329.4539794921875,390.3514099121094,114.71870422363281,80.16563415527344
2021-04-30,15.584172248840332,47.78474807739258,65.82821655273438,165.66000366210938,210.45350646972656,105.92444610595703,327.2945556640625,387.78668212890625,114.98412322998047,80.48243713378906
2021-05-03,15.758198738098145,47.78474807739258,66.55299377441406,167.80999755859375,211.48287963867188,106.1793212890625,325.55157470703125,388.6229248046875,115.05299377441406,80.32811737060547
2021-05-04,16.001834869384766,47.24475860595703,65.56697082519531,166.5800018310547,208.95619201660156,106.2441177368164,319.69293212890625,386.22540283203125,115.83380889892578,79.80823516845703
2021-05-05,16.062746047973633,47.466064453125,66.46027374267578,167.27000427246094,208.12332153320312,106.37356567382812,318.6180725097656,386.3463134765625,116.02485656738281,78.48419189453125
2021-05-06,16.14105987548828,47.91752624511719,67.0080795288086,170.05999755859375,208.30116271972656,106.57588958740234,321.0196533203125,389.431396484375,116.21588897705078,78.92283630371094
2021-05-07,16.29768180847168,48.41326141357422,67.76657104492188,171.58999633789062,210.92137145996094,106.61637115478516,323.6246032714844,392.2657165527344,115.64271545410156,79.96258544921875
2021-05-10,16.184566497802734,47.545738220214844,67.40419006347656,172.11000061035156,205.55926513671875,106.04175567626953,315.45159912109375,388.3814392089844,114.4716567993164,79.9382095336914
2021-05-11,16.358591079711914,47.41294479370117,66.519287109375,172.13999938964844,204.90415954589844,105.65335845947266,315.0158386230469,384.9151306152344,113.82371520996094,78.93095397949219
2021-05-12,16.3411922454834,46.10280990600586,65.45741271972656,170.42999267578125,198.25059509277344,105.07878875732422,306.86236572265625,376.7375793457031,112.62773895263672,76.93269348144531
2021-05-13,15.888720512390137,46.040836334228516,65.94619750976562,171.1300048828125,201.90023803710938,105.47531127929688,309.2348327636719,381.2630920410156,112.8021469116211,77.93183135986328
2021-05-14,16.01923942565918,46.872955322265625,67.05021667480469,172.69000244140625,206.83197021484375,106.04987335205078,316.0616760253906,387.1175231933594,113.85697937011719,78.85784912109375
2021-05-17,16.219369888305664,46.82869338989258,66.92381286621094,174.6999969482422,207.1126708984375,105.92849731445312,314.144287109375,386.1324768066406,113.61617279052734,78.93907928466797
2021-05-18,16.14105987548828,47.45720672607422,67.06708526611328,175.0399932861328,205.54051208496094,105.58053588867188,312.0235290527344,382.8056640625,113.32537078857422,78.95531463623047
2021-05-19,15.810406684875488,47.315574645996094,66.47713470458984,175.16000366210938,203.95899963378906,105.39440155029297,312.38189697265625,381.8020324707031,113.05134582519531,78.70350646972656
2021-05-20,15.645079612731934,47.58998489379883,67.3536148071289,175.9600067138672,205.31593322753906,106.11460876464844,318.4244079589844,385.9095153808594,113.98162078857422,79.58891296386719
2021-05-21,15.793004035949707,47.04114532470703,67.44631958007812,176.0399932861328,205.8493194580078,106.18741607666016,316.6619873046875,385.59356689453125,114.34703063964844,79.50768280029297
2021-05-24,16.01053810119629,47.43064880371094,67.85926818847656,176.35000610351562,207.1875,106.47875213623047,321.98797607421875,389.5243835449219,114.77066802978516,80.4986801147461
2021-05-25,15.958330154418945,47.89982604980469,67.87613677978516,177.9499969482422,205.18487548828125,106.87528228759766,322.43341064453125,388.66009521484375,115.83380889892578,80.47431945800781
2021-05-26,15.984435081481934,48.2539176940918,67.83399963378906,177.63999938964844,209.01235961914062,106.81864166259766,323.5567626953125,389.431396484375,115.63446807861328,80.83174133300781
2021-05-27,16.23677635192871,48.26276779174805,67.96039581298828,177.7100067138672,211.1647186279297,106.49494171142578,322.3462829589844,389.6358337402344,115.1693115234375,80.64488983154297
2021-05-28,16.184566497802734,48.57259750366211,68.12052154541016,178.3800048828125,211.0243682861328,106.58394622802734,323.3631286621094,390.3327941894531,114.98661804199219,81.13227844238281
2021-06-01,16.471712112426758,49.572914123535156,68.36492156982422,177.89999389648438,213.42001342773438,106.59774780273438,322.28814697265625,389.9889831542969,114.96077728271484,82.59440612792969
2021-06-02,16.558727264404297,49.6525764465332,68.59248352050781,178.77000427246094,213.67266845703125,106.76800537109375,322.9176025390625,390.6023254394531,115.22697448730469,83.56106567382812
2021-06-03,16.419504165649414,49.12144470214844,68.25536346435547,175.27000427246094,211.8852996826172,106.3464126586914,319.5574951171875,389.1526184082031,114.79441833496094,83.25236511230469
2021-06-04,16.602231979370117,49.564064025878906,68.83688354492188,177.16000366210938,212.8023681640625,107.10043334960938,324.9801940917969,392.71173095703125,116.36652374267578,83.29297637939453
2021-06-07,16.628339767456055,49.31618881225586,69.06442260742188,177.8699951171875,215.6565399169922,107.01122283935547,325.9485778808594,392.3307189941406,116.00881958007812,84.27587127685547
2021-06-08,16.79366111755371,49.07717514038086,69.03071594238281,177.32000732421875,217.93995666503906,107.41666412353516,326.1034851074219,392.41448974609375,116.82403564453125,84.97444152832031
2021-06-09,16.715349197387695,48.935543060302734,68.84530639648438,176.97999572753906,216.4894561767578,107.80587768554688,326.180908203125,391.8290100097656,117.85543823242188,85.08817291259766
2021-06-10,16.776260375976562,49.327640533447266,69.03496551513672,177.74000549316406,214.88401794433594,108.29231262207031,329.5798645019531,393.6502990722656,118.56241607666016,85.69738006591797
2021-06-11,16.724050521850586,49.15870666503906,69.19728088378906,175.74000549316406,217.15200805664062,108.38155364990234,330.4418029785156,394.30084228515625,118.3711166381836,85.35623931884766
2021-06-14,16.628339767456055,49.292076110839844,69.3168716430664,174.7100067138672,216.51478576660156,107.98426055908203,333.6083068847656,395.1837158203125,117.46443939208984,85.68925476074219
2021-06-15,16.558727264404297,48.95421600341797,69.40229797363281,174.0500030517578,215.8961944580078,108.06527709960938,331.4295349121094,394.4588317871094,117.32308959960938,84.77137756347656
2021-06-16,16.463010787963867,48.28738784790039,68.97515106201172,171.11000061035156,215.43695068359375,107.75720977783203,330.218994140625,392.2563781738281,117.22325897216797,84.2190170288086
2021-06-17,16.03664207458496,48.554115295410156,68.49676513671875,165.85000610351562,213.01893615722656,108.35720825195312,334.4119873046875,392.1263427734375,118.97830200195312,84.1134262084961
2021-06-18,16.201967239379883,48.21625900268555,67.07865142822266,164.92999267578125,208.18292236328125,108.9247817993164,331.7877197265625,386.8364562988281,121.21585845947266,82.68377685546875
2021-06-21,16.402103424072266,48.42074966430664,67.95856475830078,166.9499969482422,212.63467407226562,108.29231262207031,333.8497619628906,392.3743896484375,119.18624877929688,84.38958740234375
2021-06-22,16.428203582763672,48.1984748840332,67.96709442138672,166.25,213.60003662109375,108.47073364257812,336.9618835449219,394.47210693359375,119.4774169921875,83.9509506225586
2021-06-23,16.532623291015625,48.49188232421875,67.53141784667969,166.13999938964844,214.30291748046875,108.30045318603516,337.12664794921875,393.99664306640625,119.16963195800781,83.80472564697266
2021-06-24,16.593530654907227,48.93643569946289,68.18065643310547,166.0399932861328,217.3301239013672,108.51123046875,339.2110595703125,396.3273620605469,119.36091613769531,83.62395477294922
2021-06-25,16.5239200592041,49.345420837402344,68.3259048461914,166.58999633789062,217.69561767578125,108.22750091552734,338.79412841796875,397.735107421875,118.12153625488281,84.18842315673828
2021-06-28,16.51521873474121,49.3898811340332,67.89022064208984,166.5800018310547,215.9711456298828,108.68965911865234,342.9144592285156,398.53692626953125,119.33599853515625,83.94300079345703
2021-06-29,16.593530654907227,49.35430908203125,67.90729522705078,164.8300018310547,214.94020080566406,108.81939697265625,344.1553039550781,398.7513427734375,119.53556823730469,83.71392822265625
2021-06-30,16.75015640258789,49.03424072265625,67.38617706298828,165.6300048828125,214.9683380126953,108.94097900390625,343.6124572753906,399.0869445800781,120.0679702758789,83.27217102050781
2021-07-01,16.811065673828125,48.75861358642578,67.54850006103516,166.1999969482422,216.86154174804688,108.84597778320312,343.7481994628906,401.2966003417969,120.07463073730469,83.63211822509766
2021-07-02,16.96769142150879,48.705265045166016,67.7791519165039,167.2899932861328,214.7996368408203,109.15463256835938,347.6940002441406,404.3638916015625,120.79915618896484,83.88572692871094
2021-07-06,16.506515502929688,47.85171890258789,67.33492279052734,168.1199951171875,211.67872619628906,109.55271911621094,349.1966552734375,403.6273498535156,122.21514129638672,84.49927520751953
2021-07-07,16.306386947631836,47.798370361328125,67.70228576660156,168.75999450683594,209.7105712890625,109.92635345458984,349.9335021972656,405.0539245605469,123.29781341552734,84.79381561279297
2021-07-08,16.445606231689453,46.80257797241211,66.83088684082031,168.64999389648438,207.7799072265625,109.98323059082031,347.82000732421875,401.7535095214844,123.78087615966797,84.55656433105469
2021-07-09,16.63703727722168,47.61166000366211,67.96709442138672,169.2100067138672,212.1660919189453,109.52019500732422,349.99169921875,406.0421142578125,122.04013061523438,85.94730377197266
2021-07-12,16.66314125061035,47.65612030029297,68.25755310058594,169.0,212.34414672851562,109.46336364746094,351.3586730957031,407.4964599609375,121.88192749023438,86.68354034423828
2021-07-13,16.8023624420166,47.70056915283203,67.89875793457031,169.22000122070312,208.34225463867188,109.05718994140625,351.3586730957031,406.10736083984375,120.94912719726562,85.4728012084961
2021-07-14,16.63703727722168,47.90507125854492,68.05252838134766,171.0399932861328,205.1276092529297,109.56082153320312,351.9886779785156,406.7134094238281,122.32334899902344,86.07000732421875
2021-07-15,16.550024032592773,48.020652770996094,67.40327453613281,171.07000732421875,203.96551513671875,109.79643249511719,349.5165710449219,405.3242492675781,123.67262268066406,86.2090835571289
2021-07-16,16.550024032592773,47.6472282409668,66.90778350830078,169.41000366210938,201.45376586914062,109.64202880859375,346.68572998046875,402.14501953125,123.43943786621094,86.15180206298828
2021-07-19,15.888720512390137,46.84702682495117,65.69470977783203,169.61000061035156,198.4359588623047,110.43003845214844,343.84515380859375,396.2061767578125,126.1462173461914,84.58110046386719
2021-07-20,16.123659133911133,46.9981803894043,66.17308807373047,169.38999938964844,204.5934295654297,110.27569580078125,347.8394470214844,401.8839416503906,124.9302749633789,86.57720947265625
2021-07-21,16.445606231689453,47.300479888916016,67.18115997314453,168.75999450683594,208.11729431152344,109.88574981689453,350.5248107910156,405.1377258300781,123.3477783203125,86.56902313232422
2021-07-22,16.576126098632812,47.3893928527832,67.20677185058594,169.08999633789062,204.8089599609375,110.34066009521484,352.8419494628906,405.9861755371094,124.51374053955078,85.88184356689453
2021-07-23,16.66314125061035,46.68699264526367,67.67665100097656,168.55999755859375,205.7649383544922,110.29191589355469,356.9622497558594,410.1629333496094,123.6809310913086,86.59358215332031
2021-07-26,16.784961700439453,45.797882080078125,67.77061462402344,168.16000366210938,206.36471557617188,110.04824829101562,357.24346923828125,411.16986083984375,123.31451416015625,86.63446807861328
2021-07-27,16.689247131347656,44.87321472167969,67.49723815917969,168.44000244140625,203.95611572265625,110.51942443847656,353.30731201171875,409.29583740234375,124.63044738769531,87.12532043457031
2021-07-28,16.767559051513672,46.0912971496582,67.78768157958984,169.2899932861328,206.95518493652344,110.71436309814453,354.6645202636719,409.1280822753906,124.63871002197266,86.82261657714844
2021-07-29,17.06340789794922,46.32246017456055,68.25755310058594,171.1699981689453,208.54843139648438,110.39751434326172,355.2947082519531,410.8248596191406,123.94745635986328,86.83898162841797
2021-07-30,16.96769142150879,45.877899169921875,67.90729522705078,169.82000732421875,207.17071533203125,110.4869155883789,353.4430236816406,408.8297119140625,124.53044891357422,86.95352935791016
2021-08-02,16.784961700439453,46.206878662109375,68.2490234375,169.61000061035156,206.13980102539062,110.80669403076172,353.47210693359375,407.9718933105469,125.64111328125,86.7653579711914
2021-08-03,16.706647872924805,46.40248107910156,68.7359619140625,169.49000549316406,206.99267578125,110.92063903808594,355.6146545410156,411.2910461425781,125.70784759521484,86.87171173095703
2021-08-04,16.436904907226562,46.642539978027344,68.53092956542969,169.52999877929688,204.41534423828125,110.94506072998047,356.12841796875,409.2679748535156,125.96637725830078,86.60174560546875
2021-08-05,16.680545806884766,46.5713996887207,68.86409759521484,168.86000061035156,208.0891876220703,110.48933410644531,358.3872985839844,411.8598327636719,125.3243408203125,87.61615753173828
2021-08-06,16.541322708129883,46.18020248413086,68.6078109741211,164.63999938964844,209.36380004882812,109.58605194091797,356.8167419433594,412.5402526855469,123.23126220703125,87.46074676513672
2021-08-09,16.306386947631836,46.33134841918945,68.57364654541016,161.72000122070312,208.2110595703125,109.11402130126953,357.4760437011719,412.20465087890625,122.78929138183594,86.99443054199219
2021-08-10,16.602231979370117,46.39358901977539,68.72740936279297,161.77000427246094,208.62344360351562,108.86992645263672,355.6436767578125,412.7174377441406,122.22224426269531,86.16816711425781
2021-08-11,16.75015640258789,46.51805877685547,69.19728088378906,164.0,209.6449737548828,109.0407943725586,355.03289794921875,413.7430725097656,122.14720916748047,86.67536163330078
2021-08-12,16.689247131347656,46.109073638916016,69.13746643066406,164.0399932861328,209.14825439453125,109.19538879394531,356.3127136230469,414.9830017089844,121.94709777832031,86.86353302001953
2021-08-13,16.593530654907227,45.99348831176758,69.55606842041016,166.38999938964844,207.24571228027344,109.9278335571289,357.5633239746094,415.7382507324219,123.87337493896484,87.3380126953125
2021-08-16,16.550024032592773,45.57561492919922,69.19728088378906,167.22000122070312,205.31507873535156,109.99298095703125,357.7183837890625,416.7171325683594,124.173583984375,87.2316665649414
2021-08-17,16.36729621887207,44.73985290527344,68.54801177978516,166.97000122070312,202.81271362304688,109.79759979248047,354.5675964355469,413.9854431152344,124.1235122680664,87.14169311523438
2021-08-18,16.175867080688477,44.81098175048828,68.28319549560547,167.10000610351562,201.04136657714844,109.72437286376953,351.155029296875,409.4543762207031,124.54044342041016,86.34813690185547
2021-08-19,15.949627876281738,44.04634475708008,67.60829162597656,166.61000061035156,198.6327362060547,109.97662353515625,352.8517150878906,410.0884094238281,125.45773315429688,86.7653579711914
2021-08-20,15.575469970703125,44.01078414916992,67.87312316894531,166.6999969482422,201.98793029785156,110.04986572265625,356.50653076171875,413.3514404296875,125.54113006591797,87.19894409179688
2021-08-23,16.14105987548828,44.677616119384766,68.50529479980469,168.72999572753906,205.83056640625,110.13125610351562,361.8387145996094,416.98748779296875,125.45773315429688,87.03533172607422
2021-08-24,16.48041534423828,45.691192626953125,68.6505355834961,168.64999389648438,207.85488891601562,109.87898254394531,362.9438781738281,417.6494445800781,124.48214721679688,86.65082550048828
2021-08-25,16.628339767456055,45.744537353515625,68.67615509033203,167.47999572753906,208.58592224121094,109.59416198730469,363.36077880859375,418.5257568359375,123.44808197021484,86.59358215332031
2021-08-26,16.49781608581543,45.30887985229492,68.31735229492188,167.6699981689453,206.37408447265625,109.5616226196289,361.053466796875,416.05511474609375,123.78997802734375,86.62628173828125
2021-08-27,16.706647872924805,45.8690185546875,68.94098663330078,170.19000244140625,212.19419860839844,110.17193603515625,364.56292724609375,419.7751159667969,124.63221740722656,87.53435516357422
2021-08-30,16.767559051513672,45.96682357788086,68.92389678955078,169.35000610351562,211.32261657714844,110.359130859375,368.65411376953125,421.6211242675781,124.95738983154297,88.40969848632812
2021-08-31,16.689247131347656,46.598087310791016,68.88971710205078,169.69000244140625,211.7349853515625,110.1069107055664,368.353515625,420.9964599609375,124.10686492919922,88.82693481445312
2021-09-01,16.61093521118164,47.19378662109375,69.51336669921875,169.6999969482422,213.1595458984375,110.24871063232422,368.96435546875,421.2201843261719,124.31475830078125,90.2503890991211
2021-09-02,16.8023624420166,46.98040008544922,69.7952651977539,169.25,214.6403045654297,110.44434356689453,368.789794921875,422.51611328125,124.8574447631836,90.724853515625
2021-09-03,16.819766998291016,47.229347229003906,70.11136627197266,171.05999755859375,213.6468963623047,110.04488372802734,369.9241943359375,422.4135437011719,123.721923828125,90.7412338256836
2021-09-07,16.628339767456055,47.50496292114258,70.16261291503906,167.7100067138672,212.17544555664062,109.52313995361328,370.4476013183594,420.9031677246094,122.67819213867188,89.71863555908203
2021-09-08,16.75015640258789,46.811466217041016,69.60733032226562,167.2899932861328,209.86053466796875,109.87370300292969,369.1582946777344,420.390380859375,123.51322174072266,90.16857147216797
2021-09-09,16.628339767456055,46.72255325317383,69.48773193359375,168.02999877929688,209.75743103027344,110.59111785888672,367.8882751464844,418.5910949707031,125.00776672363281,88.33606719970703
2021-09-10,16.84587287902832,46.66920852661133,69.33397674560547,167.17999267578125,207.70497131347656,110.27313232421875,365.09613037109375,415.29071044921875,123.9056167602539,87.04351806640625
2021-09-13,16.97639274597168,46.79368591308594,69.8807144165039,167.74000549316406,208.88584899902344,110.5421142578125,364.84405517578125,416.353515625,124.65705108642578,87.63253784179688
2021-09-14,16.96769142150879,46.40248107910156,69.59024810791016,168.82000732421875,206.22418212890625,110.87641143798828,363.8067626953125,414.1066589355469,126.1683120727539,87.47708892822266
2021-09-15,17.24613380432129,46.39358901977539,69.7952651977539,167.8300018310547,208.0891876220703,110.74598693847656,366.5115661621094,417.5655822753906,125.72578430175781,87.75523376464844
2021-09-16,17.124317169189453,45.8690185546875,69.68421173095703,164.02999877929688,208.2391815185547,110.59111785888672,366.7637023925781,416.90350341796875,125.1496810913086,87.828857421875
2021-09-17,16.985092163085938,45.673404693603516,68.77012634277344,163.77000427246094,208.5109100341797,110.34652709960938,362.42034912109375,412.8424377441406,124.54855346679688,87.04351806640625
2021-09-20,16.784961700439453,44.446441650390625,67.49723815917969,164.94000244140625,203.55311584472656,110.68891906738281,354.9315490722656,405.9585876464844,126.09320068359375,86.51176452636719
2021-09-21,16.8023624420166,44.77540969848633,68.16358184814453,166.0399932861328,203.8623809814453,110.68075561523438,355.3683776855469,405.5752258300781,125.984619140625,86.55265808105469
2021-09-22,16.993793487548828,45.33555221557617,68.50529479980469,165.4199981689453,207.03012084960938,110.99055480957031,358.6875915527344,409.5315246582031,126.73604583740234,87.39527893066406
2021-09-23,17.254837036132812,45.691192626953125,69.24852752685547,163.50999450683594,210.69464111328125,110.22427368164062,361.9972229003906,414.5073547363281,123.87223815917969,87.22347259521484
2021-09-24,17.333148956298828,45.14883804321289,68.59927368164062,163.3000030517578,209.67852783203125,109.98782348632812,362.33685302734375,415.1900329589844,122.66159057617188,86.29086303710938
2021-09-27,17.568086624145508,45.44224166870117,68.55656433105469,163.63999938964844,212.86526489257812,109.9307861328125,359.4447021484375,414.0023498535156,122.21070861816406,85.13021087646484
2021-09-28,17.428863525390625,44.85542678833008,67.0615463256836,162.0500030517578,208.0239715576172,108.75689697265625,349.2732238769531,405.65936279296875,120.30701446533203,84.55401611328125
2021-09-29,17.446266174316406,44.43754959106445,66.90778350830078,161.32000732421875,207.5821533203125,108.73239135742188,348.7005615234375,406.3421325683594,120.51575469970703,85.18782806396484
2021-09-30,17.559385299682617,44.79319763183594,66.64295196533203,164.22000122070312,205.63624572753906,108.44712829589844,347.41949462890625,401.37567138671875,120.49903869628906,83.78025817871094
2021-10-01,17.794321060180664,44.74874496459961,66.80526733398438,164.58999633789062,208.95465087890625,109.23526000976562,349.5740661621094,406.145751953125,121.5131607055664,84.96559143066406
2021-10-04,18.081466674804688,44.09080505371094,66.10474395751953,165.36000061035156,207.0557098388672,109.05561065673828,342.23663330078125,400.9080505371094,121.20380401611328,84.98204803466797
2021-10-05,18.307703018188477,44.4019889831543,66.55752563476562,164.58999633789062,207.7701873779297,108.60639190673828,346.85650634765625,405.0794982910156,120.03335571289062,84.3976058959961
2021-10-06,18.003154754638672,44.153038024902344,66.11329650878906,165.02999877929688,206.68911743164062,108.63900756835938,349.0791931152344,406.76300048828125,120.71053314208984,85.20429992675781
2021-10-07,18.22939109802246,45.015472412109375,66.62586975097656,164.16000366210938,209.87586975097656,108.15714263916016,352.2820129394531,410.2796936035156,119.44819641113281,85.43477630615234
2021-10-08,18.290300369262695,45.18439865112305,66.61734008789062,164.22999572753906,208.29660034179688,107.65892028808594,350.5252990722656,409.5315246582031,118.61219787597656,84.62809753417969
2021-10-11,18.412118911743164,45.09549331665039,66.40376281738281,163.9199981689453,207.1027374267578,107.4547119140625,347.8369140625,406.5666198730469,118.31117248535156,84.84211730957031
2021-10-12,18.412118911743164,44.86432647705078,66.43791961669922,164.66000366210938,208.2401885986328,108.14080810546875,346.6236572265625,405.5658874511719,120.33435821533203,85.953369140625
2021-10-13,18.51653480529785,45.4866943359375,67.0957260131836,167.58999633789062,209.2272491455078,108.68805694580078,349.3993835449219,407.02490234375,121.5047836303711,86.57896423339844
2021-10-14,18.70796775817871,45.62895584106445,67.76206970214844,168.0,212.3293914794922,109.20259857177734,355.8341369628906,413.8713073730469,121.95623016357422,87.6325912475586
2021-10-15,18.864593505859375,46.18020248413086,68.3259048461914,165.3300018310547,211.66195678710938,108.81056213378906,358.0762634277344,417.0233154296875,121.24559020996094,87.56673431396484
2021-10-18,18.75147247314453,46.06461715698242,68.03544616699219,164.9199981689453,211.53977966308594,108.72068786621094,361.6768798828125,418.2579040527344,121.8140869140625,87.78900146484375
2021-10-19,18.794981002807617,46.6781005859375,68.44550323486328,165.4499969482422,212.3293914794922,108.12448120117188,364.41387939453125,421.4847412109375,120.13369750976562,87.83015441894531
2021-10-20,19.003812789916992,46.66920852661133,68.68470764160156,166.89999389648438,213.73948669433594,107.86309814453125,363.9383544921875,423.1401062011719,119.32278442382812,89.2130355834961
2021-10-21,18.7166690826416,46.36690902709961,68.36006927490234,166.75,214.28469848632812,107.63439178466797,366.1609191894531,424.243896484375,119.1806640625,89.33650207519531
2021-10-22,18.803682327270508,46.26911163330078,68.77012634277344,167.77000427246094,213.77708435058594,108.06732177734375,363.084228515625,423.8043212890625,120.49322509765625,89.7563247680664
2021-10-25,18.899396896362305,46.50917053222656,68.63345336914062,168.92999267578125,215.80760192871094,108.11628723144531,366.8015441894531,426.0770263671875,120.30924224853516,90.04441833496094
2021-10-26,18.92550277709961,46.26911163330078,68.77012634277344,167.67999267578125,214.18130493164062,108.58186340332031,367.9563903808594,426.4605407714844,121.30408477783203,90.2913818359375
2021-10-27,18.57744789123535,45.89568328857422,68.49676513671875,168.1199951171875,210.2425079345703,109.24345397949219,368.8104553222656,424.5711669921875,123.51116180419922,89.52583312988281
2021-10-28,18.673160552978516,45.94013977050781,69.1630859375,168.0800018310547,214.4351348876953,109.08009338378906,372.9062805175781,428.667724609375,123.09314727783203,90.77703857421875
2021-10-29,18.57744789123535,45.2733154296875,68.76158905029297,166.64999389648438,214.3787384033203,109.02288055419922,374.74053955078125,429.5376892089844,123.4693603515625,89.7563247680664
2021-11-01,18.7166690826416,45.62895584106445,69.42793273925781,167.52000427246094,219.93443298339844,108.82815551757812,376.02166748046875,430.2765808105469,122.58037567138672,90.20081329345703
2021-11-02,18.768877029418945,45.21996307373047,69.2826919555664,167.16000366210938,220.3950653076172,109.24552154541016,377.59405517578125,432.0161437988281,123.12448120117188,90.62882995605469
2021-11-03,18.290300369262695,45.433353424072266,69.84652709960938,165.77000427246094,224.33389282226562,108.9672622680664,381.6023864746094,434.65374755859375,121.85221099853516,90.93342590332031
2021-11-04,18.177183151245117,45.326656341552734,69.8038330078125,167.64999389648438,224.24925231933594,109.54013061523438,386.4940490722656,436.70208740234375,123.13289642333984,90.06910705566406
2021-11-05,18.429523468017578,45.2733154296875,69.90634155273438,169.83999633789062,227.31382751464844,110.3421630859375,386.86285400390625,438.2171936035156,124.97442626953125,90.53007507324219
2021-11-08,18.542638778686523,45.691192626953125,69.89778900146484,170.4499969482422,228.01889038085938,110.08844757080078,386.33868408203125,438.5914001464844,124.7400131225586,90.45598602294922
2021-11-09,18.690563201904297,45.51336669921875,69.7440185546875,171.2899932861328,226.69338989257812,110.38306427001953,383.67938232421875,437.1416931152344,126.3640365600586,90.61239624023438
2021-11-10,18.455625534057617,45.326656341552734,68.89827728271484,173.14999389648438,223.1212158203125,109.25370788574219,378.0404968261719,433.6248779296875,124.05361938476562,90.19261169433594
2021-11-11,18.58614730834961,46.109073638916016,69.1460189819336,174.1199951171875,224.91668701171875,108.94273376464844,379.08868408203125,433.76519775390625,123.86945343017578,90.34075164794922
2021-11-12,18.560043334960938,46.23354721069336,69.52190399169922,174.4499969482422,225.1422882080078,108.82815551757812,383.07763671875,437.0386962890625,123.32536315917969,90.27490997314453
2021-11-15,18.568744659423828,46.082401275634766,69.39376831054688,174.17999267578125,224.24925231933594,108.00155639648438,382.9902648925781,437.18841552734375,121.77676391601562,90.90873718261719
2021-11-16,18.542638778686523,46.14463806152344,69.239990234375,172.9199981689453,224.6628875732422,107.82154083251953,385.717529296875,438.9187927246094,121.46705627441406,90.30781555175781
2021-11-17,18.3773136138916,45.90458297729492,69.15454864501953,174.5,221.7205352783203,108.25525665283203,385.9213562011719,437.85247802734375,122.42972564697266,90.58770751953125
2021-11-18,18.438222885131836,45.34444046020508,69.2229232788086,173.94000244140625,220.78048706054688,108.50077056884766,389.9200744628906,439.3396911621094,122.89010620117188,90.6041488647461
2021-11-19,18.142379760742188,45.2733154296875,68.63345336914062,172.61000061035156,218.76876831054688,108.90999603271484,392.0940856933594,438.553955078125,124.18759155273438,90.06910705566406
2021-11-22,18.272899627685547,44.90877914428711,68.23193359375,168.74000549316406,217.83815002441406,107.96067810058594,387.54217529296875,437.3193054199219,122.73101043701172,89.62460327148438
2021-11-23,18.603548049926758,44.86432647705078,68.16358184814453,167.27999877929688,217.46206665039062,107.19141387939453,385.77569580078125,437.8992614746094,120.95648956298828,90.3489761352539
2021-11-24,18.533937454223633,44.80208969116211,67.71080780029297,167.1199951171875,217.69712829589844,107.70696258544922,387.01806640625,439.06842041015625,122.89849090576172,91.44376373291016
2021-11-26,17.428863525390625,43.29949951171875,65.89117431640625,166.85000610351562,209.49044799804688,108.58263397216797,379.6806945800781,429.2757873535156,126.00403594970703,88.90025329589844
2021-11-29,17.428863525390625,43.468421936035156,66.22435760498047,166.6199951171875,209.35885620117188,108.65629577636719,387.9207458496094,434.54156494140625,124.9912109375,89.55875396728516
2021-11-30,16.950286865234375,43.42396545410156,65.6434326171875,165.5,205.09103393554688,108.89362335205078,382.2235107421875,426.0863952636719,126.89134216308594,87.86306762695312
2021-12-01,16.8023624420166,43.584007263183594,65.26756286621094,166.16000366210938,200.47535705566406,108.90918731689453,375.72088623046875,421.353759765625,127.67404174804688,86.4143295288086
2021-12-02,16.950286865234375,44.11747360229492,66.0791244506836,165.24000549316406,206.06869506835938,109.16333770751953,378.42864990234375,427.8073425292969,127.8332748413086,89.00724029541016
2021-12-03,16.96769142150879,43.49509811401367,65.80574798583984,166.6300048828125,201.83847045898438,110.07337188720703,371.8484191894531,424.0848083496094,129.35867309570312,88.7109146118164
2021-12-06,17.263538360595703,43.83295822143555,66.43791961669922,166.22000122070312,205.89010620117188,109.51589965820312,374.8280029296875,429.1074523925781,127.58191680908203,90.26667785644531
2021-12-07,17.524578094482422,44.52646255493164,67.83895874023438,166.80999755859375,210.66552734375,109.56510162353516,386.1155090332031,437.9834899902344,126.55103302001953,91.5672607421875
2021-12-08,17.7595157623291,44.704280853271484,67.96709442138672,166.89999389648438,212.10379028320312,108.83538818359375,387.84307861328125,439.1432800292969,124.3636474609375,92.22576141357422
2021-12-09,17.48977279663086,44.49089431762695,67.40327453613281,165.8800048828125,207.3001251220703,108.74520874023438,382.13623046875,436.1783142089844,125.05928802490234,90.89228057861328
2021-12-10,17.689905166625977,44.52646255493164,67.54850006103516,166.5800018310547,206.7267303466797,108.86820983886719,386.2901611328125,440.2842102050781,124.75753784179688,91.17214965820312
2021-12-13,17.602890014648438,43.8203239440918,66.91575622558594,167.0,203.7056121826172,109.36007690429688,380.70947265625,436.3841552734375,126.60131072998047,92.02823638916016
2021-12-14,17.446266174316406,43.721126556396484,66.55941772460938,165.44000244140625,201.95179748535156,108.86820983886719,376.76904296875,433.3817443847656,126.29963684082031,90.85110473632812
2021-12-15,17.533279418945312,43.59486389160156,67.46332550048828,166.14999389648438,205.15774536132812,109.007568359375,385.3584289550781,440.1533508300781,125.08436584472656,92.12699127197266
2021-12-16,17.637699127197266,43.64897537231445,67.47200775146484,168.16000366210938,201.00892639160156,109.00431823730469,375.4490661621094,436.27178955078125,125.13300323486328,92.0940933227539
2021-12-17,17.428863525390625,43.432533264160156,66.62024688720703,167.8000030517578,202.85702514648438,109.25892639160156,373.5759582519531,431.62860107421875,126.55101776123047,91.97881317138672
2021-12-20,17.307043075561523,42.783206939697266,66.47248840332031,167.08999633789062,200.0094451904297,108.782470703125,369.9520568847656,427.0389709472656,125.60291290283203,91.26270294189453
2021-12-21,17.672502517700195,43.50468063354492,67.21126556396484,167.02000427246094,205.72341918945312,108.99609375,378.2317810058594,434.6227722167969,125.12467193603516,92.2916259765625
2021-12-22,17.881336212158203,43.71211242675781,67.83707427978516,168.58999633789062,207.70358276367188,109.16858673095703,382.83807373046875,438.96844482421875,125.70355987548828,93.23825073242188
2021-12-23,17.97705078125,43.93756866455078,68.23686981201172,168.97000122070312,209.363037109375,109.00431823730469,385.7242736816406,441.6996765136719,124.61286163330078,93.13947296142578
2021-12-27,18.20328712463379,44.135963439941406,68.76704406738281,169.3699951171875,211.32431030273438,109.32461547851562,392.09930419921875,447.95074462890625,124.91487884521484,94.72064971923828
2021-12-28,18.168479919433594,43.991676330566406,68.79312133789062,168.63999938964844,210.03253173828125,109.18499755859375,390.2819519042969,447.5846862792969,124.41987609863281,95.0696029663086
2021-12-29,18.2554931640625,43.793270111083984,68.76704406738281,168.58999633789062,210.25885009765625,108.58537292480469,390.2236633300781,448.1571960449219,123.06062316894531,95.70939636230469
2021-12-30,18.168479919433594,44.294960021972656,68.5867691040039,169.8000030517578,210.20225524902344,109.02072143554688,389.0575256347656,446.9182434082031,124.0926742553711,96.12483215332031
2021-12-31,18.081466674804688,44.07840347290039,68.52579498291016,170.9600067138672,209.74966430664062,108.8564224243164,386.6281433105469,445.7919616699219,124.33599090576172,96.39071655273438
2022-01-03,18.151077270507812,44.39421463012695,68.96997833251953,168.3300018310547,212.455810546875,107.69822692871094,390.3500671386719,448.37298583984375,121.07213592529297,95.63461303710938
2022-01-04,18.36861228942871,44.24081802368164,69.36190032958984,169.57000732421875,212.1351776123047,107.78858184814453,385.2870178222656,448.2228698730469,120.56871795654297,95.51829528808594
2022-01-05,18.290300369262695,43.51896286010742,68.75223541259766,169.05999755859375,204.9502716064453,107.15605163574219,373.4505310058594,439.615966796875,119.91426086425781,92.7846908569336
2022-01-06,18.446924209594727,43.71746826171875,68.40386199951172,166.99000549316406,206.1195068359375,107.01643371582031,373.1881408691406,439.20306396484375,120.22472381591797,92.86776733398438
2022-01-07,18.481731414794922,44.1144905090332,68.60418701171875,167.75,203.73391723632812,106.55642700195312,369.1454772949219,437.4666442871094,119.36051940917969,92.25292205810547
2022-01-10,18.403417587280273,44.1144905090332,67.96839904785156,168.25999450683594,203.02674865722656,106.45787811279297,369.3883972167969,436.92236328125,119.65416717529297,91.72115325927734
2022-01-11,18.76017189025879,45.13412094116211,68.70869445800781,170.2899932861328,205.1859893798828,106.7782211303711,374.9374694824219,440.90191650390625,120.4512710571289,91.86241149902344
2022-01-12,18.908098220825195,45.883052825927734,69.37931060791016,170.74000549316406,203.65847778320312,106.70426940917969,376.42425537109375,442.0939025878906,119.98979187011719,91.97041320800781
2022-01-13,18.70796775817871,45.233367919921875,68.87417602539062,170.16000366210938,201.7915496826172,107.04106903076172,367.007568359375,436.0024719238281,121.05538177490234,91.7876205444336
2022-01-14,18.95160484313965,45.215328216552734,68.80451202392578,169.6699981689453,202.0743865966797,106.09638977050781,369.2912292480469,436.1808166503906,119.22628021240234,90.95674896240234
2022-01-18,19.09952735900879,44.412261962890625,67.79420471191406,169.38999938964844,195.96437072753906,105.0860366821289,360.0981140136719,428.4561767578125,117.54822540283203,90.001220703125
2022-01-19,19.20394515991211,44.601749420166016,67.73323059082031,172.0800018310547,192.77735900878906,105.25032806396484,356.1429138183594,424.00732421875,118.3620834350586,88.78814697265625
2022-01-20,19.13433265686035,44.863426208496094,67.40229034423828,171.64999389648438,189.28858947753906,105.19281768798828,351.51708984375,419.31439208984375,119.0920639038086,87.64982604980469
2022-01-21,19.151737213134766,44.213748931884766,66.48779296875,171.08999633789062,185.74325561523438,105.88282775878906,341.7700500488281,411.0828552246094,120.5099868774414,87.43379974365234
2022-01-24,19.10822868347168,43.591148376464844,65.82587432861328,172.02999877929688,190.0240020751953,105.55428314208984,343.33465576171875,412.8287048339844,119.5199203491211,87.5999755859375
2022-01-25,19.282257080078125,43.50993347167969,65.42523956298828,172.5800018310547,187.4876251220703,105.25852966308594,335.3756408691406,407.78851318359375,119.32698059082031,87.25102233886719
2022-01-26,19.325761795043945,42.95952224731445,65.17266845703125,169.7899932861328,184.78147888183594,104.54389953613281,334.8509521484375,406.7654113769531,117.88383483886719,85.88835906982422
2022-01-27,19.421478271484375,42.46324157714844,64.86784362792969,167.60000610351562,180.58555603027344,104.78211212158203,331.4787902832031,404.75677490234375,120.048583984375,84.46755981445312
2022-01-28,19.43888282775879,42.670780181884766,65.08557891845703,167.10000610351562,184.1026153564453,104.89710235595703,341.876953125,414.8091125488281,120.09046936035156,87.2011489868164
2022-01-31,19.508493423461914,44.06937789916992,66.03489685058594,168.08999633789062,189.75064086914062,104.94639587402344,352.8096618652344,422.2803039550781,119.4696044921875,88.2729721069336
2022-02-01,19.58680534362793,44.34007263183594,66.66197204589844,168.22999572753906,191.74954223632812,105.12091064453125,355.2099304199219,425.13360595703125,119.07306671142578,87.9572525024414
2022-02-02,19.665117263793945,44.26789474487305,67.15841674804688,168.83999633789062,189.84486389160156,105.12911987304688,358.09625244140625,429.263427734375,119.47636413574219,89.07894134521484
2022-02-03,19.70862579345703,43.798683166503906,66.09586334228516,168.60000610351562,186.25244140625,104.28140258789062,343.57763671875,419.173583984375,118.54369354248047,88.13174438476562
2022-02-04,19.865249633789062,43.90696334838867,66.25263214111328,168.86000061035156,187.05392456054688,103.24447631835938,347.9118347167969,421.1446838378906,116.79608917236328,87.25929260253906
2022-02-07,19.908756256103516,43.81673049926758,66.36585235595703,170.11000061035156,187.97792053222656,103.43375396728516,345.11309814453125,419.79302978515625,116.87169647216797,87.13468933105469
2022-02-08,19.734729766845703,44.24081802368164,66.70552062988281,170.6300048828125,191.183837890625,103.04694366455078,348.990478515625,423.2471008300781,116.09031677246094,86.72753143310547
2022-02-09,19.93486213684082,44.93560791015625,67.7854995727539,171.2100067138672,194.8140106201172,103.39261627197266,356.3858337402344,429.4416809082031,116.30879974365234,88.68841552734375
2022-02-10,19.8304443359375,44.63784408569336,66.92325592041016,170.55999755859375,191.8250274658203,101.98527526855469,348.32000732421875,421.72650146484375,114.4603271484375,86.59459686279297
2022-02-11,20.126291275024414,43.96110534667969,65.9129638671875,173.80999755859375,189.88259887695312,102.74243927001953,337.2706298828125,413.41064453125,116.15753173828125,85.8052749633789
2022-02-14,20.230709075927734,43.65431594848633,65.48621368408203,174.74000549316406,189.22256469726562,101.82888793945312,337.68853759765625,412.0590515136719,114.71240234375,85.02423858642578
2022-02-15,19.900054931640625,44.601749420166016,66.6881103515625,173.0800018310547,194.29542541503906,101.31866455078125,346.0848693847656,418.7043151855469,113.41008758544922,85.78862762451172
2022-02-16,19.926158905029297,44.92658996582031,66.94068145751953,174.86000061035156,194.70086669921875,101.4667739868164,345.9974060058594,419.173583984375,114.08222198486328,86.18746948242188
2022-02-17,20.09148597717285,44.403236389160156,65.8607177734375,177.25,189.712890625,101.54088592529297,335.70611572265625,410.2194519042969,114.93087005615234,85.27350616455078
2022-02-18,20.169797897338867,43.96110534667969,65.58201599121094,177.1199951171875,188.0816650390625,101.78779602050781,331.87713623046875,407.56329345703125,116.14073944091797,84.75835418701172
2022-02-22,20.45694351196289,43.3385009765625,64.8155746459961,177.49000549316406,185.43211364746094,101.65608215332031,328.5439147949219,403.1893615722656,116.44322204589844,84.45093536376953
2022-02-23,20.648372650146484,42.83320617675781,64.2843017578125,178.2899932861328,181.96218872070312,100.73431396484375,320.12823486328125,396.0373840332031,114.83844757080078,83.05503845214844
2022-02-24,20.735389709472656,41.94892501831055,63.42207336425781,177.13999938964844,186.7333221435547,101.2116928100586,330.885986328125,401.99737548828125,114.91403198242188,84.45093536376953
2022-02-25,20.422136306762695,42.72492218017578,65.00718688964844,176.5500030517578,190.93865966796875,101.62316131591797,336.0170593261719,410.8670654296875,114.99807739257812,86.48658752441406
2022-02-28,20.77019500732422,42.16548156738281,63.770450592041016,178.3800048828125,191.7118682861328,102.70950317382812,337.0180358886719,409.81585693359375,117.51860046386719,85.19873046875
2022-03-01,21.605525970458984,41.60603713989258,62.3769416809082,181.6199951171875,188.10052490234375,103.06086730957031,331.85772705078125,403.5742492675781,118.87739562988281,84.75004577636719
2022-03-02,22.31033706665039,41.67822265625,63.16078186035156,179.72999572753906,192.57933044433594,101.49392700195312,337.4261474609375,410.9985046386719,114.81381225585938,86.3370361328125
2022-03-03,22.553974151611328,41.09172058105469,61.915340423583984,180.8000030517578,190.29751586914062,101.86504364013672,332.6061096191406,408.95233154296875,115.98323059082031,87.04327392578125
2022-03-04,23.502426147460938,40.26158142089844,60.12119674682617,183.67999267578125,187.31784057617188,101.96400451660156,327.7859191894531,405.6297302246094,117.98561096191406,87.4421157836914
2022-03-07,24.01580810546875,38.75469970703125,58.21382522583008,186.41000366210938,182.65997314453125,100.72696685791016,315.69683837890625,393.6720886230469,117.08538055419922,85.71385955810547
2022-03-08,24.424772262573242,38.88103103637695,58.718971252441406,191.50999450683594,183.66885375976562,100.12494659423828,314.2294921875,390.6874084472656,115.90751647949219,85.29842376708984
2022-03-09,22.484363555908203,39.981868743896484,61.17502975463867,185.82000732421875,188.84539794921875,100.29817199707031,325.5411071777344,401.1621398925781,114.7717514038086,86.61122131347656
2022-03-10,22.214622497558594,39.23293685913086,60.443450927734375,186.39999389648438,188.5059356689453,99.15181732177734,321.9261169433594,399.3506164550781,113.12277221679688,86.82726287841797
2022-03-11,22.597482681274414,38.41183090209961,59.790245056152344,185.08999633789062,185.4981231689453,99.110595703125,315.2498779296875,394.27276611328125,113.50135803222656,86.13761901855469
2022-03-14,21.936176300048828,37.48242950439453,60.33893585205078,182.3000030517578,181.7076416015625,97.6756591796875,309.1955261230469,391.391357421875,110.85128021240234,85.46458435058594
2022-03-15,21.396692276000977,37.53656768798828,60.91375732421875,178.88999938964844,184.60232543945312,98.44258117675781,318.8940734863281,399.998291015625,110.65776824951172,86.03792572021484
2022-03-16,21.21396255493164,40.559349060058594,63.09981155395508,180.00999450683594,190.41064453125,99.28376007080078,330.7208251953125,408.8678283691406,111.7430419921875,87.05989837646484
2022-03-17,22.232025146484375,40.35181427001953,63.63107681274414,180.88999938964844,193.399658203125,100.25688171386719,334.7245178222656,413.98321533203125,110.91014862060547,88.40592956542969
2022-03-18,22.336441040039062,40.92930221557617,64.24947357177734,179.3000030517578,195.4363250732422,100.45481872558594,341.57568359375,418.5174865722656,112.26467895507812,88.40592956542969
2022-03-21,23.17177391052246,40.29767990112305,63.848819732666016,180.6699981689453,193.71080017089844,99.06114959716797,340.6260681152344,418.3951110839844,109.6650161743164,87.86585998535156
2022-03-22,23.119565963745117,41.028564453125,64.44977569580078,179.36000061035156,195.65322875976562,98.82193756103516,347.3203125,423.2908935546875,108.26004791259766,88.09020233154297
2022-03-23,23.69385528564453,40.75785827636719,63.613670349121094,181.80999755859375,192.2587432861328,99.10234069824219,342.32879638671875,417.8395690917969,110.63247680664062,87.10188293457031
2022-03-24,23.458919525146484,40.97441482543945,64.2059097290039,183.1300048828125,194.469482421875,99.14360046386719,349.9376220703125,424.1381530761719,109.76595306396484,87.65328216552734
2022-03-25,23.632946014404297,40.64958190917969,64.24075317382812,182.3800048828125,194.7340087890625,98.3601303100586,349.6457824707031,426.2095642089844,108.24315643310547,88.74768829345703
2022-03-28,22.606184005737305,40.78492736816406,64.03173065185547,179.05999755859375,194.80014038085938,98.90440368652344,355.05560302734375,429.2411193847656,109.16867065429688,89.69173431396484
2022-03-29,22.693199157714844,41.47971725463867,65.45137786865234,179.13999938964844,200.01524353027344,99.73737335205078,361.166015625,434.5512390136719,109.9931411743164,92.32333374023438
2022-03-30,23.102163314819336,41.36241912841797,65.1813735961914,180.5800018310547,196.00003051757812,99.9682846069336,357.1766662597656,431.8680114746094,110.85128021240234,91.65496063232422
2022-03-31,22.67579460144043,40.739810943603516,64.10140228271484,180.64999389648438,193.9309844970703,99.73737335205078,352.74957275390625,425.220947265625,111.1204833984375,90.53551483154297
2022-04-01,22.823719024658203,41.416561126708984,64.70234680175781,179.5,196.1039276123047,100.07205200195312,352.0783386230469,426.4260559082031,111.54344940185547,92.29826354980469
2022-04-04,23.2587890625,42.14743423461914,64.96363830566406,180.3699951171875,196.42514038085938,100.41914367675781,359.3269958496094,430.0791015625,110.76829528808594,91.84712982177734
2022-04-05,23.067358016967773,41.371437072753906,64.08399200439453,179.24000549316406,191.7769317626953,98.65887451171875,351.348388671875,424.6465759277344,108.2657470703125,91.39598846435547
2022-04-06,22.88463020324707,40.830047607421875,63.31755065917969,179.66000366210938,189.0560302734375,98.08035278320312,343.7202453613281,420.40045166015625,107.38945770263672,92.48206329345703
2022-04-07,22.962940216064453,40.50521469116211,63.45690155029297,180.33999633789062,188.44190979003906,97.62580871582031,344.53753662109375,422.5188293457031,106.58055877685547,91.56307983398438
2022-04-08,23.250085830688477,40.54130172729492,63.48303985595703,181.47000122070312,186.93971252441406,96.85725402832031,339.72125244140625,421.3890380859375,105.42619323730469,91.71343231201172
2022-04-11,23.05865478515625,40.03600311279297,62.81241226196289,182.3699951171875,185.6831817626953,95.9151382446289,331.6842956542969,414.1865234375,103.7578353881836,90.72763061523438
2022-04-12,23.746065139770508,39.9096794128418,62.34210205078125,183.77000427246094,186.2689666748047,95.98126220703125,330.283203125,412.6518859863281,103.61459350585938,90.59397888183594
2022-04-13,24.268150329589844,40.43302536010742,63.012718200683594,184.64999389648438,189.8118133544922,96.47708892822266,336.996826171875,417.37823486328125,103.82524871826172,91.23725891113281
2022-04-14,24.450876235961914,39.9096794128418,62.725318908691406,184.0399932861328,187.96954345703125,95.35314178466797,329.2906799316406,412.18109130859375,101.74403381347656,90.84461212158203
2022-04-18,24.729320526123047,39.77432632446289,62.359527587890625,184.61000061035156,186.70355224609375,94.62591552734375,329.5436706542969,412.3505859375,101.23846435546875,90.47700500488281
2022-04-19,24.0941219329834,39.57582473754883,62.655635833740234,181.82000732421875,190.42593383789062,93.87383270263672,336.9092102050781,419.007080078125,100.48014831542969,92.4486312866211
2022-04-20,24.120223999023438,39.34121322631836,63.07368850708008,182.7100067138672,191.15338134765625,94.8490219116211,331.99560546875,418.6962890625,102.50238037109375,93.98582458496094
2022-04-21,24.085418701171875,38.58326721191406,62.39435577392578,182.05999755859375,186.87364196777344,93.84080505371094,325.12628173828125,412.435302734375,101.74403381347656,93.33417510986328
2022-04-22,23.62424659729004,38.24038314819336,61.37535095214844,180.2899932861328,182.03640747070312,93.73332977294922,316.61260986328125,401.1184387207031,101.1036376953125,91.69674682617188
2022-04-25,23.450218200683594,37.960670471191406,61.079227447509766,177.0500030517578,183.1417999267578,94.77465057373047,320.6796569824219,403.4439392089844,102.11475372314453,91.46281433105469
2022-04-26,23.77216911315918,37.130523681640625,59.3721809387207,177.32000732421875,177.36932373046875,94.72506713867188,308.57562255859375,391.7598876953125,103.14273071289062,89.95906066894531
2022-04-27,23.9374942779541,37.56364440917969,59.642173767089844,175.97999572753906,176.63241577148438,93.81599426269531,308.2059020996094,392.8614807128906,101.81986236572266,89.36590576171875
2022-04-28,24.13762664794922,38.105037689208984,60.48698806762695,176.92999267578125,179.92962646484375,94.09696960449219,319.1520690917969,402.78497314453125,101.97151947021484,91.01168823242188
2022-04-29,23.954898834228516,38.24038314819336,59.78152084350586,176.91000366210938,174.7334442138672,93.05567169189453,304.7906494140625,387.8998107910156,100.64864349365234,86.83454895019531
2022-05-02,24.320356369018555,38.186248779296875,59.633460998535156,173.6300048828125,176.56626892089844,92.5040512084961,309.87945556640625,390.2345886230469,98.90401458740234,84.73761749267578
2022-05-03,23.981002807617188,38.46596908569336,60.0776481628418,174.08999633789062,178.07786560058594,93.10041046142578,310.21026611328125,392.0235595703125,99.57083129882812,85.79024505615234
2022-05-04,24.729320526123047,38.88103103637695,61.131500244140625,175.8000030517578,182.8300323486328,94.01152801513672,320.6991882324219,403.9618225097656,100.11943817138672,86.77606964111328
2022-05-05,24.598800659179688,37.44634246826172,59.163150787353516,175.1300048828125,175.41368103027344,92.57029724121094,304.5474853515625,389.6039123535156,97.37631225585938,84.46192932128906
2022-05-06,24.62490463256836,36.93201446533203,58.58833694458008,175.4199981689453,172.4943389892578,91.78341674804688,300.89874267578125,387.2783508300781,95.94143676757812,83.45941925048828
2022-05-09,23.51112937927246,35.86728286743164,56.8203239440918,172.8800048828125,165.2385711669922,92.10645294189453,289.1254577636719,374.8787841796875,96.78550720214844,79.78352355957031
2022-05-10,23.371904373168945,36.038719177246094,57.24708938598633,171.4199981689453,165.28582763671875,92.4957504272461,292.6379699707031,375.7449035644531,97.66327667236328,78.32986450195312
2022-05-11,23.946197509765625,35.786067962646484,56.90740966796875,172.82000732421875,161.17608642578125,92.92645263671875,283.9588928222656,369.7757568359375,99.54550170898438,78.16277313232422
2022-05-12,24.059316635131836,35.55146789550781,56.76806640625,170.1699981689453,163.06565856933594,92.96788024902344,283.28753662109375,369.3898010253906,99.35978698730469,78.77265930175781
2022-05-13,24.38996696472168,36.53499984741211,58.34447479248047,168.7899932861328,168.23350524902344,92.47917938232422,293.7861328125,378.2210998535156,97.89116668701172,80.8528823852539
2022-05-16,24.79022979736328,36.390625,58.396728515625,170.39999389648438,167.43043518066406,92.60342407226562,290.3805847167969,376.6864318847656,97.78990936279297,80.34325408935547
2022-05-17,24.520488739013672,37.28392028808594,59.485408782958984,169.3300018310547,172.55105590820312,92.07333374023438,297.90191650390625,384.4350280761719,96.60824584960938,81.43766784667969
2022-05-18,23.989704132080078,36.390625,58.065765380859375,169.4199981689453,166.50457763671875,92.41294860839844,283.2777404785156,368.937744140625,98.66770935058594,79.07340240478516
2022-05-19,24.29425048828125,36.96811294555664,58.6231689453125,171.91000366210938,166.778564453125,92.66144561767578,281.75982666015625,366.6782531738281,98.90401458740234,78.7225341796875
2022-05-20,24.329055786132812,37.12150192260742,59.023807525634766,172.02999877929688,166.35340881347656,93.11697387695312,280.88409423828125,366.8382873535156,100.026611328125,79.2237777709961
2022-05-23,24.51178550720215,37.40122604370117,60.02539825439453,172.8300018310547,168.3657684326172,92.7856674194336,285.5545654296875,373.7018127441406,98.38074493408203,80.14274597167969
2022-05-24,24.494384765625,36.75156021118164,59.92959213256836,174.1300048828125,165.87158203125,94.00328826904297,279.4830322265625,370.84906005859375,100.32199096679688,80.81945037841797
2022-05-25,24.668411254882812,36.93201446533203,59.94700622558594,173.0800018310547,168.85702514648438,94.97237396240234,283.39447021484375,374.12554931640625,100.7187271118164,81.5045166015625
2022-05-26,24.938154220581055,37.509498596191406,60.608917236328125,172.75999450683594,172.6266632080078,94.99720001220703,291.24658203125,381.60101318359375,100.26292419433594,81.60476684570312
2022-05-27,25.23400115966797,37.9426155090332,61.34050369262695,172.85000610351562,177.27487182617188,95.49419403076172,300.7527770996094,390.9690246582031,100.50769805908203,83.7936019897461
2022-05-31,25.059974670410156,38.4749870300293,60.97471618652344,171.13999938964844,175.0735626220703,94.79011535644531,299.95489501953125,388.7753601074219,98.38074493408203,82.76599884033203
2022-06-01,25.181793212890625,38.20429229736328,60.33021545410156,172.22999572753906,174.08152770996094,94.23716735839844,297.73651123046875,385.6307678222656,98.26824951171875,82.0809555053711
2022-06-02,25.756084442138672,38.86298370361328,61.58437728881836,174.35000610351562,178.3329620361328,94.27870178222656,305.8901672363281,392.9744567871094,98.31897735595703,83.20878601074219
2022-06-03,25.99972152709961,38.231353759765625,60.7047233581543,172.5800018310547,176.72691345214844,93.97979736328125,297.93109130859375,386.5251770019531,98.10761260986328,82.09765625
2022-06-06,26.11284065246582,38.43888854980469,60.9485969543457,171.82000732421875,177.4921112060547,93.31551361083984,298.92352294921875,387.7020568847656,96.29817962646484,81.83868408203125
2022-06-07,26.286867141723633,38.55619430541992,61.131500244140625,172.94000244140625,180.35475158691406,93.81372833251953,301.5019836425781,391.42095947265625,97.33817291259766,82.96650695800781
2022-06-08,26.521804809570312,38.763736724853516,60.27797317504883,172.77999877929688,177.5677490234375,93.2740478515625,299.3321838378906,387.1654052734375,96.47574615478516,81.05337524414062
2022-06-09,26.565311431884766,37.84646224975586,59.012088775634766,172.22999572753906,173.88673400878906,92.65963745117188,291.3147277832031,377.9574279785156,96.79701232910156,79.13189697265625
2022-06-10,26.304269790649414,37.42786407470703,57.587745666503906,174.5399932861328,169.16940307617188,91.76293182373047,281.0398864746094,366.9983215332031,96.19669342041016,77.37747192382812
2022-06-13,26.008424758911133,36.11748123168945,55.68269729614258,169.92999267578125,161.22198486328125,89.64569854736328,267.9725646972656,353.0641174316406,93.1781005859375,73.50943756103516
2022-06-14,25.72127914428711,36.61797332763672,55.15747833251953,168.57000732421875,160.4452667236328,89.1807632446289,268.4590759277344,352.0001525878906,92.00284576416016,72.94972229003906
2022-06-15,25.73868179321289,37.10026550292969,56.19011688232422,170.77000427246094,162.79441833496094,90.57562255859375,275.1629943847656,357.0184020996094,93.7192611694336,74.6790542602539
2022-06-16,25.85179901123047,35.96278381347656,54.952720642089844,172.69000244140625,155.25430297851562,90.67523956298828,264.06109619140625,345.2025146484375,94.4633560180664,72.7157974243164
2022-06-17,24.929452896118164,36.099281311035156,54.73017120361328,171.27000427246094,156.466796875,90.85792541503906,267.27197265625,345.9466552734375,94.76774597167969,73.26717376708984
2022-06-21,24.868541717529297,36.681678771972656,55.558067321777344,170.6300048828125,159.27064514160156,89.9446029663086,274.0151062011719,354.6554260253906,93.16120147705078,74.28639221191406
2022-06-22,24.424772262573242,36.02648162841797,55.18418502807617,171.30999755859375,158.96751403808594,90.60052490234375,273.615478515625,354.012451171875,95.7231674194336,75.23043823242188
2022-06-23,23.876585006713867,36.13567352294922,55.121864318847656,170.25999450683594,160.8715057373047,91.2979507446289,277.6904296875,357.482666015625,96.50955963134766,76.65969848632812
2022-06-24,24.102821350097656,36.99106979370117,56.76875305175781,170.08999633789062,165.85401916503906,91.40592193603516,287.20501708984375,368.8484191894531,95.17357635498047,78.290771484375
2022-06-27,24.050613403320312,37.03656768798828,56.52840042114258,169.89999389648438,166.46975708007812,90.56729125976562,285.0993957519531,367.4395751953125,94.36189270019531,78.17304992675781
2022-06-28,24.337759017944336,36.80907440185547,56.14561080932617,169.6199951171875,163.3437957763672,90.54239654541016,276.41339111328125,359.9316711425781,94.80156707763672,77.22301483154297
2022-06-29,23.920093536376953,36.663475036621094,55.93196105957031,169.49000549316406,161.68612670898438,91.08207702636719,276.666748046875,359.6385192871094,96.28125762939453,76.7437973022461
2022-06-30,23.18047523498535,36.49057388305664,55.6292839050293,168.4600067138672,160.42626953125,91.3560791015625,273.2352600097656,356.7167663574219,97.12677001953125,76.6008529663086
2022-07-01,23.293594360351562,36.2630729675293,55.7628173828125,168.32000732421875,162.3681640625,92.51079559326172,275.0387268066406,360.48956298828125,98.12395477294922,77.97969818115234
2022-07-05,21.727344512939453,35.98098373413086,54.5699348449707,164.75,163.71324157714844,92.48583984375,279.74737548828125,361.1704406738281,98.8949203491211,77.7610855102539
2022-07-06,21.405393600463867,35.7625846862793,54.61444091796875,162.13999938964844,162.50074768066406,92.0279312133789,281.5411071777344,362.39013671875,97.23436737060547,77.61817169189453
2022-07-07,22.29293441772461,36.481475830078125,55.442344665527344,162.22999572753906,166.3466339111328,92.01959991455078,287.5657043457031,367.81781005859375,96.37872314453125,77.82833862304688
2022-07-08,22.68449592590332,36.481475830078125,55.50465393066406,162.3000030517578,166.32763671875,91.86976623535156,287.92645263671875,367.51513671875,95.31118774414062,77.41636657714844
2022-07-11,22.6409912109375,35.50778579711914,54.60554504394531,161.42999267578125,162.9838409423828,92.12783813476562,281.7750549316406,363.3168640136719,96.95478057861328,77.24822235107422
2022-07-12,21.614227294921875,35.37128829956055,54.59664535522461,160.8300018310547,162.4249725341797,92.26103210449219,279.04547119140625,360.1018981933594,97.53091430664062,76.94556427001953
2022-07-13,21.736045837402344,35.289390563964844,54.5699348449707,161.60000610351562,162.2829132080078,92.95204162597656,278.4703063964844,358.2108154296875,98.64923858642578,76.57563781738281
2022-07-14,21.53591537475586,34.97089385986328,53.804351806640625,159.3300018310547,160.61573791503906,92.36096954345703,279.46466064453125,357.34075927734375,97.84440612792969,75.8862075805664
2022-07-15,21.814359664916992,35.152889251708984,54.658958435058594,159.00999450683594,163.95953369140625,93.1019058227539,284.533935546875,364.16796875,98.39508056640625,77.17256927490234
2022-07-18,22.223325729370117,35.39858627319336,54.88150405883789,159.16000366210938,163.49539184570312,92.4525375366211,282.1260681152344,361.16094970703125,97.36990356445312,76.6260757446289
2022-07-19,22.31033706665039,35.98098373413086,56.3770637512207,159.5399932861328,169.26412963867188,92.71060943603516,290.8022766113281,370.91912841796875,96.84466552734375,78.61026000976562
2022-07-20,22.29293441772461,35.82627868652344,56.003173828125,158.0399932861328,171.9164276123047,92.61071014404297,295.4134216308594,373.28314208984375,97.09883880615234,78.42529296875
2022-07-21,21.918773651123047,36.23577880859375,56.581809997558594,160.27000427246094,172.79736328125,93.87615966796875,299.6540832519531,377.0843505859375,98.77631378173828,79.04743957519531
2022-07-22,21.657733917236328,35.87178421020508,56.43938064575195,160.6699981689453,170.0408935546875,94.60045623779297,294.39947509765625,373.58575439453125,100.4368667602539,79.45941162109375
2022-07-25,22.049293518066406,35.999183654785156,56.875579833984375,160.22999572753906,170.92181396484375,93.80120849609375,292.7227783203125,374.03955078125,99.4540786743164,79.59393310546875
2022-07-26,22.092803955078125,35.71708297729492,56.083290100097656,160.0399932861328,169.87037658691406,93.7845687866211,286.9710693359375,369.6143798828125,99.53033447265625,79.67799377441406
2022-07-27,22.597482681274414,36.38138198852539,57.409706115722656,161.6699981689453,173.73513793945312,94.40898895263672,299.09844970703125,379.2119445800781,98.97116088867188,80.1572265625
2022-07-28,22.614885330200195,36.53608322143555,57.70347213745117,163.63999938964844,176.12220764160156,95.1915512084961,302.0230407714844,383.9681701660156,99.75906372070312,82.7551498413086
2022-07-29,22.719303131103516,36.36317825317383,58.504669189453125,164.10000610351562,177.37258911132812,95.41631317138672,307.531005859375,389.5658874511719,99.48795318603516,83.20075225830078
2022-08-01,22.258129119873047,36.05378341674805,58.58478546142578,165.02999877929688,177.3062744140625,95.60494232177734,307.3457946777344,388.4122619628906,101.88398742675781,82.52815246582031
2022-08-02,22.145009994506836,35.88087844848633,57.650062561035156,164.0500030517578,177.1357879638672,94.43659210205078,306.4294128417969,385.849853515625,99.72817993164062,81.46881103515625
2022-08-03,21.95357894897461,36.16297912597656,57.988346099853516,164.4499969482422,179.74072265625,95.46306610107422,314.7743225097656,391.8919677734375,101.2983627319336,81.72943115234375
2022-08-04,21.718643188476562,36.41777038574219,58.2821159362793,167.1699981689453,179.36183166503906,95.61328125,316.2463073730469,391.6272888183594,101.264404296875,81.60334014892578
2022-08-05,21.640331268310547,36.45417404174805,57.872623443603516,165.2899932861328,180.73533630371094,94.31974029541016,313.66290283203125,390.96527099609375,98.85392761230469,81.83031463623047
2022-08-08,21.90137481689453,36.49967575073242,58.00614929199219,166.69000244140625,182.6488037109375,94.6953125,312.6490478515625,390.5114440917969,100.44959259033203,82.56177520751953
2022-08-09,22.0841007232666,36.36317825317383,57.694576263427734,167.1999969482422,180.15753173828125,94.26966857910156,309.11029052734375,388.9607849121094,100.05919647216797,83.01580047607422
2022-08-10,22.388648986816406,36.818172454833984,58.994285583496094,166.77999877929688,185.30105590820312,95.16265106201172,317.73785400390625,397.1304626464844,99.40562438964844,84.27692413330078
2022-08-11,22.823719024658203,36.963768005371094,58.97647476196289,166.33999633789062,185.99253845214844,94.24462127685547,315.93438720703125,397.1304626464844,97.08858489990234,84.07512664794922
2022-08-12,22.7018985748291,37.355064392089844,59.43048858642578,167.8699951171875,189.79104614257812,95.33787536621094,322.08575439453125,403.85345458984375,98.0730972290039,85.52122497558594
2022-08-15,22.42345428466797,37.18217086791992,59.074405670166016,165.7100067138672,190.463623046875,95.2711410522461,324.68865966796875,405.5177307128906,97.98820495605469,85.86591339111328
2022-08-16,22.17111587524414,37.173065185546875,59.05659103393555,165.4199981689453,190.38780212402344,94.90392303466797,323.92822265625,406.3119201660156,98.3956298828125,85.63894653320312
2022-08-17,22.258129119873047,37.018367767333984,58.58478546142578,164.35000610351562,187.18609619140625,94.01097106933594,320.2334289550781,403.427978515625,97.36864471435547,85.12606811523438
2022-08-18,22.597482681274414,36.80907440185547,58.38894271850586,163.9199981689453,188.42698669433594,94.25299072265625,321.0036315917969,404.60052490234375,97.51293182373047,84.56278991699219
2022-08-19,22.58877944946289,36.30857849121094,57.587745666503906,162.72000122070312,184.38223266601562,93.13469696044922,314.74493408203125,399.1634521484375,95.94273376464844,83.67155456542969
2022-08-22,22.78891372680664,35.990081787109375,56.608516693115234,161.63999938964844,180.58375549316406,92.50878143310547,306.4586181640625,390.85186767578125,95.62020874023438,81.8471450805664
2022-08-23,23.163074493408203,36.181175231933594,56.63522720336914,162.77000427246094,180.87745666503906,92.60895538330078,306.2052001953125,389.9062805175781,95.09396362304688,80.79619598388672
2022-08-24,23.40671157836914,36.17207717895508,56.70643997192383,163.25,182.26039123535156,92.33354949951172,307.0923767089844,391.1544494628906,94.39799499511719,81.25862884521484
2022-08-25,23.076059341430664,36.95466995239258,57.32958984375,163.75,185.09266662597656,93.28490447998047,312.5223693847656,396.6766052246094,95.71356964111328,82.46929931640625
2022-08-26,23.17177391052246,36.40867614746094,55.82513427734375,161.75999450683594,179.0113525390625,92.72576904296875,299.71258544921875,383.2494201660156,96.43500518798828,80.39263153076172
2022-08-29,23.51112937927246,36.181175231933594,55.70050048828125,161.86000061035156,177.36314392089844,92.04147338867188,296.7588195800781,380.7153015136719,95.63716888427734,79.66960906982422
2022-08-30,22.858524322509766,35.753482818603516,55.299903869628906,160.50999450683594,174.88131713867188,92.1583023071289,293.4538879394531,376.535888671875,95.87483215332031,78.56820678710938
2022-08-31,22.37994956970215,35.88087844848633,54.926021575927734,159.27000427246094,173.82040405273438,91.19023132324219,291.7479553222656,373.6707763671875,94.95819091796875,78.19828033447266
2022-09-01,21.90137481689453,35.598785400390625,54.1871452331543,157.8699951171875,171.92588806152344,90.6412353515625,291.87469482421875,374.8433532714844,93.21966552734375,78.34121704101562
2022-09-02,22.049293518066406,35.271183013916016,53.831058502197266,159.25999450683594,170.5902862548828,90.7081527709961,287.75103759765625,370.890869140625,93.74703216552734,77.24822235107422
2022-09-06,21.918773651123047,34.852596282958984,53.69752883911133,158.3300018310547,168.9041748046875,89.47796630859375,285.68426513671875,369.491455078125,91.42501068115234,77.9460678100586
2022-09-07,21.396692276000977,35.161991119384766,54.169334411621094,159.94000244140625,172.5795135498047,90.69982147216797,291.4554748535156,376.12933349609375,92.87092590332031,79.46778869628906
2022-09-08,21.483705520629883,34.97089385986328,54.20494842529297,158.97999572753906,174.01931762695312,90.49059295654297,292.9665222167969,378.5878601074219,91.91834259033203,79.68640899658203
2022-09-09,22.092803955078125,35.48958969116211,55.58477020263672,159.82000732421875,177.51466369628906,90.69982147216797,299.3713684082031,384.46929931640625,92.12247467041016,80.5523910522461
2022-09-12,22.39735221862793,36.01737976074219,56.359256744384766,160.6300048828125,179.66493225097656,90.49895477294922,302.9296875,388.6013488769531,91.36547088623047,81.33428955078125
2022-09-13,22.28423500061035,34.90719223022461,54.40079879760742,158.5399932861328,172.63632202148438,89.8462142944336,286.3179626464844,371.70404052734375,91.5781021118164,78.22349548339844
2022-09-14,22.37994956970215,35.08009338378906,54.57884216308594,157.92999267578125,173.3088836669922,90.27301025390625,288.58941650390625,373.1224670410156,91.89282989501953,77.33230590820312
2022-09-15,21.727344512939453,34.707000732421875,54.098114013671875,154.97999572753906,172.04904174804688,89.83785247802734,283.7833251953125,368.8862609863281,91.8332748413086,75.90303039550781
2022-09-16,21.649032592773438,34.38850021362305,53.768741607666016,155.83999633789062,169.54830932617188,89.6286392211914,282.0480041503906,366.07208251953125,91.06778717041016,75.91142272949219
2022-09-19,21.718643188476562,34.4976921081543,53.95569610595703,155.9600067138672,170.9976043701172,89.77925109863281,284.2444152832031,368.91094970703125,91.28043365478516,75.80213165283203
2022-09-20,21.69253921508789,34.306602478027344,53.03877258300781,155.07000732421875,168.66738891601562,88.8837890625,281.978759765625,364.6763610839844,90.37034606933594,73.96089172363281
2022-09-21,21.56201934814453,33.73330307006836,52.34440231323242,155.7899932861328,166.09083557128906,89.21855926513672,276.9295654296875,358.3149719238281,91.88433837890625,72.79224395751953
2022-09-22,21.622928619384766,33.56951141357422,52.19307327270508,155.6999969482422,162.3491668701172,87.96326446533203,273.521240234375,355.30517578125,89.53681945800781,71.86742401123047
2022-09-23,20.892011642456055,32.741416931152344,50.52837371826172,153.00999450683594,158.48446655273438,87.71221923828125,269.0679016113281,349.3521728515625,89.90254211425781,70.91219329833984
2022-09-26,20.404733657836914,32.341026306152344,49.78059768676758,151.22999572753906,156.31446838378906,86.18909454345703,267.9544372558594,345.8960876464844,88.18446350097656,68.92351531982422
2022-09-27,20.622270584106445,32.304622650146484,49.44232177734375,151.5399932861328,156.84768676757812,84.8919677734375,268.0619201660156,345.01312255859375,85.86243438720703,68.00566864013672
2022-09-28,21.19655990600586,32.58672332763672,50.63520431518555,154.69000244140625,161.80836486816406,86.59915924072266,273.3941955566406,351.80169677734375,88.73728942871094,69.41642761230469
2022-09-29,21.066038131713867,31.858726501464844,50.038761138916016,154.66000366210938,158.1807098388672,85.95478057861328,265.512939453125,344.4529724121094,88.27799224853516,67.37677764892578
2022-09-30,20.80500030517578,31.740427017211914,49.8607177734375,154.6699981689453,157.02857971191406,85.7371826171875,261.0107421875,339.12652587890625,87.13827514648438,68.13314819335938
2022-10-03,21.274873733520508,32.259124755859375,50.848854064941406,158.42999267578125,161.1894989013672,87.32327270507812,267.1340637207031,348.079833984375,88.52287292480469,69.34844970703125
2022-10-04,21.849164962768555,33.31471633911133,52.88743591308594,160.6999969482422,167.57839965820312,87.72633361816406,275.5329895019531,358.8656311035156,88.27561950683594,70.75070190429688
2022-10-05,22.240726470947266,33.33292007446289,52.326602935791016,159.80999755859375,166.34063720703125,87.06299591064453,275.3865661621094,358.0301818847656,87.43158721923828,69.36543273925781
2022-10-06,22.37994956970215,33.13271713256836,51.40968704223633,159.6300048828125,165.40750122070312,86.86145782470703,273.21844482421875,354.3367919921875,86.94559478759766,67.43627166748047
2022-10-07,22.614885330200195,32.44112777709961,50.59069061279297,157.8800048828125,160.54202270507812,85.99665069580078,262.8077392578125,344.4529724121094,86.10154724121094,65.81302642822266
2022-10-10,22.362546920776367,31.986125946044922,50.305824279785156,155.47999572753906,159.64700317382812,85.22415161132812,260.1806335449219,341.8229064941406,84.76300048828125,65.19263458251953
2022-10-11,22.04059600830078,31.476533889770508,49.7538948059082,155.16000366210938,159.69461059570312,85.04785919189453,256.606201171875,339.658203125,85.13810729980469,65.85553741455078
2022-10-12,22.04059600830078,31.5129337310791,49.593650817871094,155.99000549316406,159.25660705566406,84.9470443725586,256.518310546875,338.5378723144531,85.55589294433594,65.1671371459961
2022-10-13,22.345142364501953,31.603931427001953,50.61739730834961,154.91000366210938,163.19851684570312,85.09820556640625,262.53424072265625,347.47216796875,84.73741912841797,66.35693359375
2022-10-14,21.90137481689453,31.130739212036133,49.8607177734375,152.97999572753906,158.82814025878906,84.28376770019531,254.64312744140625,339.5537109375,84.038330078125,64.70822143554688
2022-10-17,21.849164962768555,31.986125946044922,51.089210510253906,153.4199981689453,163.8936004638672,84.6867904663086,263.0519104003906,348.2792663574219,83.62908935546875,67.14730834960938
2022-10-18,21.614227294921875,31.995222091674805,51.454193115234375,153.75,165.83599853515625,85.19056701660156,265.1320495605469,352.3714294433594,83.82516479492188,67.87818145751953
2022-10-19,21.605525970458984,31.41283416748047,50.8221435546875,151.69000244140625,163.0176239013672,84.0234603881836,264.165283203125,349.8743591308594,82.2990493774414,66.18696594238281
2022-10-20,21.622928619384766,31.613035202026367,50.706417083740234,151.4499969482422,160.94192504882812,83.2929916381836,262.8175048828125,346.9405212402344,80.8923110961914,65.89802551269531
2022-10-21,21.649032592773438,32.09532928466797,51.62334060668945,154.14999389648438,164.4363250732422,83.52806854248047,268.9799499511719,355.3717041015625,79.43441772460938,66.41643524169922
2022-10-24,21.709941864013672,30.875940322875977,51.632240295410156,153.64999389648438,165.14088439941406,83.4861068725586,271.9391174316406,359.72015380859375,78.77792358398438,66.4079360961914
2022-10-25,21.83176040649414,31.130739212036133,52.771705627441406,154.0,169.64459228515625,84.60283660888672,277.5644226074219,365.46435546875,81.07136535644531,69.01699829101562
2022-10-26,22.240726470947266,31.64033317565918,53.27022933959961,154.97999572753906,170.48245239257812,84.98905181884766,271.43121337890625,362.71099853515625,82.2393798828125,68.97450256347656
2022-10-27,22.275531768798828,31.39463233947754,52.771705627441406,154.74000549316406,170.52056884765625,85.38372802734375,266.4895324707031,360.77410888671875,83.10047149658203,69.07649230957031
2022-10-28,22.014490127563477,31.20353889465332,53.296932220458984,153.16000366210938,174.3957977294922,85.56002807617188,274.64434814453125,369.35711669921875,82.52926635742188,70.59773254394531
2022-10-31,21.857866287231445,31.112537384033203,52.79841613769531,151.91000366210938,174.55767822265625,85.09820556640625,271.4507751464844,366.68927001953125,81.94098663330078,70.5212631225586
2022-11-01,22.188520431518555,31.685829162597656,53.21681213378906,153.4600067138672,174.7957000732422,85.71050262451172,268.6771240234375,365.0845947265625,82.70673370361328,70.4957504272461
2022-11-02,22.388648986816406,31.42192840576172,52.44232940673828,152.38999938964844,168.9971160888672,85.29779815673828,259.4676208496094,355.92242431640625,82.34777069091797,68.5580825805664
2022-11-03,22.371246337890625,31.603931427001953,51.997222900390625,151.80999755859375,167.8640899658203,84.99463653564453,254.3990478515625,352.25750732421875,81.90341186523438,68.46458435058594
2022-11-04,23.128265380859375,32.941619873046875,54.080318450927734,156.47000122070312,170.13015747070312,85.16307067871094,258.49102783203125,357.32757568359375,80.52735900878906,69.39942932128906
2022-11-07,22.92813491821289,32.95982360839844,54.24945831298828,155.85000610351562,170.9014129638672,84.8514404296875,261.3330078125,360.74554443359375,79.7239761352539,69.39942932128906
2022-11-08,22.649690628051758,33.1964111328125,54.863704681396484,159.4499969482422,170.9680633544922,85.20515441894531,263.2374572753906,362.6920471191406,80.5957260131836,69.61190032958984
2022-11-09,22.127609252929688,32.62311553955078,54.098114013671875,158.64999389648438,166.27395629882812,84.98619079589844,257.1628723144531,355.2197265625,80.86070251464844,68.89802551269531
2022-11-10,22.327739715576172,33.80610656738281,57.13373947143555,163.47999572753906,176.50958251953125,87.83283233642578,276.1385498046875,374.7406005859375,83.97171783447266,73.93767547607422
2022-11-11,22.75411033630371,34.72520065307617,58.2732048034668,164.55999755859375,177.95684814453125,88.06864929199219,281.2266540527344,378.3675537109375,83.66397857666016,73.92918395996094
2022-11-14,22.41475486755371,34.515899658203125,57.658966064453125,164.9199981689453,175.9668731689453,87.62228393554688,278.7656555175781,375.14886474609375,83.45890808105469,72.12747192382812
2022-11-15,22.67579460144043,35.30759048461914,58.041751861572266,165.5,178.5757598876953,88.84346008300781,282.6231994628906,378.3485412597656,84.80928039550781,72.90934753417969
2022-11-16,22.42345428466797,34.74339294433594,57.908226013183594,165.1199951171875,175.43365478515625,89.60142517089844,278.7656555175781,375.46221923828125,86.66390991210938,72.24646759033203
2022-11-17,22.049293518066406,34.80709457397461,57.88151168823242,163.9199981689453,173.80545043945312,89.12139129638672,278.150390625,374.3133239746094,85.7494125366211,71.75354766845703
2022-11-18,21.892671585083008,34.606895446777344,57.99724578857422,162.7899932861328,174.9290008544922,89.11296844482422,278.16009521484375,376.0128479003906,85.1596908569336,72.66288757324219
2022-11-21,21.814359664916992,34.170108795166016,57.5610466003418,161.8800048828125,174.01492309570312,88.97821807861328,275.2986145019531,374.6457214355469,85.51863861083984,73.04532623291016
2022-11-22,22.04059600830078,34.25200271606445,58.36223220825195,162.07000732421875,175.8716278076172,89.76988220214844,279.263671875,379.687255859375,86.7322769165039,73.44477081298828
2022-11-23,21.736045837402344,34.534095764160156,59.0031852722168,163.0800018310547,176.3286590576172,90.67106628417969,282.0666809082031,382.07989501953125,88.24505615234375,73.50424194335938
2022-11-25,21.544614791870117,34.37030029296875,59.30585861206055,163.22000122070312,176.70001220703125,90.76371002197266,280.2110290527344,381.9944763183594,87.94591522216797,73.97168731689453
2022-11-28,21.414094924926758,34.215606689453125,58.540279388427734,161.92999267578125,173.13897705078125,90.10676574707031,276.09942626953125,375.89892578125,88.19375610351562,71.99150848388672
2022-11-29,21.69253921508789,34.952693939208984,58.709415435791016,162.72999572753906,173.64358520507812,89.66038513183594,274.009521484375,375.2533264160156,87.15959930419922,73.18130493164062
2022-11-30,22.1798152923584,35.96278381347656,59.7509651184082,164.80999755859375,178.40435791015625,90.75525665283203,286.5004577636719,387.073974609375,87.8006362915039,74.85553741455078
2022-12-01,22.06669807434082,35.844482421875,60.32959747314453,167.83999633789062,178.0139617919922,91.89079284667969,286.85198974609375,386.7892150878906,90.60550689697266,74.69406127929688
2022-12-02,21.83176040649414,35.98098373413086,60.285091400146484,167.25999450683594,179.05181884765625,92.44842529296875,285.7093811035156,386.3429260253906,91.74490356445312,74.47308349609375
2022-12-05,21.266172409057617,35.57148742675781,59.492801666259766,164.38999938964844,174.1196746826172,91.66267395019531,280.91424560546875,379.3929443359375,90.45984649658203,73.11331176757812
2022-12-06,20.926816940307617,35.52598190307617,59.225738525390625,164.83999633789062,171.45367431640625,91.94148254394531,275.0935363769531,373.9240417480469,91.62496948242188,72.42494201660156
2022-12-07,20.82240104675293,35.31669235229492,59.225738525390625,166.3300018310547,170.94903564453125,92.96382141113281,273.9704284667969,373.28790283203125,93.78388214111328,72.56941223144531
2022-12-08,20.787595748901367,35.744384765625,59.528404235839844,166.47000122070312,172.18679809570312,92.6681137084961,277.21282958984375,376.2122497558594,93.52684783935547,73.07933044433594
2022-12-09,20.81369972229004,35.50778579711914,59.56402587890625,167.05999755859375,170.07302856445312,91.97530364990234,275.44512939453125,373.40185546875,91.09380340576172,72.94334411621094
2022-12-12,21.039934158325195,35.39858627319336,59.74205780029297,165.67999267578125,172.07257080078125,91.8570327758789,278.9023132324219,378.7852783203125,91.38510131835938,73.50424194335938
2022-12-13,21.387990951538086,35.65172576904297,60.589359283447266,168.50999450683594,173.49778747558594,92.6596450805664,281.900634765625,381.65264892578125,92.2674789428711,74.864013671875
2022-12-14,21.55331802368164,35.670204162597656,60.53573989868164,168.10000610351562,172.35951232910156,92.74413299560547,279.8106384277344,379.2125549316406,92.66158294677734,74.35411834716797
2022-12-15,21.292274475097656,34.84797286987305,58.989498138427734,165.35000610351562,168.04550170898438,92.82209014892578,270.4156188964844,369.9363708496094,93.02311706542969,73.35978698730469
2022-12-16,21.022533416748047,34.9495964050293,58.47110366821289,166.7899932861328,166.7924041748047,92.42382049560547,267.8372802734375,365.5688171386719,91.98401641845703,71.46459197998047
2022-12-19,20.983139038085938,34.97731018066406,58.32810592651367,166.32000732421875,164.5349884033203,91.49160766601562,264.0732116699219,362.4689025878906,90.43818664550781,70.55524444580078
2022-12-20,21.079435348510742,34.96806716918945,58.560482025146484,169.0800018310547,165.40545654296875,90.41536712646484,263.8675842285156,362.9648132324219,88.832275390625,70.37677001953125
2022-12-21,21.350805282592773,35.28218078613281,59.16824722290039,168.8000030517578,168.2559356689453,91.03398895263672,267.6953125,368.39208984375,89.05553436279297,70.98017120361328
2022-12-22,21.079435348510742,34.96806716918945,58.685611724853516,166.75999450683594,166.055908203125,91.008544921875,261.1460876464844,363.1366271972656,89.03839874267578,70.68195343017578
2022-12-23,21.4646053314209,34.921875,58.891178131103516,167.25999450683594,166.81155395507812,90.7288818359375,261.73345947265625,365.2254638671875,87.73303985595703,71.31111907958984
2022-12-27,21.657190322875977,35.43923568725586,58.980552673339844,168.6699981689453,165.69239807128906,89.55941772460938,258.0329895019531,363.78515625,85.99830627441406,71.28527069091797
2022-12-28,21.412080764770508,34.921875,58.35491943359375,167.91000366210938,163.11929321289062,89.27972412109375,254.62632751464844,359.26409912109375,85.49163818359375,70.07002258300781
2022-12-29,21.385820388793945,35.503910064697266,59.27550506591797,168.85000610351562,167.2515869140625,89.9153060913086,260.83282470703125,365.7310485839844,86.46204376220703,71.60417175292969
2022-12-30,21.578407287597656,35.01426315307617,58.6677360534668,169.63999938964844,166.78286743164062,89.3475570678711,260.6761779785156,364.7676696777344,85.50021362304688,71.08704376220703
2023-01-03,21.061925888061523,35.309898376464844,59.186134338378906,171.05999755859375,165.86459350585938,89.9661865234375,258.9141540527344,363.2320251464844,87.13188171386719,71.15597534179688
2023-01-04,20.68550682067871,36.37232971191406,59.97265625,172.6699981689453,167.93072509765625,90.61870574951172,260.1475524902344,366.0362243652344,88.32559204101562,72.76770782470703
2023-01-05,20.580461502075195,36.261470794677734,59.37382125854492,170.52000427246094,166.13243103027344,90.55093383789062,256.07513427734375,361.8585205078125,88.69486999511719,70.81124877929688
2023-01-06,20.69426155090332,37.0190315246582,60.893253326416016,173.7100067138672,169.86294555664062,92.03398132324219,263.1431579589844,370.15667724609375,90.32656860351562,72.71598052978516
2023-01-09,20.93937110900879,37.29619598388672,61.15244674682617,174.10000610351562,170.14991760253906,92.39837646484375,264.8465881347656,369.94683837890625,90.8074722290039,72.74183654785156
2023-01-10,20.93937110900879,37.564117431640625,61.331207275390625,174.74000549316406,172.66558837890625,92.08483123779297,267.0883483886719,372.5411682128906,89.30461883544922,72.90559387207031
2023-01-11,21.31578826904297,37.72117614746094,61.795963287353516,174.6199951171875,174.81781005859375,92.87295532226562,271.70904541015625,377.2530822753906,90.75596618652344,75.51705932617188
2023-01-12,21.490867614746094,37.90594482421875,62.70762634277344,176.63999938964844,177.75440979003906,93.92382049560547,273.1774597167969,378.6265869140625,92.54224395751953,76.47373962402344
2023-01-13,21.700963973999023,38.1553840637207,63.03831481933594,178.75999450683594,178.92140197753906,93.61873626708984,275.0570373535156,380.09539794921875,91.67484283447266,75.99969482421875
2023-01-17,21.84977912902832,37.942893981933594,63.234947204589844,177.58999633789062,178.70138549804688,93.27973937988281,275.6151428222656,379.3990783691406,91.082275390625,76.21515655517578
2023-01-18,21.61342430114746,37.68422317504883,63.01150894165039,177.0800018310547,175.81265258789062,94.3729476928711,272.03216552734375,373.4092102050781,93.28936004638672,75.10335540771484
2023-01-19,21.832271575927734,37.970611572265625,62.91318893432617,179.88999938964844,174.12911987304688,94.17806243896484,269.359619140625,370.6908264160156,92.70539093017578,74.68965911865234
2023-01-20,21.963579177856445,38.552642822265625,63.467342376708984,179.2899932861328,176.99871826171875,93.6865234375,276.7310485839844,377.596435546875,91.2025146484375,75.57737731933594
2023-01-23,22.016101837158203,38.82979965209961,63.72653579711914,179.6300048828125,179.1892547607422,93.41534423828125,282.8789978027344,382.1271057128906,90.77313232421875,75.92213439941406
2023-01-24,21.8935489654541,38.85751724243164,63.646095275878906,180.27999877929688,178.806640625,93.90684509277344,282.3013000488281,381.7168884277344,92.0784912109375,76.11174774169922
2023-01-25,21.832271575927734,38.89447021484375,64.066162109375,181.11000061035156,179.30404663085938,93.94924926757812,281.6748352050781,381.8599853515625,92.30175018310547,76.14620971679688
2023-01-26,21.928564071655273,39.264015197753906,64.11979675292969,179.47000122070312,180.36578369140625,93.91535186767578,287.1667785644531,386.0567932128906,91.87236785888672,76.99947357177734
2023-01-27,21.683454513549805,39.07924270629883,63.99466323852539,179.22000122070312,181.34146118164062,93.6441650390625,290.0253601074219,386.9438171386719,91.64051055908203,77.8613510131836
2023-01-30,21.403329849243164,38.29396438598633,63.58353042602539,178.75999450683594,178.8162078857422,93.28823852539062,284.1613464355469,382.08892822265625,91.30558013916016,76.87017822265625
2023-01-31,21.770994186401367,38.210811614990234,63.949981689453125,179.41000366210938,183.15890502929688,93.95773315429688,288.4198303222656,387.7069091796875,92.03555297851562,78.48189544677734
2023-02-01,21.359560012817383,38.68198013305664,64.52201080322266,181.6699981689453,186.0380859375,94.91153717041016,294.58721923828125,391.82733154296875,93.14192199707031,78.96455383300781
2023-02-02,21.201988220214844,38.451019287109375,64.43260955810547,177.89999389648438,189.70164489746094,95.04751586914062,305.1600341796875,397.5311584472656,93.262451171875,80.75723266601562
2023-02-03,20.667999267578125,37.76736831665039,63.83378601074219,173.4600067138672,188.42945861816406,93.9678955078125,299.73651123046875,393.3057861328125,91.86766052246094,79.2403335571289
2023-02-06,20.729278564453125,37.21304702758789,63.18133544921875,173.82000732421875,185.70327758789062,93.24533081054688,297.2010498046875,390.9021911621094,91.18745422363281,78.66287994384766
2023-02-07,21.12320327758789,37.36085891723633,63.71759796142578,173.97999572753906,187.08071899414062,92.9393081665039,303.358642578125,396.0146179199219,90.45561218261719,78.4905014038086
2023-02-08,21.16697120666504,37.31467056274414,63.3243408203125,174.41000366210938,184.3450164794922,93.03282165527344,297.964599609375,391.6842956542969,90.88612365722656,78.11988830566406
2023-02-09,21.000648498535156,37.490203857421875,63.440521240234375,173.02999877929688,181.6762237548828,92.25076293945312,295.3311767578125,388.2886657714844,90.02511596679688,77.26665496826172
2023-02-10,21.298280715942383,37.12990188598633,63.1634521484375,173.36000061035156,182.0397186279297,91.60466003417969,293.39288330078125,389.1947937011719,89.01777648925781,77.5338363647461
2023-02-13,21.254512786865234,37.43478012084961,63.79803466796875,172.47999572753906,184.23023986816406,91.94471740722656,298.0919189453125,393.76361083984375,89.76683807373047,78.22332763671875
2023-02-14,21.324542999267578,37.3701057434082,63.91423034667969,172.61000061035156,184.14410400390625,91.71519470214844,300.2945556640625,393.58245849609375,89.5601806640625,77.602783203125
2023-02-15,21.096940994262695,37.055992126464844,63.62821960449219,170.88999938964844,186.00941467285156,91.3666763305664,302.5950927734375,394.8605651855469,88.72503662109375,77.91304779052734
2023-02-16,21.035663604736328,37.06523513793945,63.31538009643555,170.75,184.23023986816406,90.63560485839844,296.91717529296875,389.4237365722656,87.46798706054688,77.15461730957031
2023-02-17,20.878093719482422,36.65873336791992,63.47626495361328,171.25999450683594,184.73719787597656,90.99263763427734,294.8221740722656,388.45086669921875,88.14814758300781,76.85295104980469
2023-02-21,20.904354095458984,36.19680404663086,62.779117584228516,170.6199951171875,179.28489685058594,89.70052337646484,287.84222412109375,380.6581115722656,86.43480682373047,75.31021118164062
2023-02-22,20.632984161376953,36.02127456665039,62.4305534362793,169.66000366210938,179.77273559570312,89.95551300048828,288.0575866699219,380.133544921875,87.22692108154297,74.62932586669922
2023-02-23,20.79055404663086,36.19680404663086,62.7523193359375,169.57000732421875,181.05450439453125,90.66110229492188,290.57354736328125,382.15570068359375,88.07927703857422,75.18954467773438
2023-02-24,20.720523834228516,35.38380813598633,61.70659255981445,168.35000610351562,179.3614044189453,89.98104095458984,285.7081298828125,378.0733642578125,86.93417358398438,73.87088012695312
2023-02-27,20.73802947998047,35.568580627441406,62.439491271972656,169.00999450683594,179.9927215576172,90.00652313232422,287.7541198730469,379.3609924316406,87.17524719238281,73.98291778564453
2023-02-28,20.79930877685547,35.31913757324219,61.98366165161133,169.77999877929688,180.0022735595703,90.04054260253906,287.3821105957031,377.9588928222656,87.57131958007812,73.8795166015625
2023-03-01,21.158218383789062,36.076698303222656,62.31436538696289,170.75999450683594,180.2318572998047,89.47920989990234,285.07177734375,376.50909423828125,86.63050842285156,72.94868469238281
2023-03-02,21.079435348510742,36.20603942871094,62.439491271972656,170.66000366210938,180.6623077392578,89.55601501464844,287.4310302734375,379.4372863769531,85.8623275756836,73.80192565917969
2023-03-03,21.412080764770508,36.529396057128906,63.351139068603516,172.49000549316406,183.17800903320312,90.5711441040039,293.373291015625,385.52264404296875,87.94244384765625,74.92237854003906
2023-03-06,21.307035446166992,36.40005111694336,63.19025802612305,171.6199951171875,180.49969482421875,90.3237533569336,293.7062072753906,385.78973388671875,87.2605972290039,74.62932586669922
2023-03-07,20.869340896606445,35.79030227661133,62.13560485839844,168.6199951171875,178.40487670898438,90.06785583496094,290.1036682128906,379.87603759765625,87.79573822021484,72.88835144042969
2023-03-08,20.755537033081055,35.9381217956543,62.475250244140625,168.5399932861328,178.49099731445312,89.9228515625,291.552490234375,380.4960021972656,87.88201141357422,73.72435760498047
2023-03-09,20.501676559448242,35.14360046386719,62.0194091796875,170.1999969482422,173.5264892578125,89.83750915527344,286.5010681152344,373.4759826660156,88.0978012084961,72.03507995605469
2023-03-10,20.720523834228516,34.958831787109375,61.35801696777344,173.8699951171875,168.52374267578125,91.12564849853516,282.4775695800781,368.0868835449219,91.13597869873047,69.64771270751953
2023-03-13,20.589214324951172,35.01426315307617,60.93794631958008,177.86000061035156,165.77850341796875,91.20243835449219,284.5725402832031,367.5622863769531,91.3431167602539,70.56129455566406
2023-03-14,20.326595306396484,35.03273391723633,61.75128173828125,176.8300018310547,168.84898376464844,90.929443359375,291.1119079589844,373.6380920410156,89.84127807617188,71.2421875
2023-03-15,19.853885650634766,34.43223190307617,59.83858108520508,178.2100067138672,166.0654754638672,91.79959106445312,292.63909912109375,371.3012390136719,91.57615661621094,71.19047546386719
2023-03-16,19.915163040161133,34.958831787109375,60.76811981201172,178.57000732421875,168.33245849609375,91.66311645507812,300.353271484375,377.8158264160156,90.85977172851562,71.03533935546875
2023-03-17,19.853885650634766,34.7463493347168,60.044151306152344,183.77000427246094,163.7888946533203,92.12376403808594,298.933837890625,373.39813232421875,92.22346496582031,69.42363739013672
2023-03-20,19.93267059326172,34.87568283081055,60.982627868652344,183.83999633789062,165.91241455078125,91.85077667236328,299.9947204589844,376.9885559082031,91.41213989257812,70.216552734375
2023-03-21,20.002702713012695,35.189796447753906,61.903221130371094,180.3699951171875,168.9733123779297,92.29436492919922,304.2792663574219,381.9386291503906,90.626708984375,69.90626525878906
2023-03-22,20.055225372314453,35.32837677001953,61.68871307373047,183.44000244140625,164.18106079101562,92.8318099975586,300.1417541503906,375.427978515625,91.83509826660156,67.29480743408203
2023-03-23,20.002702713012695,35.818023681640625,61.69765090942383,185.74000549316406,163.4523468017578,93.09627532958984,303.7008361816406,376.44287109375,91.83509826660156,66.87250518798828
2023-03-24,20.0989933013916,35.72563171386719,61.50995635986328,183.64999389648438,164.93089294433594,93.38630676269531,304.81866455078125,378.9130859375,92.22346496582031,68.58738708496094
2023-03-27,20.475412368774414,35.531620025634766,62.090911865234375,181.9499969482422,166.76461791992188,92.26875305175781,302.7301940917969,379.6215515136719,90.05705261230469,68.5090560913086
2023-03-28,20.571706771850586,36.03974533081055,62.11772155761719,183.44000244140625,166.5246124267578,92.115234375,301.1221923828125,378.76953125,90.22105407714844,68.34367370605469
2023-03-29,20.440399169921875,36.14137268066406,62.86849594116211,182.52999877929688,168.4159393310547,92.54174041748047,306.61285400390625,384.2748718261719,90.0398178100586,69.85833740234375
2023-03-30,20.589214324951172,36.501678466796875,63.601409912109375,184.17999267578125,168.18551635742188,92.66971588134766,309.5150451660156,386.5248718261719,90.4541015625,70.77236938476562
2023-03-31,20.781801223754883,36.455482482910156,63.92315673828125,183.22000122070312,171.27696228027344,93.50574493408203,314.6625671386719,391.9727783203125,91.8091812133789,72.28705596923828
2023-04-03,21.12320327758789,36.529396057128906,64.43260955810547,184.5399932861328,171.35377502441406,94.07051849365234,313.8977355957031,393.4664306640625,92.24097442626953,71.71253204345703
2023-04-04,21.096940994262695,36.529396057128906,64.44156646728516,187.97999572753906,168.34872436523438,94.19031524658203,312.8388977050781,391.2834167480469,92.69959259033203,71.61676788330078
2023-04-05,21.17572784423828,36.24299621582031,63.99466323852539,187.8300018310547,166.6974639892578,94.49840545654297,309.7503662109375,390.2589416503906,93.66868591308594,71.23375701904297
2023-04-06,21.114450454711914,36.390811920166016,64.29855346679688,186.49000549316406,166.9470672607422,94.41281127929688,311.8387756347656,391.78125,93.91100311279297,71.72122955322266
2023-04-10,21.114450454711914,36.427764892578125,64.25386047363281,185.11000061035156,168.7327880859375,93.97636413574219,311.6622314453125,392.183349609375,92.39671325683594,72.05200958251953
2023-04-11,21.228248596191406,36.64949417114258,64.4683609008789,186.27999877929688,170.06729125976562,93.95072174072266,309.662109375,392.2886962890625,92.58708190917969,72.35670471191406
2023-04-12,21.394575119018555,36.390811920166016,64.87950897216797,187.19000244140625,168.8191680908203,93.75389099121094,306.9266052246094,390.6897888183594,92.49188232421875,72.00849914550781
2023-04-13,21.394575119018555,36.88969802856445,65.71073150634766,189.72000122070312,171.05615234375,93.91647338867188,312.9368896484375,395.87921142578125,91.76505279541016,71.7908706665039
2023-04-14,21.42083740234375,36.69568634033203,65.44258880615234,186.36000061035156,169.46241760253906,93.60840606689453,312.3486328125,394.9121398925781,90.92572021484375,70.67662048339844
2023-04-17,21.333297729492188,36.85274124145508,65.3263931274414,185.52999877929688,171.6417999267578,93.01795959472656,312.6133728027344,396.3292541503906,89.84408569335938,72.14777374267578
2023-04-18,21.377065658569336,36.806556701660156,65.68389892578125,186.25,170.91212463378906,93.32600402832031,312.6329345703125,396.58770751953125,90.16424560546875,71.9823989868164
2023-04-19,21.079435348510742,36.4370002746582,65.47834777832031,185.36000061035156,171.13296508789062,92.86392974853516,312.48590087890625,396.52069091796875,90.0777359008789,72.40895080566406
2023-04-20,20.89560317993164,36.38157272338867,65.47834777832031,186.08999633789062,170.24969482421875,93.21479797363281,310.10333251953125,394.3568420410156,90.84780883789062,71.69511413574219
2023-04-21,20.851831436157227,36.03974533081055,65.80905151367188,184.25,170.47052001953125,93.2746810913086,310.4268493652344,394.6632385253906,90.3373031616211,71.70381927490234
2023-04-24,21.018156051635742,35.95659637451172,65.97885131835938,184.80999755859375,170.3553009033203,93.68545532226562,309.77978515625,395.07489013671875,91.21125793457031,71.4339599609375
2023-04-25,20.720523834228516,35.28218078613281,65.05826568603516,185.75,166.15017700195312,94.09618377685547,303.9361267089844,388.8035888671875,92.552490234375,70.72884368896484
2023-04-26,20.40538215637207,35.48543167114258,65.0135726928711,184.74000549316406,164.54684448242188,93.68545532226562,305.7794494628906,387.15673828125,91.56604766845703,70.04985046386719
2023-04-27,20.431644439697266,35.96583557128906,65.82691955566406,184.75,166.74542236328125,93.34313201904297,314.09381103515625,394.8642272949219,90.6574478149414,71.63417053222656
2023-04-28,20.624229431152344,36.150611877441406,65.80009460449219,184.8000030517578,168.2047576904297,94.07051849365234,316.2607421875,398.2345275878906,92.11982727050781,72.51338958740234
2023-05-01,20.44915199279785,36.03050994873047,65.70178985595703,183.97000122070312,168.30075073242188,92.55242919921875,315.8979187011719,397.8323669433594,89.46358489990234,71.97367095947266
2023-05-02,19.985193252563477,35.679443359375,65.04039001464844,187.52000427246094,164.844482421875,93.66866302490234,313.142822265625,393.361083984375,91.6930160522461,70.75495147705078
2023-05-03,19.731332778930664,35.6240119934082,65.21019744873047,189.11000061035156,165.4493408203125,93.8232192993164,311.09356689453125,390.6610412597656,92.20484161376953,70.47640991210938
2023-05-04,19.810115814208984,35.91040802001953,65.07614135742188,190.44000244140625,163.59637451171875,93.56563568115234,309.9955139160156,387.89398193359375,91.29401397705078,71.05964660644531
2023-05-05,20.25656509399414,36.390811920166016,66.03248596191406,187.4600067138672,167.48468017578125,93.19641876220703,316.584228515625,395.07489013671875,90.99037170410156,72.24354553222656
2023-05-08,20.352859497070312,36.40928649902344,66.05036926269531,187.69000244140625,167.1006622314453,92.52668762207031,317.3686218261719,395.18023681640625,89.71516418457031,71.8257064819336
2023-05-09,20.414134979248047,36.18756103515625,65.7822265625,189.02000427246094,166.6013946533203,92.49235534667969,315.35870361328125,393.4472961425781,89.39420318603516,71.52102661132812
2023-05-10,20.352859497070312,36.169090270996094,65.64814758300781,188.75,167.44631958007812,93.22220611572266,318.7903137207031,395.2855224609375,90.26165771484375,72.2087173461914
2023-05-11,20.002702713012695,36.03974533081055,65.48727416992188,187.1300048828125,166.1597900390625,93.58281707763672,319.82965087890625,394.59619140625,91.21592712402344,71.41654968261719
2023-05-12,19.845130920410156,35.61477279663086,65.37108612060547,186.80999755859375,165.82376098632812,93.00751495361328,318.68243408203125,394.0791931152344,90.4525375366211,71.40785217285156
2023-05-15,20.072734832763672,36.27070999145508,65.87161254882812,187.2100067138672,167.84951782226562,92.50951385498047,320.4080810546875,395.4387512207031,89.51565551757812,71.28597259521484
2023-05-16,19.853885650634766,36.01203155517578,65.24595642089844,184.8699951171875,165.4013214111328,92.04585266113281,320.7708435058594,392.796142578125,89.2467269897461,69.50142669677734
2023-05-17,20.090242385864258,36.17832565307617,65.54985046386719,184.22999572753906,169.08799743652344,92.03727722167969,324.65350341796875,397.5643310546875,88.9864730834961,70.44158172607422
2023-05-18,19.906408309936523,35.984317779541016,65.45152282714844,181.83999633789062,170.1152801513672,91.65087890625,330.683349609375,401.3941955566406,88.32718658447266,70.1020736694336
2023-05-19,19.88014793395996,36.01203155517578,65.83584594726562,183.63999938964844,169.07838439941406,91.53926086425781,329.9382019042969,400.8100280761719,87.70259094238281,69.98892211914062
2023-05-22,19.897653579711914,36.30766677856445,65.8537368774414,183.2100067138672,171.14254760742188,91.50489807128906,331.04620361328125,400.97283935546875,87.39031219482422,70.41546630859375
2023-05-23,19.9764404296875,35.74410629272461,64.8884506225586,183.42999267578125,170.33607482910156,91.69381713867188,326.8497009277344,396.4728088378906,87.64189147949219,69.75387573242188
2023-05-24,19.985193252563477,35.476192474365234,63.94104766845703,181.9499969482422,168.5311737060547,91.33318328857422,325.17315673828125,393.6004333496094,87.2081298828125,68.2566146850586
2023-05-25,19.670053482055664,35.40228271484375,63.85166931152344,180.1999969482422,167.2158966064453,91.03263854980469,333.08551025390625,397.009033203125,86.99124908447266,68.24790954589844
2023-05-26,19.985193252563477,36.03050994873047,64.4773178100586,180.9199981689453,169.1167755126953,91.4190673828125,341.595947265625,402.1505126953125,87.69392395019531,69.03135681152344
2023-05-30,19.521236419677734,35.61477279663086,63.82484436035156,182.0399932861328,168.4927520751953,92.10594940185547,343.1451721191406,402.3037414550781,88.5700912475586,69.2925033569336
2023-05-31,19.30238914489746,35.28218078613281,63.1634521484375,182.32000732421875,166.8318328857422,92.406494140625,341.194091796875,400.07281494140625,89.3421401977539,69.64070892333984
2023-06-01,19.617528915405273,35.91040802001953,64.10191345214844,183.75999450683594,168.63674926757812,92.68991088867188,345.1355895996094,403.8739013671875,89.69265747070312,69.64942169189453
2023-06-02,19.87139320373535,36.529396057128906,64.93314361572266,181.0500030517578,174.75241088867188,92.44009399414062,347.7239990234375,409.7144470214844,88.70978546142578,71.34691619873047
2023-06-05,19.81886863708496,36.52015686035156,64.5577621459961,182.13999938964844,172.4098663330078,92.24195098876953,347.9691467285156,408.9293518066406,88.5445327758789,70.85071563720703
2023-06-06,19.845130920410156,36.843502044677734,65.0940170288086,182.33999633789062,176.95098876953125,92.4228744506836,347.91033935546875,409.8196716308594,89.0664291381836,71.52973175048828
2023-06-07,19.923917770385742,36.68521499633789,64.52151489257812,180.14999389648438,180.26187133789062,91.59589385986328,342.00787353515625,408.4027099609375,87.74432373046875,72.84417724609375
2023-06-08,19.95893096923828,36.945926666259766,65.20415496826172,182.52999877929688,179.5879364013672,92.2074966430664,346.2532653808594,410.8729553222656,88.77069091796875,72.39151763916016
2023-06-09,19.836376190185547,37.113525390625,65.09493255615234,182.0399932861328,178.13418579101562,91.96629333496094,347.57696533203125,411.6101989746094,88.64893341064453,71.97367095947266
2023-06-12,19.565006256103516,37.18800735473633,65.3770751953125,181.8800048828125,178.87551879882812,92.2591781616211,353.449951171875,415.34429931640625,88.90984344482422,71.99109649658203
2023-06-13,19.82762336730957,37.56045150756836,65.99598693847656,180.5399932861328,180.9261016845703,91.84569549560547,356.1658935546875,418.0825500488281,88.03135681152344,72.45246887207031
2023-06-14,19.87139320373535,37.839778900146484,66.24172973632812,180.63999938964844,178.98141479492188,92.12993621826172,358.7542419433594,418.5804138183594,88.73591613769531,72.7223129272461
2023-06-15,20.291582107543945,38.19359588623047,66.94255828857422,181.91000366210938,180.4544219970703,92.93108367919922,363.0292053222656,423.76983642578125,89.58829498291016,73.10535430908203
2023-06-16,20.54544448852539,38.0632438659668,66.79692840576172,181.6300048828125,179.0102996826172,92.7674331665039,360.74468994140625,422.3264465332031,89.24037170410156,73.05309295654297
2023-06-20,20.36161231994629,37.318359375,65.91407775878906,179.75,178.23048400878906,93.1033935546875,360.22821044921875,420.13531494140625,89.8579330444336,72.19131469726562
2023-06-21,20.65924644470215,37.14145278930664,66.01419067382812,179.49000549316406,177.8164825439453,93.00001525878906,355.31915283203125,417.982666015625,90.07535552978516,71.75605010986328
2023-06-22,20.274072647094727,37.01110076904297,65.6046142578125,177.7100067138672,176.49755859375,92.51762390136719,359.511474609375,419.49151611328125,88.9881591796875,70.72884368896484
2023-06-23,20.055225372314453,36.471065521240234,64.5852279663086,178.1999969482422,173.84043884277344,92.77604675292969,355.9474792480469,416.320068359375,89.8753433227539,69.75387573242188
2023-06-26,20.08148765563965,36.59210968017578,64.66715240478516,178.50999450683594,174.01370239257812,92.87940979003906,351.1758728027344,414.6191711425781,89.97097778320312,71.36433410644531
2023-06-27,19.757591247558594,36.96455001831055,65.2314453125,177.69000244140625,176.52645874023438,92.77604675292969,357.2139892578125,419.16473388671875,89.73614501953125,72.24354553222656
2023-06-28,19.69631576538086,36.741085052490234,65.27696990966797,177.27999877929688,177.39288330078125,93.1809310913086,357.9111328125,419.3761901855469,90.1188735961914,72.3479995727539
2023-06-29,19.705068588256836,36.54554748535156,65.18595123291016,177.08999633789062,179.43386840820312,92.47454071044922,357.19439697265625,421.0290222167969,88.49237060546875,73.15613555908203
2023-06-30,19.87139320373535,36.83419418334961,65.98689270019531,178.27000427246094,180.29071044921875,93.15505981445312,362.702392578125,425.99749755859375,89.53610229492188,73.56111145019531
2023-07-03,19.87139320373535,37.243873596191406,65.91407775878906,178.47000122070312,180.6565399169922,92.89408874511719,363.5566101074219,426.4876403808594,89.02853393554688,74.2829818725586
2023-07-05,19.993947982788086,37.02040481567383,65.17684936523438,177.83999633789062,178.85621643066406,92.22863006591797,363.5467529296875,425.85333251953125,88.18256378173828,74.45024871826172
2023-07-06,19.950180053710938,36.26622772216797,64.04824829101562,177.30999755859375,175.96803283691406,91.29527282714844,360.7780456542969,422.51861572265625,86.93535614013672,73.87802124023438
2023-07-07,20.116500854492188,36.675907135009766,64.53062438964844,178.63999938964844,177.82614135742188,91.20886993408203,359.5802001953125,421.4519348144531,86.41209411621094,73.71076965332031
2023-07-10,20.160274505615234,36.70383834838867,64.71266174316406,178.77999877929688,180.8683624267578,91.68416595458984,359.69805908203125,422.51861572265625,86.52549743652344,74.02767944335938
2023-07-11,20.396625518798828,37.07627868652344,65.29515838623047,179.4499969482422,182.72640991210938,92.11627197265625,361.4751281738281,425.20947265625,86.97025299072266,75.08407592773438
2023-07-12,20.54544448852539,37.90494918823242,66.54208374023438,181.8800048828125,184.71926879882812,92.9286117553711,366.04058837890625,428.630615234375,87.9383544921875,75.48904418945312
2023-07-13,20.83432388305664,38.3984375,67.60697174072266,182.00999450683594,186.21153259277344,93.58544921875,372.25543212890625,432.0326232910156,88.86282348632812,75.97322845458984
2023-07-14,20.69426155090332,38.18428421020508,67.22471618652344,181.42999267578125,184.39198303222656,92.8594970703125,372.17694091796875,431.7635498046875,88.33952331542969,75.82357788085938
2023-07-17,20.527936935424805,38.230838775634766,67.14279174804688,181.55999755859375,186.36557006835938,93.01504516601562,375.6525573730469,433.2627258300781,88.38314819335938,75.33058166503906
2023-07-18,20.79930877685547,37.95151138305664,67.57967376708984,183.63999938964844,188.66647338867188,93.24840545654297,378.7255554199219,436.4821472167969,88.78430938720703,74.91683959960938
2023-07-19,20.913108825683594,37.877017974853516,67.54326629638672,183.6699981689453,189.46554565429688,93.77559661865234,378.63726806640625,437.4527587890625,89.78730773925781,75.76195526123047
2023-07-20,20.97438621520996,37.597694396972656,67.1974105834961,182.74000549316406,187.8096466064453,93.14470672607422,369.90887451171875,434.5505065917969,88.69711303710938,75.51546478271484
2023-07-21,21.08818817138672,37.54182815551758,67.33393096923828,182.17999267578125,187.21278381347656,93.30891418457031,368.79949951171875,434.5505065917969,88.7232894897461,75.86758422851562
2023-07-24,21.4646053314209,38.053932189941406,67.17010498046875,181.39999389648438,187.6748809814453,93.1965560913086,369.3885498046875,436.49176025390625,88.40058135986328,76.49263763427734
2023-07-25,21.543392181396484,38.37050247192383,67.24291229248047,182.41000366210938,187.65562438964844,93.0496597290039,371.8922119140625,437.68341064453125,88.23487854003906,75.94681549072266
2023-07-26,21.438344955444336,38.59396743774414,67.4249496459961,183.3000030517578,189.13821411132812,93.48175811767578,370.65509033203125,437.7507019042969,88.32207489013672,76.29014587402344
2023-07-27,21.385820388793945,38.11910629272461,67.27022552490234,180.4199981689453,186.69287109375,92.34098815917969,369.77154541015625,434.8484191894531,86.60395050048828,74.63512420654297
2023-07-28,21.51712989807129,39.040889739990234,67.75261688232422,181.86000061035156,189.10931396484375,92.94593048095703,376.5068054199219,439.10577392578125,87.04874420166016,74.57350158691406
2023-07-31,21.60466957092285,39.05951690673828,67.77081298828125,182.35000610351562,191.30438232421875,93.20519256591797,376.70306396484375,439.9418029785156,87.25808715820312,75.05767822265625
2023-08-01,21.490867614746094,38.56602478027344,66.92435455322266,180.4600067138672,190.42828369140625,92.27643585205078,375.8292541503906,438.6828918457031,85.82817840576172,74.93443298339844
2023-08-02,21.16697120666504,37.64424514770508,65.67743682861328,179.60000610351562,187.8385467529297,91.71278381347656,367.5820007324219,432.5804443359375,84.90990447998047,74.50306701660156
2023-08-03,21.36831283569336,37.79322052001953,65.49539947509766,179.5399932861328,187.30902099609375,90.88898468017578,366.992919921875,431.3407287597656,82.95091247558594,73.69314575195312
2023-08-04,21.403329849243164,37.74666976928711,65.67743682861328,180.19000244140625,186.93356323242188,91.83418273925781,365.2747497558594,429.38983154296875,84.42013549804688,73.09452056884766
2023-08-07,21.412080764770508,37.69080352783203,66.23262786865234,179.77999877929688,187.05873107910156,91.60871887207031,368.3674621582031,433.1378479003906,83.58934020996094,74.01007080078125
2023-08-08,21.385820388793945,37.23456573486328,65.83216857910156,178.63999938964844,185.88421630859375,91.97291564941406,365.2354736328125,431.2542724609375,84.56010437011719,73.5346908569336
2023-08-09,21.534637451171875,37.327674865722656,65.81394958496094,177.7899932861328,184.43048095703125,92.0596694946289,361.2198791503906,428.3711853027344,84.99738311767578,73.52588653564453
2023-08-10,21.42083740234375,37.383548736572266,66.09611511230469,177.60000610351562,183.61216735839844,91.40927124023438,361.887451171875,428.5249328613281,83.59809875488281,73.24419403076172
2023-08-11,21.385820388793945,36.83419418334961,65.6501235961914,177.60000610351562,183.87208557128906,91.09708404541016,359.5802001953125,428.27508544921875,83.40567779541016,73.3586196899414
2023-08-14,21.280773162841797,36.65727996826172,65.35887145996094,177.05999755859375,183.55438232421875,91.0624008178711,363.6155090332031,430.6391906738281,83.22200775146484,72.87442779541016
2023-08-15,21.02691078186035,36.23828887939453,64.548828125,176.58999633789062,181.12831115722656,90.58544921875,359.7569885253906,425.62274169921875,82.71479034423828,72.05571746826172
2023-08-16,20.93937110900879,35.91240310668945,64.02092742919922,175.57000732421875,178.9140167236328,90.1778793334961,355.9474792480469,422.4994201660156,82.06759643554688,71.16658020019531
2023-08-17,20.99189567565918,35.9962043762207,63.56584548950195,175.3000030517578,176.80560302734375,89.93506622314453,352.0594787597656,419.28009033203125,81.71780395507812,70.59436798095703
2023-08-18,21.14071273803711,35.754119873046875,63.56584548950195,175.3300018310547,177.76837158203125,90.27325439453125,351.61767578125,419.4818420410156,82.00642395019531,70.81443786621094
2023-08-21,21.08818817138672,35.83792495727539,63.802486419677734,175.80999755859375,177.50845336914062,89.73563385009766,357.2828063964844,422.2110595703125,80.9132080078125,70.16297912597656
2023-08-22,21.096940994262695,35.763431549072266,63.684173583984375,176.10000610351562,176.9789276123047,90.0130844116211,356.7722473144531,421.0674743652344,81.53414916992188,70.365478515625
2023-08-23,21.14071273803711,36.33140182495117,64.37590789794922,177.88999938964844,178.86585998535156,91.27920532226562,362.39801025390625,425.75726318359375,83.55435180664062,71.4747085571289
2023-08-24,21.158218383789062,36.19173812866211,63.493045806884766,177.85000610351562,176.39169311523438,90.96699523925781,354.6514892578125,419.856689453125,83.0033950805664,71.20178985595703
2023-08-25,21.36831283569336,36.228981018066406,63.92082214355469,177.6199951171875,177.14260864257812,91.01904296875,357.4005432128906,422.8165588378906,83.27449798583984,71.25460815429688
2023-08-28,21.333297729492188,36.582801818847656,64.5943374633789,178.1300048828125,178.72146606445312,91.30521392822266,360.09075927734375,425.4978332519531,83.36195373535156,71.92366790771484
2023-08-29,21.412080764770508,37.048343658447266,65.39527893066406,179.8699951171875,181.21495056152344,92.03364562988281,367.95513916015625,431.64825439453125,84.22775268554688,72.79522705078125
2023-08-30,21.438344955444336,36.927303314208984,65.35887145996094,180.32000732421875,181.89849853515625,91.90354919433594,370.007080078125,433.4261474609375,84.1402816772461,73.05931091308594
2023-08-31,21.525882720947266,36.471065521240234,65.1040267944336,180.02000427246094,181.58082580566406,92.0596694946289,371.1165466308594,432.7919006347656,84.51637268066406,72.5223159790039
2023-09-01,21.779747009277344,36.899375915527344,65.067626953125,180.11000061035156,183.7373046875,91.40435028076172,370.7238464355469,433.59912109375,83.19971466064453,72.64556121826172
2023-09-05,21.884794235229492,36.601417541503906,64.50332641601562,178.63999938964844,179.8671417236328,90.75164794921875,371.1951599121094,431.72515869140625,82.0330810546875,71.80042266845703
2023-09-06,21.937314987182617,36.396575927734375,64.36680603027344,177.8300018310547,179.19317626953125,90.66459655761719,367.9256286621094,428.8228759765625,82.2348403930664,71.65076446533203
2023-09-07,21.8935489654541,35.9682731628418,64.15746307373047,178.02000427246094,177.4602508544922,91.06492614746094,365.2943420410156,427.5063171386719,82.4629135131836,72.0997314453125
2023-09-08,21.937314987182617,36.042762756347656,64.06644439697266,178.0800018310547,177.06556701660156,91.13455963134766,365.804931640625,428.150146484375,82.77869415283203,71.81803131103516
2023-09-11,22.068626403808594,36.489688873291016,64.73086547851562,178.41000366210938,177.4891815185547,90.9604721069336,370.1151428222656,430.9659729003906,82.18220520019531,71.82683563232422
2023-09-12,22.147409439086914,36.377952575683594,64.4669189453125,177.49000549316406,177.31585693359375,90.93438720703125,366.01116943359375,428.6018981933594,82.65589141845703,71.7916259765625
2023-09-13,22.21744155883789,36.33140182495117,64.26667785644531,177.0800018310547,176.15097045898438,91.13455963134766,367.4052734375,429.1015625,82.63834381103516,71.00811004638672
2023-09-14,22.401277542114258,36.573482513427734,65.11312866210938,177.1699981689453,178.6348419189453,90.9692153930664,370.4096374511719,432.80145263671875,82.04185485839844,72.29342651367188
2023-09-15,22.348752975463867,36.43382263183594,64.9675064086914,178.33999633789062,176.76712036132812,90.82999420166016,364.0671081542969,427.5869445800781,81.54186248779297,72.02049255371094
2023-09-18,22.34000015258789,36.387264251708984,64.73995971679688,179.38999938964844,175.59259033203125,91.00402069091797,364.44671630859375,427.8376770019531,82.00677490234375,71.37786865234375
2023-09-19,22.357505798339844,36.173118591308594,64.79457092285156,179.22000122070312,174.90904235839844,90.69939422607422,363.66986083984375,426.950439453125,81.40151977539062,71.05213165283203
2023-09-20,22.173673629760742,36.02413558959961,64.63984680175781,179.35000610351562,173.1568603515625,90.73423767089844,358.42926025390625,423.02532958984375,81.65589141845703,71.11376190185547
2023-09-21,22.103641510009766,35.40030288696289,63.56584548950195,178.0500030517578,170.4708709716797,89.8204345703125,351.8612060546875,416.03338623046875,79.55944061279297,68.69284057617188
2023-09-22,22.12114906311035,35.81930160522461,63.62046813964844,178.6199951171875,170.08575439453125,90.36870574951172,351.910400390625,415.09796142578125,80.19981384277344,68.17343139648438
2023-09-25,22.016101837158203,35.661014556884766,63.33831024169922,177.6999969482422,170.84632873535156,89.48973083496094,353.5818786621094,416.84344482421875,78.22616577148438,68.11180877685547
2023-09-26,21.98984146118164,35.15822219848633,62.519161224365234,176.27999877929688,168.64967346191406,89.23737335205078,348.27239990234375,410.7195129394531,77.95425415039062,66.87052917480469
2023-09-27,22.112396240234375,35.21408462524414,62.400840759277344,174.10000610351562,170.22630310058594,88.81964111328125,349.0885314941406,410.88348388671875,77.5507583618164,66.42156982421875
2023-09-28,22.086132049560547,35.30718994140625,62.9105339050293,173.22999572753906,171.76426696777344,88.9762954711914,352.00872802734375,413.2655029296875,77.7875747680664,67.05890655517578
2023-09-29,21.84977912902832,35.33512878417969,62.7285041809082,171.4499969482422,170.95175170898438,88.78482818603516,352.2643737792969,412.2626037597656,77.79634857177734,67.25446319580078
2023-10-02,21.683454513549805,35.15822219848633,61.809242248535156,169.64999389648438,168.3692169189453,87.97142791748047,355.2042541503906,412.0986328125,76.4940185546875,66.01888275146484
2023-10-03,21.587160110473633,34.69266891479492,61.03559494018555,169.16000366210938,165.53512573242188,86.95793151855469,348.9704895019531,406.5822448730469,74.84849548339844,64.72997283935547
2023-10-04,20.983139038085938,34.59025192260742,61.144813537597656,169.13999938964844,165.612548828125,87.71804809570312,353.7195129394531,409.5429992675781,75.90447235107422,65.52108764648438
2023-10-05,20.860586166381836,34.720603942871094,61.68181228637695,168.8300018310547,165.73828125,87.61322784423828,352.67724609375,409.3887023925781,75.5261001586914,65.88554382324219
2023-10-06,20.93937110900879,35.2234001159668,62.36443328857422,169.6999969482422,167.33424377441406,87.35111999511719,358.5865478515625,414.24932861328125,74.61092376708984,66.0633316040039
2023-10-09,21.377065658569336,35.0557975769043,62.27341842651367,172.82000732421875,168.30148315429688,88.4344711303711,360.4154052734375,416.9013977050781,76.36201477050781,66.7833251953125
2023-10-10,21.324542999267578,35.558589935302734,63.128971099853516,172.52999877929688,170.2069854736328,88.46941375732422,362.41131591796875,419.07122802734375,76.25645446777344,67.10334014892578
2023-10-11,21.201988220214844,35.78205490112305,63.39292907714844,173.7899932861328,169.91680908203125,89.01112365722656,364.99725341796875,420.78790283203125,77.84913635253906,68.26780700683594
2023-10-12,21.193233489990234,35.38167953491211,62.865028381347656,173.25999450683594,166.0768280029297,88.08501434326172,363.7288513183594,418.22259521484375,75.73726654052734,67.2722396850586
2023-10-13,21.75348472595215,35.2513313293457,62.28251266479492,178.8300018310547,164.69366455078125,88.57426452636719,359.1568298339844,416.13946533203125,77.0923843383789,67.10334014892578
2023-10-16,21.683454513549805,35.51203918457031,62.73759841918945,177.9600067138672,167.3535919189453,87.96270751953125,363.2175598144531,420.51788330078125,75.85166931152344,67.90336608886719
2023-10-17,21.744731903076172,35.41892623901367,62.774009704589844,178.2899932861328,169.22035217285156,87.26374816894531,362.0279235839844,420.4986267089844,75.0157241821289,67.80557250976562
2023-10-18,21.937314987182617,34.87889099121094,61.68181228637695,180.8699951171875,165.73828125,86.5648193359375,357.2788391113281,414.8953552246094,74.35574340820312,66.36555480957031
2023-10-19,22.164918899536133,34.67404556274414,61.135711669921875,183.08999633789062,163.09767150878906,85.86585235595703,353.9358825683594,411.2499694824219,72.83341217041016,64.79219818115234
2023-10-20,21.998594284057617,34.25505447387695,60.58961486816406,183.58999633789062,160.98907470703125,86.20655822753906,348.65582275390625,406.1965026855469,73.24703216552734,64.35662078857422
2023-10-23,21.858531951904297,34.22711944580078,60.635128021240234,182.97000122070312,159.62522888183594,86.87933349609375,349.7080078125,405.492431640625,74.12696838378906,63.72552490234375
2023-10-24,21.622177124023438,34.66473388671875,60.98098373413086,182.9499969482422,161.0181121826172,87.36857604980469,353.10992431640625,408.5495910644531,75.10369873046875,64.54330444335938
2023-10-25,21.779747009277344,34.20850372314453,60.544105529785156,183.72000122070312,158.358154296875,86.57351684570312,344.4673156738281,402.68603515625,73.4317855834961,63.156620025634766
2023-10-26,21.59591293334961,34.04090118408203,60.10723114013672,184.00999450683594,158.76438903808594,87.20259857177734,337.8992614746094,397.8640441894531,74.55815124511719,64.36551666259766
2023-10-27,21.884794235229492,34.012969970703125,59.925193786621094,186.14999389648438,156.89761352539062,87.02783966064453,339.52154541015625,396.0605773925781,74.2413558959961,63.33440017700195
2023-10-30,21.534637451171875,34.366790771484375,60.689727783203125,185.10000610351562,157.76812744140625,86.76575469970703,343.3463439941406,400.79583740234375,73.90699768066406,63.734405517578125
2023-10-31,21.455852508544922,34.17125701904297,60.908172607421875,184.08999633789062,159.13194274902344,86.64342498779297,344.9884033203125,403.3129577636719,73.54619598388672,64.81886291503906
2023-11-01,21.490867614746094,34.487831115722656,61.4815788269043,183.50999450683594,160.04116821289062,87.88336181640625,350.9762878417969,407.6141357421875,75.14083862304688,65.2188491821289
2023-11-02,21.718469619750977,35.09304428100586,62.73759841918945,184.1199951171875,164.30674743652344,88.9268798828125,357.34765625,415.42584228515625,76.85379791259766,67.36112213134766
2023-11-03,21.60466957092285,35.80998611450195,63.40203094482422,184.7899932861328,168.77542114257812,89.36534118652344,361.5461120605469,419.2159729003906,77.37474822998047,68.97005462646484
2023-11-06,21.69220733642578,36.098628997802734,63.083465576171875,183.35000610351562,166.66680908203125,88.89181518554688,363.0209045410156,420.1803283691406,76.62421417236328,67.9744873046875
2023-11-07,21.228248596191406,36.033447265625,62.70119857788086,182.58999633789062,166.0768280029297,89.60209655761719,366.45245361328125,421.3761291503906,77.7544174194336,67.41446685791016
2023-11-08,20.99189567565918,35.79136657714844,62.619285583496094,180.77000427246094,164.30674743652344,90.05809020996094,366.68841552734375,421.6847839355469,79.07888793945312,67.63668823242188
2023-11-09,20.93937110900879,35.456172943115234,62.61018371582031,181.49000549316406,161.7628631591797,89.14613342285156,363.8665771484375,418.39617919921875,77.25996398925781,66.57000732421875
2023-11-10,21.044418334960938,35.70756530761719,62.892330169677734,179.50999450683594,163.57164001464844,89.59332275390625,372.04705810546875,424.9252014160156,77.69261932373047,67.19222259521484
2023-11-13,21.350805282592773,35.69825744628906,63.056156158447266,180.50999450683594,163.62966918945312,89.60209655761719,370.8868408203125,424.5201416015625,77.51602935791016,66.6322250366211
2023-11-14,21.31578826904297,36.64797592163086,64.66715240478516,182.1199951171875,172.61544799804688,91.005126953125,378.8707275390625,432.7561340332031,79.27314758300781,70.33007049560547
2023-11-15,21.17572784423828,36.95523452758789,64.56703186035156,181.63999938964844,172.91529846191406,90.53160858154297,379.1559143066406,433.6723327636719,78.16058349609375,70.53450775146484
2023-11-16,20.667999267578125,36.601417541503906,64.52151489257812,183.69000244140625,170.1199188232422,91.2770004272461,379.4803466796875,434.2027282714844,79.1318588256836,70.38340759277344
2023-11-17,20.965633392333984,36.64797592163086,65.39527893066406,183.6699981689453,172.4509735107422,91.5400390625,379.56884765625,434.7427978515625,79.50271606445312,70.33007049560547
2023-11-20,21.228248596191406,37.104209899902344,65.64102935791016,183.3699951171875,173.45692443847656,91.90837860107422,384.1900329589844,438.08929443359375,79.98834991455078,70.84562683105469
2023-11-21,21.350805282592773,36.871437072753906,65.38618469238281,185.35000610351562,171.2225799560547,91.93467712402344,381.9581604003906,437.134521484375,79.9530258178711,70.34783935546875
2023-11-22,21.16697120666504,36.79695129394531,65.54090118408203,184.55999755859375,172.2962188720703,92.30296325683594,383.5213623046875,438.8221435546875,80.23558807373047,70.69451141357422
2023-11-24,21.02691078186035,36.81557846069336,66.04148864746094,185.52000427246094,173.45692443847656,91.82943725585938,382.98065185546875,439.09222412109375,79.29080963134766,70.89895629882812
2023-11-27,20.8868465423584,36.666595458984375,65.81394958496094,186.77000427246094,172.87660217285156,92.57481384277344,382.64642333984375,438.3014221191406,80.61527252197266,71.15673828125
2023-11-28,21.14071273803711,36.97385787963867,65.83216857910156,189.25999450683594,172.20916748046875,92.94308471679688,383.64923095703125,438.7353820800781,80.7741928100586,71.62786865234375
2023-11-29,21.289527893066406,36.75971221923828,65.96869659423828,189.5399932861328,173.11837768554688,93.6972427368164,383.27569580078125,438.4267883300781,81.78959655761719,72.12565612792969
2023-11-30,20.930618286132812,36.83419418334961,65.91407775878906,188.75,173.77613830566406,93.2061767578125,382.3119812011719,440.153076171875,80.8448257446289,72.65011596679688
2023-12-01,20.83432388305664,36.99247741699219,66.60579681396484,192.00999450683594,178.8542022705078,94.3283920288086,383.4034118652344,442.7569885253906,82.36743927001953,74.43679809570312
2023-12-04,20.69426155090332,36.573482513427734,66.08700561523438,187.86000061035156,180.7693328857422,93.89710998535156,379.84417724609375,440.43280029296875,82.03974151611328,74.9790267944336
2023-12-05,20.51042938232422,36.35002136230469,65.8503646850586,187.14999389648438,178.35121154785156,94.64527130126953,380.7978820800781,440.345947265625,83.80240631103516,74.48124694824219
2023-12-06,20.011457443237305,36.303470611572266,66.05059051513672,187.83999633789062,178.0320281982422,94.99734497070312,378.59539794921875,438.571533203125,84.91846466064453,74.25901794433594
2023-12-07,20.046470642089844,36.480377197265625,66.36914825439453,188.14999389648438,179.31845092773438,95.00614929199219,383.88525390625,441.91796875,84.43128967285156,74.47234344482422
2023-12-08,20.134010314941406,36.322086334228516,66.56938934326172,185.63999938964844,180.68226623535156,94.49562072753906,385.5960693359375,443.8177795410156,83.74039459228516,74.34791564941406
2023-12-11,20.063980102539062,36.5362434387207,66.73323059082031,183.58999633789062,181.0595245361328,94.46922302246094,388.889892578125,445.5440673828125,83.56327056884766,74.55236053466797
2023-12-12,19.757591247558594,36.54554748535156,66.85154724121094,183.49000549316406,180.87571716308594,95.00614929199219,391.9871826171875,447.5790100097656,83.8112564086914,74.50791931152344
2023-12-13,19.985193252563477,36.90868377685547,67.82540893554688,187.6300048828125,186.99844360351562,96.5992431640625,396.97210693359375,453.7511291503906,85.77762603759766,77.36128997802734
2023-12-14,20.317842483520508,37.44872283935547,68.32600402832031,188.72999572753906,192.20223999023438,97.62657165527344,396.6280212402344,455.2073974609375,88.00898742675781,79.59244537353516
2023-12-15,20.352859497070312,37.22525405883789,67.66159057617188,187.0,190.58692932128906,97.48522186279297,398.54522705078125,454.45794677734375,88.10676574707031,78.47241973876953
2023-12-18,20.498884201049805,37.206634521484375,67.82540893554688,187.85000610351562,190.6545867919922,97.07889556884766,401.0556640625,457.0142517089844,87.40473175048828,78.29464721679688
2023-12-19,20.655014038085938,37.5232048034668,68.39881896972656,189.1300048828125,194.34951782226562,97.20257568359375,403.1047668457031,459.7933044433594,87.87570190429688,78.89021301269531
2023-12-20,20.416229248046875,36.84773254394531,67.70855712890625,188.10000610351562,190.54786682128906,97.458740234375,397.11474609375,453.4218444824219,88.47107696533203,77.9301986694336
2023-12-21,20.452964782714844,37.540283203125,68.80524444580078,189.42999267578125,193.7903289794922,97.42340850830078,401.7353515625,457.72113037109375,87.9112319946289,78.62129974365234
2023-12-22,20.416229248046875,37.36002731323242,68.86975860595703,190.27000427246094,195.59600830078125,97.25556182861328,402.3363952636719,458.64105224609375,87.51136016845703,78.92724609375
2023-12-26,20.61827850341797,37.65412521362305,69.1830825805664,191.72000122070312,198.13949584960938,97.458740234375,404.79937744140625,460.57763671875,87.76017761230469,79.51216125488281
2023-12-27,20.526437759399414,37.8723258972168,69.55172729492188,192.58999633789062,198.83848571777344,98.36856842041016,405.62347412109375,461.410400390625,89.31526947021484,79.89910125732422
2023-12-28,20.351940155029297,38.16642761230469,69.36740112304688,191.47000122070312,198.08126831054688,98.11238861083984,405.42633056640625,461.584716796875,88.66655731201172,80.46600341796875
2023-12-29,20.241731643676758,38.14745330810547,69.44113159179688,191.1699981689453,194.84854125976562,97.75025177001953,403.67169189453125,460.2484436035156,87.86681365966797,79.51216125488281
2024-01-02,20.076417922973633,37.701560974121094,68.66700744628906,190.72000122070312,193.69326782226562,97.08775329589844,396.8406677246094,457.6726989746094,87.36029052734375,80.19605255126953
2024-01-03,20.33357048034668,37.49284744262695,68.15091705322266,189.1300048828125,188.5286407470703,96.86691284179688,392.64154052734375,453.9350280761719,87.72463989257812,78.27935028076172
2024-01-04,20.223363876342773,37.36951446533203,68.30757904052734,189.32000732421875,188.1597442626953,96.32807922363281,390.6207580566406,452.4728698730469,86.39169311523438,78.1353759765625
2024-01-05,20.324386596679688,37.41695022583008,68.3536605834961,189.35000610351562,187.6063690185547,95.98357391357422,391.0841064453125,453.0926208496094,85.56529235839844,77.9374008178711
2024-01-08,20.03049659729004,37.52130889892578,69.08171081542969,187.8699951171875,190.9847412109375,96.71676635742188,399.1669921875,459.5609130859375,86.40946960449219,79.05322265625
2024-01-09,20.177440643310547,36.99003601074219,68.46424865722656,187.92999267578125,189.27613830566406,96.88455963134766,399.95556640625,458.86376953125,85.85853576660156,78.52230072021484
2024-01-10,20.03968048095703,36.9046516418457,68.90660858154297,187.5,189.3829345703125,96.7608871459961,402.66632080078125,461.4588317871094,85.45864868164062,78.6123046875
2024-01-11,20.186626434326172,37.05644226074219,68.89739227294922,187.8699951171875,187.8976287841797,97.34391021728516,403.5041198730469,461.2554626464844,85.9384994506836,77.88340759277344
2024-01-12,20.260099411010742,37.18925857543945,69.1830825805664,189.7100067138672,187.5869598388672,97.55589294433594,403.71112060546875,461.5750427246094,85.76964569091797,78.35134887695312
2024-01-16,20.085603713989258,36.28799057006836,68.02188110351562,187.91000366210938,185.2667694091797,96.56658172607422,403.67169189453125,459.8804626464844,84.2590103149414,77.77542114257812
2024-01-17,20.05805015563965,35.74722671508789,67.37678527832031,185.83999633789062,183.9464874267578,96.3634033203125,401.3946838378906,457.32415771484375,84.12572479248047,76.35364532470703
2024-01-18,20.186626434326172,36.041324615478516,67.97581481933594,187.3699951171875,185.03375244140625,96.17790985107422,407.0921325683594,461.39105224609375,83.34373474121094,75.939697265625
2024-01-19,20.149890899658203,36.42080307006836,68.13248443603516,187.92999267578125,186.81031799316406,96.27508544921875,415.1652526855469,467.142822265625,83.61030578613281,76.84857177734375
2024-01-22,20.232547760009766,36.09824752807617,68.34445190429688,187.22000122070312,190.80026245117188,96.54006958007812,415.7073059082031,468.1304931640625,84.10796356201172,77.30748748779297
2024-01-23,20.342756271362305,36.41132354736328,68.15091705322266,187.9499969482422,190.24693298339844,96.18672180175781,417.43231201171875,469.49578857421875,83.44149017333984,76.77656555175781
2024-01-24,20.517253875732422,36.81926345825195,68.66700744628906,186.39999389648438,188.6839599609375,96.00122833251953,419.7487487792969,470.009033203125,82.95272827148438,75.67874145507812
2024-01-25,20.673383712768555,36.866703033447266,68.86053466796875,187.13999938964844,190.24693298339844,96.63723754882812,420.26141357421875,472.5653991699219,83.49479675292969,76.65058135986328
2024-01-26,20.76522445678711,36.89516067504883,69.16465759277344,187.00999450683594,190.25660705566406,96.3634033203125,417.75762939453125,471.96502685546875,83.33485412597656,76.43462371826172
2024-01-29,20.59072494506836,36.91413497924805,69.57014465332031,188.3300018310547,193.58648681640625,96.7608871459961,422.03564453125,475.70263671875,84.2945556640625,76.93853759765625
2024-01-30,20.72848892211914,36.62003707885742,69.47798919677734,188.58999633789062,191.93614196777344,97.07008361816406,419.226318359375,475.334716796875,85.05877685546875,76.21864318847656
2024-01-31,20.50806999206543,36.42080307006836,69.12779998779297,188.4499969482422,187.24717712402344,97.31742095947266,411.0152587890625,467.57855224609375,85.89407348632812,75.4897689819336
2024-02-01,20.260099411010742,36.77183151245117,69.80976104736328,190.41000366210938,189.73239135742188,98.07002258300781,415.855224609375,473.6982727050781,87.5789794921875,76.8575668334961
2024-02-02,20.03049659729004,36.66747283935547,69.25680541992188,188.61000061035156,188.7324981689453,97.1747055053711,422.8833923339844,478.6850891113281,85.64445495605469,75.9036865234375
2024-02-05,20.11315155029297,36.714908599853516,68.88818359375,187.57000732421875,186.3346405029297,96.2439193725586,422.3313903808594,476.942138671875,83.91500854492188,74.3109359741211
2024-02-06,20.186626434326172,37.54977035522461,69.3121109008789,188.5500030517578,188.01409912109375,96.78465270996094,421.4836730957031,478.3268737792969,84.73515319824219,75.30977630615234
2024-02-07,20.278467178344727,37.59720993041992,69.27523803710938,188.5,187.57725524902344,96.50096893310547,425.82080078125,482.3162841796875,84.3250732421875,75.2018051147461
2024-02-08,20.3886775970459,37.38848876953125,69.15544891357422,188.3300018310547,190.4217071533203,96.00456237792969,426.6094055175781,482.5292663574219,83.83477020263672,75.81371307373047
2024-02-09,20.44378089904785,37.54977035522461,69.39505004882812,187.60000610351562,193.51852416992188,95.88042449951172,430.80853271484375,485.31805419921875,83.6653823852539,75.93069458007812
2024-02-12,20.452964782714844,37.84386444091797,69.51486206054688,187.11000061035156,197.03280639648438,95.8893051147461,429.1230163574219,485.1050109863281,83.763427734375,75.94869995117188
2024-02-13,20.33357048034668,37.13233947753906,68.44581604003906,184.52999877929688,188.92666625976562,94.83441925048828,422.42987060546875,478.42364501953125,82.32813262939453,74.38292694091797
2024-02-14,20.140705108642578,37.663612365722656,69.21073150634766,184.4199981689453,193.3146514892578,95.27765655517578,427.0332336425781,482.7713928222656,82.74716186523438,74.96781921386719
2024-02-15,20.186626434326172,37.84386444091797,69.99407958984375,185.66000366210938,198.46957397460938,95.62336730957031,428.3048095703125,486.10235595703125,83.17505645751953,76.71358489990234
2024-02-16,20.232547760009766,38.02412033081055,70.10466766357422,186.33999633789062,195.770751953125,95.27765655517578,424.4211120605469,483.6816101074219,82.69366455078125,75.92168426513672
2024-02-20,20.122337341308594,38.0810432434082,70.3903579711914,187.47000122070312,193.07196044921875,95.5967788696289,421.217529296875,481.0186767578125,82.76498413085938,75.7867202758789
2024-02-21,20.204994201660156,38.14745330810547,70.4456558227539,187.47999572753906,192.15940856933594,95.357421875,419.5319519042969,481.45440673828125,82.17658996582031,76.20964813232422
2024-02-22,20.260099411010742,38.53642272949219,71.23822021484375,187.55999755859375,193.6156005859375,95.50811004638672,431.8139953613281,491.41845703125,82.5777816772461,76.35364532470703
2024-02-23,19.96620750427246,38.51744842529297,71.33036804199219,188.6199951171875,194.05245971679688,95.79178619384766,430.5424499511719,491.75732421875,83.6832046508789,76.31761932373047
2024-02-26,20.149890899658203,38.3466796875,71.22899627685547,188.1999969482422,195.275634765625,95.49040222167969,430.315673828125,489.9562072753906,83.4336166381836,75.48075103759766
2024-02-27,20.306018829345703,38.422576904296875,71.42252349853516,188.0,198.0424346923828,95.357421875,431.3507080078125,490.866455078125,82.84521484375,75.57074737548828
2024-02-28,20.223363876342773,37.91976547241211,71.00782775878906,188.33999633789062,196.4114990234375,95.34856414794922,429.0539855957031,490.2176818847656,83.37120819091797,76.33563232421875
2024-02-29,20.195810317993164,37.93873977661133,71.19213104248047,189.30999755859375,197.78028869628906,95.43721771240234,432.730712890625,491.98004150390625,83.95958709716797,76.9835433959961
2024-03-01,20.29683494567871,38.40360641479492,71.88331604003906,192.88999938964844,199.8772430419922,96.01819610595703,439.2463073730469,496.59881591796875,84.48271179199219,77.9013900756836
2024-03-04,20.36112403869629,38.31821823120117,71.69900512695312,196.00999450683594,199.69277954101562,95.8402328491211,437.67901611328125,496.0662536621094,84.14287567138672,78.63029479980469
2024-03-05,20.204994201660156,37.9766845703125,71.56998443603516,197.19000244140625,197.78028869628906,96.36518096923828,429.8228454589844,491.1085510253906,85.34122467041016,77.67642974853516
2024-03-06,20.37030792236328,38.52693557739258,72.41783905029297,198.80999755859375,199.2559356689453,96.62320709228516,432.523681640625,493.5970764160156,85.84203338623047,78.06336975097656
2024-03-07,20.425413131713867,38.76411819458008,73.27490234375,199.94000244140625,200.9159698486328,96.86344146728516,439.0886535644531,498.4967346191406,85.76155090332031,78.0453872680664
2024-03-08,20.36112403869629,38.726165771484375,73.03529357910156,201.6300048828125,200.78977966308594,96.99687194824219,432.7503662109375,495.5046691894531,85.6095199584961,78.94525909423828
2024-03-11,20.53562355041504,38.81155014038086,72.62059020996094,202.0,199.19769287109375,97.01465606689453,431.1437072753906,495.07861328125,85.56480407714844,78.56727600097656
2024-03-12,20.48051643371582,39.23846435546875,73.20117950439453,199.7899932861328,198.9258575439453,96.70328521728516,437.3241271972656,500.4043884277344,84.84935760498047,78.39633178710938
2024-03-13,20.76522445678711,39.11513137817383,73.21039581298828,201.19000244140625,199.7025146484375,96.60539245605469,433.962890625,499.6199951171875,84.43800354003906,78.00038146972656
2024-03-14,20.829513549804688,38.91590881347656,72.67587280273438,200.35000610351562,196.12994384765625,95.89362335205078,432.8686828613281,498.63238525390625,83.14131164550781,76.83055114746094
2024-03-15,20.902986526489258,38.67873001098633,72.70352172851562,199.7100067138672,196.49887084960938,95.9203109741211,427.7232666015625,495.2084045410156,83.11447143554688,76.65959167480469
2024-03-18,21.095849990844727,38.74513626098633,72.68509674072266,200.02999877929688,195.3727569580078,95.76017761230469,431.80267333984375,498.1515197753906,82.86406707763672,76.69558715820312
2024-03-19,21.086666107177734,38.555397033691406,72.81411743164062,199.8000030517578,196.19790649414062,96.0359878540039,432.8785400390625,500.91986083984375,83.0965805053711,76.66857147216797
2024-03-20,21.03156280517578,38.99180221557617,73.58824157714844,202.17999267578125,200.08106994628906,96.21392059326172,438.0109558105469,505.5529479980469,83.06977081298828,77.17251586914062
2024-03-21,21.004011154174805,39.03923797607422,73.55138397216797,201.97000122070312,202.37994384765625,96.3563003540039,440.083740234375,507.2236022949219,83.24859619140625,77.73042297363281
2024-03-22,20.857065200805664,38.76411819458008,73.39470672607422,200.35000610351562,199.58670043945312,96.68549346923828,440.58709716796875,506.2621154785156,84.04450988769531,76.7520751953125
2024-03-25,21.03156280517578,38.792572021484375,73.238037109375,200.99000549316406,200.0441131591797,96.3563003540039,438.9881591796875,504.8633117675781,83.62421417236328,76.28015899658203
2024-03-26,20.866249084472656,38.76411819458008,73.32099151611328,201.63999938964844,199.6840362548828,96.32958221435547,437.5668029785156,503.930908203125,83.85672760009766,75.97157287597656
2024-03-27,20.847881317138672,38.83052062988281,73.76333618164062,203.10000610351562,204.0345001220703,96.99687194824219,439.0572509765625,508.1658935546875,84.68840789794922,77.93190002441406
2024-03-28,21.095849990844727,38.97282791137695,73.59745788574219,205.72000122070312,204.6768035888672,96.90790557861328,438.24786376953125,508.0687255859375,84.61685180664062,78.48551940917969
2024-04-01,21.196876525878906,39.03923797607422,73.28412628173828,207.82000732421875,202.74978637695312,95.97998809814453,439.1756896972656,507.1846923828125,83.03949737548828,77.16954803466797
2024-04-02,21.389741897583008,39.162567138671875,72.7680435180664,210.88999938964844,199.02220153808594,95.83709716796875,435.3855285644531,503.9600524902344,82.5819320678711,76.198486328125
2024-04-03,21.646896362304688,39.19103240966797,73.17353057861328,212.74000549316406,200.3263702392578,95.89961242675781,436.3626403808594,504.5136413574219,82.56396484375,76.28015899658203
2024-04-04,21.702001571655273,39.04872512817383,72.54686737060547,211.52000427246094,198.3214569091797,96.00679016113281,429.6904296875,498.35552978515625,83.15616607666016,75.7900619506836
2024-04-05,21.812210083007812,39.13410949707031,72.77725219726562,215.13999938964844,198.98326110839844,95.5870361328125,434.75384521484375,503.5617370605469,81.99872589111328,76.18031311035156
2024-04-08,21.80302619934082,39.3902587890625,73.13666534423828,216.47999572753906,200.07333374023438,95.5781021118164,434.88214111328125,503.8434143066406,81.98976135253906,76.99711608886719
2024-04-09,21.68363380432129,39.65589141845703,73.12744903564453,217.6699981689453,200.86167907714844,96.06932067871094,436.4909973144531,504.42633056640625,82.75241088867188,78.02265167236328
2024-04-10,21.793842315673828,39.11513137817383,72.15979766845703,215.61000061035156,195.557373046875,94.70287322998047,432.6810607910156,499.3753967285156,80.94894409179688,74.79175567626953
2024-04-11,21.757104873657227,39.35231018066406,72.35331726074219,219.8000030517578,196.88101196289062,94.50638580322266,439.5902404785156,503.1441345214844,80.58109283447266,75.0458755493164
2024-04-12,21.784656524658203,38.45103454589844,71.18291473388672,216.88999938964844,193.37728881835938,94.72074127197266,432.58233642578125,496.1991271972656,81.01177215576172,74.1564712524414
2024-04-15,21.812210083007812,38.204376220703125,70.97095489501953,220.9499969482422,190.5450897216797,93.67579650878906,425.4659729003906,489.9827880859375,79.75562286376953,72.89495086669922
2024-04-16,21.77547264099121,37.701560974121094,70.27055358886719,221.22000122070312,189.84432983398438,93.36324310302734,425.50543212890625,489.08917236328125,79.22625732421875,71.86942291259766
2024-04-17,21.43566131591797,37.673099517822266,70.31663513183594,219.58999633789062,187.83941650390625,93.87230682373047,420.3136901855469,486.1945495605469,80.10554504394531,71.34303283691406
2024-04-18,21.426477432250977,37.824893951416016,70.12309265136719,220.33999633789062,187.68370056152344,93.68475341796875,417.91522216796875,485.1941223144531,79.7017822265625,71.35211944580078
2024-04-19,21.527503967285156,37.673099517822266,70.15074920654297,221.02999877929688,187.97569274902344,93.78299713134766,409.2689514160156,480.9591064453125,79.98888397216797,71.69697570800781
2024-04-22,21.527503967285156,38.0810432434082,70.97095489501953,215.57000732421875,190.07794189453125,94.01519775390625,413.3847961425781,485.388427734375,79.85429382324219,72.332275390625
2024-04-23,21.61934471130371,38.39411926269531,71.74507904052734,215.0399932861328,193.260498046875,94.17595672607422,419.5536804199219,491.1482849121094,79.88121795654297,72.99478149414062
2024-04-24,21.5917911529541,38.52693557739258,71.60684204101562,214.63999938964844,192.39427185058594,93.80975341796875,420.9750061035156,490.9151916503906,79.31597900390625,73.13093566894531
2024-04-25,21.711183547973633,38.6123161315918,71.27507019042969,215.9199981689453,191.2263641357422,93.53294372558594,418.9417419433594,489.05023193359375,78.75970458984375,72.71345520019531
2024-04-26,21.72955322265625,39.05820846557617,71.84645080566406,216.6199951171875,193.0561065673828,93.8901596069336,425.4067077636719,493.6835021972656,79.17240142822266,72.749755859375
2024-04-29,21.711183547973633,39.43769454956055,72.12293243408203,216.17999267578125,194.6133270263672,94.28314208984375,427.134033203125,495.43182373046875,79.83636474609375,73.49395751953125
2024-04-30,21.43566131591797,38.8874397277832,71.21056365966797,211.8699951171875,190.661865234375,93.7651596069336,419.0799255371094,487.5836181640625,79.15446472167969,72.25060272216797
2024-05-01,21.123403549194336,38.92538833618164,71.05388641357422,213.7899932861328,191.06094360351562,94.1551742553711,416.04974365234375,486.00030517578125,79.73793029785156,72.27782440185547
2024-05-02,21.196876525878906,39.93102264404297,72.01234436035156,213.1300048828125,194.57437133789062,94.73797607421875,421.3598937988281,490.54608154296875,80.08007049560547,73.29427337646484
2024-05-03,21.224430084228516,40.291526794433594,72.73117065429688,212.9600067138672,196.5014190673828,95.40149688720703,429.82855224609375,496.62652587890625,80.89043426513672,73.78437805175781
2024-05-06,21.463214874267578,40.32947540283203,73.22882843017578,215.1999969482422,199.0416717529297,95.67046356201172,434.5367126464844,501.7552185058594,81.2055435180664,73.84788513183594
2024-05-07,21.444847106933594,40.10178756713867,73.42235565185547,214.2100067138672,199.48934936523438,95.71528625488281,434.60577392578125,502.30877685546875,81.70075988769531,74.54671478271484
2024-05-08,21.334636688232422,40.11127471923828,73.33942413330078,213.5800018310547,198.3311767578125,95.47322082519531,434.34912109375,502.35736083984375,81.2055435180664,73.92049407958984
2024-05-09,21.417293548583984,40.23460388183594,73.90158081054688,216.9499969482422,200.35557556152344,95.62562561035156,435.29669189453125,505.25189208984375,81.60171508789062,75.43611907958984
2024-05-10,21.38055992126465,40.31999206542969,74.03981018066406,218.7100067138672,198.84703063964844,95.3207778930664,436.32318115234375,505.9027099609375,81.14253234863281,75.22738647460938
2024-05-13,21.518320083618164,40.62358093261719,74.03981018066406,216.25999450683594,199.26553344726562,95.35665893554688,437.3299560546875,505.9705810546875,81.34959411621094,75.47242736816406
2024-05-14,21.426477432250977,40.84177780151367,74.5927734375,218.08999633789062,201.32882690429688,95.6346206665039,440.1429748535156,508.2921447753906,81.80878448486328,76.05326080322266
2024-05-15,21.499950408935547,41.2781867980957,75.38533020019531,220.88999938964844,203.83985900878906,96.48638916015625,447.02252197265625,514.5863037109375,82.92526245117188,77.10602569580078
2024-05-16,21.5550537109375,41.363563537597656,74.97982788085938,220.02999877929688,202.3701934814453,96.33397674560547,446.1144714355469,513.5275268554688,82.84423828125,77.05157470703125
2024-05-17,21.77547264099121,41.543819427490234,75.23787689208984,223.66000366210938,202.51622009277344,96.10981750488281,445.8973693847656,514.2656860351562,82.28600311279297,77.04249572753906
2024-05-20,21.968339920043945,41.39202880859375,75.29316711425781,224.55999755859375,202.96389770507812,96.06500244140625,449.00640869140625,514.8582153320312,82.04289245605469,76.5887222290039
2024-05-21,21.876497268676758,41.1358757019043,75.1733627319336,224.22999572753906,202.7692413330078,96.22639465332031,449.8848876953125,516.1209716796875,82.466064453125,76.56148529052734
2024-05-22,21.564237594604492,41.00305938720703,74.46375274658203,220.11000061035156,201.05633544921875,96.08294677734375,449.7960510253906,514.6348266601562,82.56512451171875,75.87174987792969
2024-05-23,21.454030990600586,40.6994743347168,74.08589935302734,215.72000122070312,197.7569580078125,95.6614990234375,447.77264404296875,510.87579345703125,82.03388977050781,74.23815155029297
2024-05-24,21.600976943969727,40.813316345214844,74.69414520263672,215.9199981689453,199.94680786132812,95.9215316772461,452.00701904296875,514.256103515625,82.27698516845703,74.29258728027344
2024-05-28,21.986709594726562,40.75639343261719,74.66649627685547,218.19000244140625,199.67430114746094,95.34767150878906,453.7145690917969,514.6153564453125,81.09748840332031,73.8025131225586
2024-05-29,21.757104873657227,40.14922332763672,73.48686218261719,216.16000366210938,196.72531127929688,94.83660125732422,450.5166015625,511.0117492675781,80.11607360839844,73.0855484008789
2024-05-30,21.47239875793457,40.035377502441406,74.10433959960938,216.57000732421875,198.59396362304688,95.41941833496094,445.69000244140625,507.62200927734375,80.89043426513672,74.1564712524414
2024-05-31,21.371374130249023,39.64641189575195,74.81394958496094,215.3000030517578,200.2679901123047,95.8408203125,444.8609313964844,512.245361328125,81.43963623046875,75.5450210571289
